metric,contrast,delta,ci_lo,ci_hi,t,dz,p,p_holm,n_prompts
PC1,Preset+  -  Block+,-2.53214,-2.99688,-2.06741,-11.271,-2.301,1e-05,3e-05,24
PC1,Preset+  -  Rand+,-2.11668,-2.69166,-1.5417,-7.615,-1.554,1e-05,3e-05,24
PC1,Block+   -  Rand+,0.41546,-0.371,1.20192,1.093,0.223,0.28546,0.28546,24
PC1,A (odd)   Preset,-2.26278,-2.58648,-1.93908,-14.461,-2.952,1e-05,,24
PC1,A (odd)   Block,0.59501,0.26304,0.92698,3.708,0.757,0.00102,,24
PC1,A (odd)   Rand,0.10926,-0.29707,0.51559,0.556,0.114,0.58057,,24
PC1,S (even)  Preset,0.19367,-0.11312,0.50046,1.306,0.267,0.20544,,24
PC2,Preset+  -  Block+,0.23491,-0.08318,0.553,1.528,0.312,0.14066,0.14066,24
PC2,Preset+  -  Rand+,-2.61302,-2.97837,-2.24768,-14.795,-3.02,1e-05,3e-05,24
PC2,Block+   -  Rand+,-2.84793,-3.18381,-2.51206,-17.541,-3.58,1e-05,3e-05,24
PC2,A (odd)   Preset,-0.71816,-0.94429,-0.49202,-6.57,-1.341,1e-05,,24
PC2,A (odd)   Block,-1.18295,-1.37237,-0.99354,-12.919,-2.637,1e-05,,24
PC2,A (odd)   Rand,1.24737,1.04597,1.44877,12.812,2.615,1e-05,,24
PC2,S (even)  Preset,-0.29246,-0.52277,-0.06215,-2.627,-0.536,0.01559,,24
PC3,Preset+  -  Block+,0.4294,0.14743,0.71137,3.15,0.643,0.00462,0.00462,24
PC3,Preset+  -  Rand+,-0.7018,-0.97727,-0.42634,-5.27,-1.076,5e-05,0.0001,24
PC3,Block+   -  Rand+,-1.1312,-1.41695,-0.84546,-8.189,-1.672,1e-05,3e-05,24
PC3,A (odd)   Preset,0.36446,0.1895,0.53942,4.309,0.88,0.0003,,24
PC3,A (odd)   Block,-0.00873,-0.22832,0.21086,-0.082,-0.017,0.93336,,24
PC3,A (odd)   Rand,0.62542,0.4102,0.84065,6.011,1.227,1e-05,,24
PC3,S (even)  Preset,-0.12821,-0.39253,0.1361,-1.003,-0.205,0.3387,,24
stroke_width_median_px,Preset+  -  Block+,0.23759,0.07605,0.39912,3.043,0.621,0.00546,0.01638,24
stroke_width_median_px,Preset+  -  Rand+,0.39361,0.10116,0.68605,2.784,0.568,0.0101,0.0202,24
stroke_width_median_px,Block+   -  Rand+,0.15602,-0.07322,0.38527,1.408,0.287,0.17391,0.17391,24
stroke_width_median_px,A (odd)   Preset,0.52267,0.36452,0.68083,6.837,1.396,1e-05,,24
stroke_width_median_px,A (odd)   Block,0.26982,0.12111,0.41853,3.753,0.766,0.00114,,24
stroke_width_median_px,A (odd)   Rand,0.15173,-0.03341,0.33687,1.695,0.346,0.10187,,24
stroke_width_median_px,S (even)  Preset,-0.02109,-0.12545,0.08328,-0.418,-0.085,0.68953,,24
contour_mean_length_px,Preset+  -  Block+,0.92697,0.67062,1.18333,7.48,1.527,1e-05,3e-05,24
contour_mean_length_px,Preset+  -  Rand+,0.86907,0.52026,1.21788,5.154,1.052,5e-05,0.0001,24
contour_mean_length_px,Block+   -  Rand+,-0.0579,-0.40483,0.28902,-0.345,-0.07,0.73365,0.73365,24
contour_mean_length_px,A (odd)   Preset,0.84484,0.71779,0.97188,13.756,2.808,1e-05,,24
contour_mean_length_px,A (odd)   Block,0.12867,0.03065,0.2267,2.716,0.554,0.01372,,24
contour_mean_length_px,A (odd)   Rand,0.05687,-0.11789,0.23164,0.673,0.137,0.50318,,24
contour_mean_length_px,S (even)  Preset,-0.07453,-0.25425,0.1052,-0.858,-0.175,0.40323,,24
contour_n_components,Preset+  -  Block+,-0.51637,-0.64378,-0.38895,-8.383,-1.711,1e-05,3e-05,24
contour_n_components,Preset+  -  Rand+,-1.01472,-1.3745,-0.65494,-5.834,-1.191,1e-05,3e-05,24
contour_n_components,Block+   -  Rand+,-0.49835,-0.82769,-0.16901,-3.13,-0.639,0.00306,0.00306,24
contour_n_components,A (odd)   Preset,-0.69374,-0.85799,-0.5295,-8.738,-1.784,1e-05,,24
contour_n_components,A (odd)   Block,-0.08259,-0.15961,-0.00557,-2.218,-0.453,0.03845,,24
contour_n_components,A (odd)   Rand,0.26976,0.08758,0.45193,3.063,0.625,0.00294,,24
contour_n_components,S (even)  Preset,0.15947,0.08776,0.23118,4.6,0.939,0.00015,,24
crosshatch_entropy_mean,Preset+  -  Block+,-1.69089,-1.90113,-1.48064,-16.637,-3.396,1e-05,3e-05,24
crosshatch_entropy_mean,Preset+  -  Rand+,-0.48456,-0.72759,-0.24153,-4.125,-0.842,0.00041,0.00041,24
crosshatch_entropy_mean,Block+   -  Rand+,1.20632,0.89058,1.52207,7.903,1.613,1e-05,3e-05,24
crosshatch_entropy_mean,A (odd)   Preset,-1.13746,-1.26378,-1.01114,-18.627,-3.802,1e-05,,24
crosshatch_entropy_mean,A (odd)   Block,0.62267,0.49366,0.75169,9.984,2.038,1e-05,,24
crosshatch_entropy_mean,A (odd)   Rand,-0.36733,-0.51751,-0.21714,-5.06,-1.033,0.00017,,24
crosshatch_entropy_mean,S (even)  Preset,0.16194,0.01934,0.30455,2.349,0.48,0.02942,,24
fft_radial_slope,Preset+  -  Block+,-0.31718,-0.50023,-0.13414,-3.585,-0.732,0.00208,0.00208,24
fft_radial_slope,Preset+  -  Rand+,-2.06313,-2.32427,-1.80199,-16.343,-3.336,1e-05,3e-05,24
fft_radial_slope,Block+   -  Rand+,-1.74594,-1.98725,-1.50464,-14.968,-3.055,1e-05,3e-05,24
fft_radial_slope,A (odd)   Preset,-0.53201,-0.66007,-0.40395,-8.594,-1.754,1e-05,,24
fft_radial_slope,A (odd)   Block,-0.49036,-0.63008,-0.35064,-7.26,-1.482,1e-05,,24
fft_radial_slope,A (odd)   Rand,0.9368,0.80195,1.07165,14.371,2.933,1e-05,,24
fft_radial_slope,S (even)  Preset,-0.33759,-0.44257,-0.23261,-6.652,-1.358,1e-05,,24
color_n_effective,Preset+  -  Block+,-0.37578,-0.56052,-0.19104,-4.208,-0.859,0.00043,0.00117,24
color_n_effective,Preset+  -  Rand+,-0.23724,-0.35566,-0.11881,-4.144,-0.846,0.00039,0.00117,24
color_n_effective,Block+   -  Rand+,0.13854,-0.05898,0.33607,1.451,0.296,0.15897,0.15897,24
color_n_effective,A (odd)   Preset,-0.20319,-0.31807,-0.08831,-3.659,-0.747,0.0014,,24
color_n_effective,A (odd)   Block,0.30141,0.17134,0.43149,4.793,0.978,9e-05,,24
color_n_effective,A (odd)   Rand,0.02182,-0.09186,0.13549,0.397,0.081,0.69607,,24
color_n_effective,S (even)  Preset,-0.02965,-0.17872,0.11942,-0.411,-0.084,0.68943,,24
color_top4_cluster_share,Preset+  -  Block+,0.38412,0.20127,0.56696,4.346,0.887,0.00041,0.00123,24
color_top4_cluster_share,Preset+  -  Rand+,0.2345,0.08941,0.37959,3.343,0.682,0.00288,0.00576,24
color_top4_cluster_share,Block+   -  Rand+,-0.14962,-0.36593,0.0667,-1.431,-0.292,0.16491,0.16491,24
color_top4_cluster_share,A (odd)   Preset,0.20611,0.09186,0.32036,3.732,0.762,0.00155,,24
color_top4_cluster_share,A (odd)   Block,-0.31263,-0.45345,-0.17181,-4.593,-0.937,0.00017,,24
color_top4_cluster_share,A (odd)   Rand,-0.03111,-0.1483,0.08608,-0.549,-0.112,0.58561,,24
color_top4_cluster_share,S (even)  Preset,0.02844,-0.12392,0.18081,0.386,0.079,0.70267,,24
PC1,ICC_diff|Preset+,0.4742,,,,,,,24
PC1,ICC_diff|Block+,0.5014,,,,,,,24
PC1,ICC_diff|Rand+,0.628,,,,,,,24
PC2,ICC_diff|Preset+,0.5329,,,,,,,24
PC2,ICC_diff|Block+,0.498,,,,,,,24
PC2,ICC_diff|Rand+,0.3222,,,,,,,24
PC3,ICC_diff|Preset+,0.341,,,,,,,24
PC3,ICC_diff|Block+,0.4959,,,,,,,24
PC3,ICC_diff|Rand+,0.3439,,,,,,,24
stroke_width_median_px,ICC_diff|Preset+,0.1981,,,,,,,24
stroke_width_median_px,ICC_diff|Block+,0.0932,,,,,,,24
stroke_width_median_px,ICC_diff|Rand+,0.2426,,,,,,,24
contour_mean_length_px,ICC_diff|Preset+,0.2741,,,,,,,24
contour_mean_length_px,ICC_diff|Block+,0.3601,,,,,,,24
contour_mean_length_px,ICC_diff|Rand+,0.5182,,,,,,,24
contour_n_components,ICC_diff|Preset+,0.5419,,,,,,,24
contour_n_components,ICC_diff|Block+,0.35,,,,,,,24
contour_n_components,ICC_diff|Rand+,0.6533,,,,,,,24
crosshatch_entropy_mean,ICC_diff|Preset+,0.3445,,,,,,,24
crosshatch_entropy_mean,ICC_diff|Block+,0.4666,,,,,,,24
crosshatch_entropy_mean,ICC_diff|Rand+,0.5984,,,,,,,24
fft_radial_slope,ICC_diff|Preset+,0.3768,,,,,,,24
fft_radial_slope,ICC_diff|Block+,0.5411,,,,,,,24
fft_radial_slope,ICC_diff|Rand+,0.3752,,,,,,,24
color_n_effective,ICC_diff|Preset+,0.4362,,,,,,,24
color_n_effective,ICC_diff|Block+,0.5974,,,,,,,24
color_n_effective,ICC_diff|Rand+,0.5061,,,,,,,24
color_top4_cluster_share,ICC_diff|Preset+,0.4298,,,,,,,24
color_top4_cluster_share,ICC_diff|Block+,0.5511,,,,,,,24
color_top4_cluster_share,ICC_diff|Rand+,0.4247,,,,,,,24
