file,condition,prompt_dir,prompt_sha1,seed,rel_path,width_px,height_px,paper_L,paper_C,paper_hue_deg,paper_frac,paper_hex,ink_L,ink_C,ink_hue_deg,ink_frac,ink_hex,subject_frac,tonal_range,step_regularity,effective_steps,top2_mass_share,chroma_spread,sw1_L,sw1_C,sw1_hue_deg,sw1_share,sw1_hex,sw2_L,sw2_C,sw2_hue_deg,sw2_share,sw2_hex,sw3_L,sw3_C,sw3_hue_deg,sw3_share,sw3_hex,sw4_L,sw4_C,sw4_hue_deg,sw4_share,sw4_hex,sw5_L,sw5_C,sw5_hue_deg,sw5_share,sw5_hex,sw6_L,sw6_C,sw6_hue_deg,sw6_share,sw6_hex,source_csv
I01_baseline_seed4242145_00001_.png,baseline,I01,2adb8ea1cd,4242145,renders/I01_baseline_seed4242145_00001_.png,1024,1280,87.7775,7.6098,240.54,0.1413,#cedfe8,4.749,1.1765,356.34,0.2391,#121010,0.8162,75.9713,11.2204,4,0.5272,43.3474,3.9566,1.0736,356.48,0.2668,#100d0e,32.0484,30.3845,17.12,0.0181,#78373f,59.9509,24.6155,85.04,0.021,#a38e65,74.0422,15.8162,245.97,0.2604,#99bbd0,76.6425,44.4209,86.83,0.0289,#dbb96a,79.9278,20.7515,51.03,0.0578,#e9bda9,palette_features_stage7a_candidates.csv
I01_baseline_seed42_00001_.png,baseline,I01,2adb8ea1cd,42,renders/I01_baseline_seed42_00001_.png,1024,1280,88.1749,6.6384,237.91,0.1895,#d0e0e8,4.7586,1.182,9.5,0.2045,#121010,0.7798,77.5013,14.5357,4,0.5499,44.8327,3.9389,0.9241,351.11,0.2386,#100d0e,16.9021,10.6642,55.12,0.0308,#36261d,60.3326,31.418,80.84,0.0173,#ac8d5b,73.4214,14.5464,241.38,0.3113,#98b9cb,77.3667,45.7568,86.27,0.0308,#dfbb69,81.4402,19.6592,53.5,0.0616,#ebc2ad,palette_features_stage7a_candidates.csv
I01_baseline_seed1337_00001_.png,baseline,I01,2adb8ea1cd,1337,renders/I01_baseline_seed1337_00001_.png,1024,1280,89.8587,5.136,243.23,0.1691,#d9e4eb,5.8648,1.1594,8.83,0.2276,#151213,0.6506,75.4498,19.4062,4,0.3705,42.9323,4.2051,0.9508,6.62,0.2916,#110e0f,57.6089,19.8785,87.11,0.031,#998968,67.8049,22.0238,34.51,0.0379,#cd9990,69.0066,17.693,238.43,0.0568,#84afc3,76.264,43.8831,88.63,0.0443,#d8b96a,79.6548,19.0357,59.01,0.0789,#e3bea8,palette_features_stage7a_candidates.csv
I01_baseline_seed777_00001_.png,baseline,I01,2adb8ea1cd,777,renders/I01_baseline_seed777_00001_.png,1024,1280,88.6795,6.3655,242.56,0.1556,#d3e1e9,5.5869,1.2671,345.74,0.2251,#141213,0.7826,76.5168,20.6993,5,0.3003,42.5057,3.9525,1.0724,332.89,0.244,#0f0d0f,60.3272,20.4542,242.35,0.0484,#6898b1,60.8177,13.7185,82.5,0.0391,#9f917b,66.2257,23.5036,30.9,0.0286,#cb938c,71.8919,43.5781,84.37,0.0356,#d0ab60,80.4693,18.9191,53.07,0.0563,#e7bfac,palette_features_stage7a_candidates.csv
I01_baseline_seed9999_00001_.png,baseline,I01,2adb8ea1cd,9999,renders/I01_baseline_seed9999_00001_.png,1024,1280,91.3381,4.529,236.68,0.102,#dde8ed,6.6336,1.6011,330.7,0.2145,#161416,0.8145,75.4338,15.1496,4,0.5367,40.6121,4.8236,1.6099,320.88,0.2156,#121012,47.7055,24.9807,74.91,0.0147,#896c49,67.1326,23.4055,32.36,0.0244,#ce968e,74.2278,42.222,87.17,0.0363,#d3b368,76.6025,13.1286,248.44,0.3212,#a7c1d3,80.2574,18.8157,56.14,0.0599,#e6bfab,palette_features_stage7a_candidates.csv
I02_baseline_seed4242145_00001_.png,baseline,I02,0aa12a28b0,4242145,renders/I02_baseline_seed4242145_00001_.png,1024,1280,87.8716,6.4662,111.39,0.0368,#ddddd1,2.283,0.3017,43.19,0.2969,#090808,0.9564,72.5048,16.8708,4,0.4307,27.5734,1.4716,0.2487,41.16,0.281,#060505,48.5698,27.8221,60.82,0.0356,#966a4b,57.7546,26.8517,83.5,0.0582,#a0885c,61.3371,20.6363,45.2,0.0182,#b68a7b,73.9496,18.2766,65.14,0.031,#cfb098,73.9764,9.8813,141.32,0.1497,#acbaaa,palette_features_stage7a_candidates.csv
I02_baseline_seed42_00001_.png,baseline,I02,0aa12a28b0,42,renders/I02_baseline_seed42_00001_.png,1024,1280,78.0854,6.359,116.56,0.205,#c0c2b6,1.6939,0.3251,15.17,0.2139,#070606,0.8431,90.1744,9.0251,5,0.3514,25.1815,1.683,0.325,15.69,0.2549,#070606,33.5114,7.4937,308.07,0.085,#524d58,51.9952,25.5065,65.76,0.0647,#9a7555,68.2661,16.1569,71.15,0.0966,#bba28b,71.8207,22.9692,136.23,0.0417,#9cb893,91.8574,3.5764,108.79,0.0239,#e8e8e1,palette_features_stage7a_candidates.csv
I02_baseline_seed1337_00001_.png,baseline,I02,0aa12a28b0,1337,renders/I02_baseline_seed1337_00001_.png,1024,1280,85.1518,5.7551,109.13,0.0619,#d6d5ca,2.6773,0.0886,6.85,0.2835,#0a0a0a,0.901,72.5271,8.8056,5,0.3376,30.2935,1.1465,0.2062,352.1,0.2519,#050404,30.417,5.8565,286.36,0.0857,#464750,33.2922,10.6148,154.55,0.0557,#415247,50.8066,30.4997,61.82,0.0537,#9e6f4c,60.4379,29.3812,82.28,0.0366,#aa8e5e,73.6736,19.1171,64.81,0.0391,#d0af96,palette_features_stage7a_candidates.csv
I02_baseline_seed777_00001_.png,baseline,I02,0aa12a28b0,777,renders/I02_baseline_seed777_00001_.png,1024,1280,78.3515,7.8782,129.01,0.175,#bdc4b6,2.2683,0.2549,51.06,0.2673,#090808,0.825,88.5615,16.6939,5,0.3955,30.1771,1.9494,0.2326,49.53,0.3135,#080707,50.4931,29.5021,54.53,0.0384,#a06c50,63.479,30.4097,82.8,0.0641,#b29664,70.5203,17.1542,67.34,0.082,#c3a790,70.8322,30.1535,138.13,0.0086,#90b888,90.5109,6.5624,110.64,0.0142,#e4e5d8,palette_features_stage7a_candidates.csv
I02_baseline_seed9999_00001_.png,baseline,I02,0aa12a28b0,9999,renders/I02_baseline_seed9999_00001_.png,1024,1280,86.8286,3.9062,103.04,0.0538,#dbdad2,1.5749,0.2519,40.26,0.2644,#060605,0.8894,77.2558,15.0976,5,0.358,24.8989,1.5734,0.2539,40.0,0.2987,#060605,46.8566,24.9672,59.87,0.0323,#8e674b,56.9462,24.6326,77.56,0.0594,#a0845f,63.1422,15.526,43.66,0.0197,#b49186,74.1149,16.2095,75.14,0.0377,#c9b39a,78.8292,25.1528,140.97,0.0076,#a9cda5,palette_features_stage7a_candidates.csv
I03_baseline_seed4242145_00001_.png,baseline,I03,c31d285321,4242145,renders/I03_baseline_seed4242145_00001_.png,1024,1280,84.9867,23.7406,94.21,0.0588,#e2d4a8,2.6372,1.0733,58.99,0.302,#0c0907,0.9478,77.3814,10.2049,5,0.388,56.7013,1.8526,0.7004,58.81,0.2937,#080605,33.1983,27.4671,33.31,0.0238,#763f37,33.2241,12.9076,51.86,0.0943,#60493f,52.9936,25.8931,99.09,0.0572,#877f52,65.5658,57.4017,55.09,0.0107,#e8864b,79.234,6.6798,142.26,0.0463,#bdc7bc,palette_features_stage7a_candidates.csv
I03_baseline_seed42_00001_.png,baseline,I03,c31d285321,42,renders/I03_baseline_seed42_00001_.png,1024,1280,79.5229,23.6835,91.66,0.08,#d5c499,2.819,1.0316,57.64,0.2912,#0d0a08,0.9304,71.066,9.319,5,0.5343,60.3979,1.8134,0.6894,52.35,0.2816,#080605,30.9969,23.5495,32.35,0.0278,#6b3c36,51.7351,29.5491,59.47,0.0606,#a17150,55.8217,19.4548,113.16,0.0414,#848967,64.7777,61.0873,59.56,0.009,#e4853e,72.8794,9.0505,184.6,0.2527,#a0b8b4,palette_features_stage7a_candidates.csv
I03_baseline_seed1337_00001_.png,baseline,I03,c31d285321,1337,renders/I03_baseline_seed1337_00001_.png,1024,1280,82.5495,24.1675,93.17,0.0671,#dccda0,3.0277,1.2743,57.6,0.272,#0e0a08,0.9365,77.4841,15.4899,5,0.3472,64.1812,2.0254,0.9157,55.36,0.2632,#0a0706,46.9901,28.0732,46.91,0.0335,#98624e,55.7285,22.3618,121.4,0.0277,#7e8a64,62.8306,24.0202,89.98,0.0489,#a8976d,63.6626,65.0969,54.53,0.0099,#ea7c3b,79.5095,8.399,162.96,0.084,#b7c9c0,palette_features_stage7a_candidates.csv
I03_baseline_seed777_00001_.png,baseline,I03,c31d285321,777,renders/I03_baseline_seed777_00001_.png,1024,1280,81.8193,9.6514,135.49,0.2395,#c3cfbf,3.2839,1.3113,67.16,0.2903,#0e0b09,0.7619,82.1828,8.9866,5,0.4239,63.5411,2.0801,0.8762,65.34,0.3391,#090706,30.2373,12.735,48.67,0.0848,#594239,32.1489,24.1155,30.7,0.0439,#6f3e39,51.186,27.704,56.65,0.0636,#9f6f53,62.7918,64.4172,54.05,0.013,#e87a3b,84.2628,24.6672,96.07,0.0736,#dfd2a4,palette_features_stage7a_candidates.csv
I03_baseline_seed9999_00001_.png,baseline,I03,c31d285321,9999,renders/I03_baseline_seed9999_00001_.png,1024,1280,94.7164,6.4066,87.87,0.2538,#f6efe4,2.3182,1.2261,63.91,0.2898,#0b0806,0.7495,81.1219,8.4125,5,0.496,61.931,1.7231,0.9033,65.66,0.3607,#080604,31.5886,20.0002,32.76,0.051,#68403a,35.8195,13.9516,60.02,0.1353,#665041,47.6119,26.3835,65.77,0.0312,#8f6949,64.7792,62.8343,56.88,0.0109,#e9823e,82.845,23.3905,91.69,0.0649,#decda3,palette_features_stage7a_candidates.csv
I04_baseline_seed4242145_00001_.png,baseline,I04,bb8edafd35,4242145,renders/I04_baseline_seed4242145_00001_.png,1024,1280,74.5244,2.6152,262.0,0.0403,#b4b8bc,1.5293,0.7115,53.56,0.4169,#070504,0.9715,86.682,17.8168,4,0.4981,70.176,1.5371,0.717,53.26,0.4293,#070504,49.4265,27.2232,116.12,0.0689,#707a4b,55.2838,38.8237,78.48,0.025,#a47e42,58.7886,32.1414,40.81,0.0572,#c07c6a,86.0911,70.893,94.3,0.0057,#f3d747,88.2191,2.971,201.37,0.0075,#d7dfdf,palette_features_stage7a_candidates.csv
I04_baseline_seed42_00001_.png,baseline,I04,bb8edafd35,42,renders/I04_baseline_seed42_00001_.png,1024,1280,77.251,3.4812,268.89,0.0407,#bcbfc5,1.2967,0.6297,46.26,0.4532,#060404,0.9698,93.3567,18.5216,5,0.5542,65.8448,0.915,0.4046,41.36,0.4476,#040303,52.5561,27.4324,113.27,0.067,#7b8252,58.711,44.0043,83.69,0.0132,#ab883e,65.5779,30.2977,49.01,0.1066,#ce9177,92.0662,66.2494,100.75,0.0048,#f7ec65,94.2717,3.2163,96.52,0.008,#f1eee8,palette_features_stage7a_candidates.csv
I04_baseline_seed1337_00001_.png,baseline,I04,bb8edafd35,1337,renders/I04_baseline_seed1337_00001_.png,1024,1280,76.0369,2.1721,252.77,0.0513,#b8bcbf,1.9455,0.8307,56.95,0.4271,#090705,0.9589,87.1166,12.5532,5,0.5636,64.1362,1.502,0.5705,57.87,0.426,#070504,39.9506,20.8992,49.11,0.1376,#7b5545,51.3393,35.9052,68.83,0.0242,#9f7141,53.4772,26.8487,111.9,0.0561,#7e8454,64.8937,35.5283,43.18,0.0266,#d68b73,88.6186,64.7067,96.5,0.006,#f5e05e,palette_features_stage7a_candidates.csv
I04_baseline_seed777_00001_.png,baseline,I04,bb8edafd35,777,renders/I04_baseline_seed777_00001_.png,1024,1280,76.4388,1.2215,203.34,0.0374,#babdbd,1.3942,0.5961,54.27,0.4072,#070504,0.9727,85.9161,14.3203,5,0.5282,71.6455,1.3011,0.5348,54.6,0.4188,#060404,38.4002,22.4759,50.75,0.1094,#79513f,48.2637,25.2591,118.87,0.0601,#6c774d,53.6978,38.7699,80.94,0.0247,#9d7b3d,55.6803,16.1891,79.42,0.055,#95836a,87.2171,72.1804,96.74,0.0049,#f2dc48,palette_features_stage7a_candidates.csv
I04_baseline_seed9999_00001_.png,baseline,I04,bb8edafd35,9999,renders/I04_baseline_seed9999_00001_.png,1024,1280,76.5157,1.9613,251.16,0.051,#babdc0,1.7103,0.7461,53.43,0.4429,#080605,0.966,91.9921,15.9733,4,0.5024,68.0402,1.2504,0.5147,50.29,0.4378,#060404,48.0194,12.5953,77.48,0.0646,#7f705d,62.615,29.5346,45.06,0.0614,#c68973,66.5659,29.0557,94.36,0.0319,#b0a16e,89.8147,68.5549,99.17,0.004,#f4e559,93.2424,2.0439,113.27,0.0117,#ecece8,palette_features_stage7a_candidates.csv
I05_baseline_seed4242145_00001_.png,baseline,I05,5b67e787c8,4242145,renders/I05_baseline_seed4242145_00001_.png,1024,1280,67.314,29.8429,103.49,0.12,#aaa66f,3.9266,1.6261,358.45,0.2773,#110d0e,0.9012,82.0562,15.0405,6,0.3749,42.7049,2.7565,0.9371,4.97,0.2747,#0c090a,48.6031,37.8563,0.73,0.0432,#ae5874,55.4265,20.2643,78.68,0.1002,#988163,60.8582,30.0813,315.08,0.0217,#a787b8,75.3696,43.642,86.4,0.0114,#d8b668,84.8127,2.0915,265.96,0.0129,#d2d4d8,palette_features_stage7a_candidates.csv
I05_baseline_seed42_00001_.png,baseline,I05,5b67e787c8,42,renders/I05_baseline_seed42_00001_.png,1024,1280,72.2505,28.4977,96.68,0.1148,#beb17d,3.9279,1.5737,358.46,0.2339,#110d0e,0.8654,79.0385,20.7374,4,0.4786,47.6423,2.4331,0.8914,15.9,0.2371,#0b0808,59.3961,34.9037,321.96,0.0154,#ae7fb5,61.8632,36.2248,37.77,0.0421,#d08170,64.8608,32.8451,118.56,0.2415,#94a469,74.1127,48.5337,96.4,0.0134,#c8b75b,81.4716,2.7828,265.86,0.0102,#c8cbd0,palette_features_stage7a_candidates.csv
I05_baseline_seed1337_00001_.png,baseline,I05,5b67e787c8,1337,renders/I05_baseline_seed1337_00001_.png,1024,1280,81.1511,24.1166,90.12,0.2509,#dbc89d,3.0834,1.5643,3.49,0.2616,#0f0a0b,0.7545,63.4532,13.1505,4,0.3964,35.7132,2.4608,1.0417,13.57,0.3146,#0c0808,40.1921,31.7492,350.08,0.0496,#8b4a68,48.8299,18.29,24.35,0.0817,#946968,61.3381,36.7548,45.13,0.0379,#cc8167,65.1676,23.9549,75.38,0.0166,#b79975,65.914,21.0116,297.13,0.0102,#a19cc2,palette_features_stage7a_candidates.csv
I05_baseline_seed777_00001_.png,baseline,I05,5b67e787c8,777,renders/I05_baseline_seed777_00001_.png,1024,1280,70.161,34.3095,106.94,0.145,#afaf6f,3.6662,1.6164,355.36,0.246,#100c0d,0.8346,80.7522,13.9917,5,0.3493,38.0713,2.6727,0.8999,10.8,0.2649,#0c0909,44.6772,33.1447,353.6,0.0844,#9a5371,61.5106,19.0132,299.02,0.0173,#9790b2,62.2228,31.2505,29.67,0.0595,#cc837c,70.5875,38.9712,91.86,0.0128,#c2ab65,83.4249,1.4616,147.98,0.0089,#ced1ce,palette_features_stage7a_candidates.csv
I05_baseline_seed9999_00001_.png,baseline,I05,5b67e787c8,9999,renders/I05_baseline_seed9999_00001_.png,1024,1280,74.8183,35.5465,109.94,0.2618,#b8bd7a,3.5374,1.7872,345.61,0.2839,#100c0e,0.7423,83.7369,11.1133,5,0.4027,33.3428,2.3217,0.8844,4.85,0.3369,#0b0808,27.4059,34.2272,319.64,0.0658,#573263,32.9678,16.9795,307.49,0.0654,#544963,62.3377,28.4741,88.4,0.0379,#aa9564,63.8102,33.1808,25.46,0.0305,#d48583,86.0585,3.0863,283.81,0.0165,#d6d7dd,palette_features_stage7a_candidates.csv
I06_baseline_seed4242145_00001_.png,baseline,I06,a324a148e4,4242145,renders/I06_baseline_seed4242145_00001_.png,1024,1280,85.2819,12.8735,236.32,0.1794,#bbdae9,2.9535,0.8204,51.29,0.2305,#0d0a09,0.8207,88.1529,16.2444,5,0.3227,43.466,2.7908,0.7949,51.96,0.2743,#0c0a09,51.8575,28.671,78.25,0.0341,#95774c,64.9225,27.932,116.84,0.0337,#98a370,71.5088,43.749,89.12,0.0484,#c9ac5e,75.6088,24.6814,49.36,0.0373,#e3af99,90.9437,0.283,93.45,0.0325,#e5e5e4,palette_features_stage7a_candidates.csv
I06_baseline_seed42_00001_.png,baseline,I06,a324a148e4,42,renders/I06_baseline_seed42_00001_.png,1024,1280,83.1455,12.5621,240.27,0.2394,#b7d4e3,3.433,0.9744,50.79,0.2236,#0e0c0b,0.8035,89.1415,9.7234,5,0.3757,61.215,3.0331,0.9713,52.09,0.2703,#0d0b09,36.4332,37.6082,280.91,0.025,#315591,40.8344,58.7861,31.96,0.1053,#af3330,61.4501,35.1045,80.13,0.0268,#b28f57,80.6866,62.1864,91.71,0.0122,#e6c64e,92.1746,1.1309,87.71,0.028,#eae8e6,palette_features_stage7a_candidates.csv
I06_baseline_seed1337_00001_.png,baseline,I06,a324a148e4,1337,renders/I06_baseline_seed1337_00001_.png,1024,1280,90.4543,17.3055,91.7,0.2176,#f0e3c3,3.8534,1.0883,36.48,0.2061,#100d0c,0.7921,75.6179,7.2291,6,0.3226,45.0348,3.7536,1.0799,36.06,0.2582,#100d0c,26.5748,31.343,18.68,0.0443,#6a2a31,37.1868,45.8481,26.31,0.0475,#983639,49.9289,19.6153,41.6,0.0644,#966d61,74.0231,46.1146,82.79,0.0501,#dab061,79.3715,1.2046,123.56,0.0484,#c4c5c3,palette_features_stage7a_candidates.csv
I06_baseline_seed777_00001_.png,baseline,I06,a324a148e4,777,renders/I06_baseline_seed777_00001_.png,1024,1280,83.8437,10.9753,240.36,0.2214,#bcd5e3,3.2879,0.8048,34.21,0.2379,#0e0b0b,0.8162,92.1233,12.7042,4,0.3416,53.7293,2.7773,0.7414,34.21,0.2806,#0c0a09,36.7775,37.3888,282.07,0.0465,#355691,40.0523,54.0171,30.26,0.0609,#a83635,44.6149,23.3349,44.05,0.0418,#8c5e4f,74.8783,47.5494,88.3,0.0569,#d6b55f,94.9006,0.2878,294.95,0.0284,#f0f0f1,palette_features_stage7a_candidates.csv
I06_baseline_seed9999_00001_.png,baseline,I06,a324a148e4,9999,renders/I06_baseline_seed9999_00001_.png,1024,1280,99.4171,0.1018,88.12,0.2005,#fdfdfd,3.4846,0.9771,44.85,0.211,#0f0c0b,0.8029,76.3176,9.4602,5,0.3386,50.2331,3.3198,0.9121,45.59,0.2597,#0e0b0b,33.0827,30.3368,280.33,0.0552,#334e7d,38.7025,50.9496,29.32,0.0789,#a13635,53.7762,22.3586,37.46,0.0259,#a6756a,58.5421,26.1141,87.16,0.0536,#9f8b5f,79.6374,0.7165,82.83,0.0518,#c6c5c4,palette_features_stage7a_candidates.csv
I07_baseline_seed4242145_00001_.png,baseline,I07,402376662d,4242145,renders/I07_baseline_seed4242145_00001_.png,1024,1280,71.4822,22.2547,72.47,0.2978,#c9aa89,2.961,0.8332,43.25,0.2459,#0d0a09,0.6853,84.606,17.4669,4,0.4029,19.0853,1.8277,0.5298,50.11,0.3172,#080606,50.9803,19.0115,53.32,0.0857,#957260,63.2505,19.6152,255.47,0.0253,#7a9dba,63.9525,9.75,89.16,0.0605,#a39a8a,66.9054,8.8076,245.71,0.0278,#94a5b1,86.4338,2.5309,107.39,0.0164,#d9d9d4,palette_features_stage7a_candidates.csv
I07_baseline_seed42_00001_.png,baseline,I07,402376662d,42,renders/I07_baseline_seed42_00001_.png,1024,1280,75.7554,18.6855,76.68,0.2971,#d0b79a,2.8288,0.9327,37.3,0.2444,#0d0a09,0.6558,85.0087,11.8807,5,0.4169,24.1301,1.7184,0.5461,36.77,0.3323,#080605,35.7664,15.2051,35.26,0.0775,#6c4d47,48.6246,22.467,50.49,0.0817,#946a57,59.7224,13.3314,259.23,0.0291,#7e92a7,60.212,24.6762,65.96,0.0846,#b08a6a,86.7271,3.5249,94.26,0.0169,#dcd9d2,palette_features_stage7a_candidates.csv
I07_baseline_seed1337_00001_.png,baseline,I07,402376662d,1337,renders/I07_baseline_seed1337_00001_.png,1024,1280,91.2638,10.3877,88.04,0.2778,#efe5d2,2.5291,0.836,41.71,0.2422,#0b0908,0.7314,78.324,13.7016,5,0.3996,21.637,1.8719,0.6287,44.58,0.3102,#090606,43.1447,17.5608,40.26,0.0719,#825d54,61.4558,22.2657,251.92,0.0133,#6d9ab9,66.2952,11.6489,88.2,0.0734,#aaa08c,71.3981,21.3525,76.39,0.0893,#c6ab89,80.1959,1.4486,201.45,0.0122,#c4c8c8,palette_features_stage7a_candidates.csv
I07_baseline_seed777_00001_.png,baseline,I07,402376662d,777,renders/I07_baseline_seed777_00001_.png,1024,1280,93.4855,10.0804,87.85,0.2541,#f5ebd9,2.3212,0.7171,44.27,0.2598,#0a0807,0.753,79.4201,12.6601,5,0.4377,21.5136,1.5984,0.4772,48.82,0.3156,#070605,38.2948,16.8074,34.58,0.0769,#75524b,62.1503,16.2913,251.64,0.0365,#7b9ab1,69.5326,11.8539,89.82,0.063,#b3a994,71.6195,21.9909,72.88,0.1222,#c9aa8a,81.0184,2.4379,232.6,0.0129,#c4cacd,palette_features_stage7a_candidates.csv
I07_baseline_seed9999_00001_.png,baseline,I07,402376662d,9999,renders/I07_baseline_seed9999_00001_.png,1024,1280,93.5654,7.7165,85.21,0.2815,#f4ecde,2.4452,0.798,42.8,0.2699,#0b0808,0.7275,77.2274,11.7852,5,0.4196,21.6219,1.7452,0.6413,43.88,0.349,#080605,31.741,15.9934,38.28,0.041,#63433c,59.9008,13.7117,250.1,0.0315,#7a94a7,65.8164,22.2632,71.45,0.0706,#ba9a7b,66.3527,9.7108,93.59,0.0629,#a8a190,78.9726,3.2976,256.35,0.0182,#bfc4c9,palette_features_stage7a_candidates.csv
I08_baseline_seed4242145_00001_.png,baseline,I08,c00acc77d9,4242145,renders/I08_baseline_seed4242145_00001_.png,1024,1280,84.3224,5.5226,94.22,0.3571,#d6d2c8,4.2643,1.5332,32.3,0.2043,#120e0d,0.6664,83.5575,9.7967,5,0.321,44.6468,2.9649,1.1805,35.11,0.2669,#0e0a09,27.5655,24.7732,17.88,0.0391,#653236,31.5569,10.8456,267.33,0.049,#3f4b5b,45.3839,45.8273,40.18,0.042,#ab513c,76.3875,28.5649,76.18,0.0541,#dbb78a,86.5224,8.0629,207.6,0.0347,#c6dddf,palette_features_stage7a_candidates.csv
I08_baseline_seed42_00001_.png,baseline,I08,c00acc77d9,42,renders/I08_baseline_seed42_00001_.png,1024,1280,86.8429,6.6856,91.32,0.316,#dfd9cd,4.6708,1.3554,8.4,0.1878,#130f10,0.6377,80.6106,10.7423,6,0.3421,51.2331,3.179,1.0141,12.6,0.2543,#0e0b0b,37.5616,23.1867,316.02,0.0879,#675073,44.7539,52.2473,43.4,0.0208,#ae4c30,56.1697,28.5624,82.02,0.0709,#9e8356,61.8878,23.1246,38.2,0.0227,#bd897d,83.7896,9.7943,215.05,0.0445,#bbd6db,palette_features_stage7a_candidates.csv
I08_baseline_seed1337_00001_.png,baseline,I08,c00acc77d9,1337,renders/I08_baseline_seed1337_00001_.png,1024,1280,84.5002,5.0213,98.51,0.3383,#d6d3ca,4.8665,1.4854,26.59,0.2011,#13100f,0.6579,85.0192,12.7024,4,0.3096,56.9908,3.3066,1.0867,25.68,0.2605,#0f0b0b,34.1464,20.028,315.2,0.0289,#5c4967,34.6179,37.9801,27.09,0.0447,#873838,53.9189,58.0776,46.11,0.0146,#cd613a,58.1484,30.1486,82.75,0.0491,#a38857,88.3258,5.1929,214.23,0.0292,#d2e0e3,palette_features_stage7a_candidates.csv
I08_baseline_seed777_00001_.png,baseline,I08,c00acc77d9,777,renders/I08_baseline_seed777_00001_.png,1024,1280,85.3198,5.9799,92.43,0.3723,#dad5ca,4.5492,1.5128,23.23,0.2038,#130f0f,0.6591,84.206,9.4035,6,0.4156,51.9329,3.1441,1.1647,18.37,0.2691,#0e0b0b,31.3845,24.2871,31.0,0.0457,#6d3c37,47.0841,53.0977,41.57,0.0302,#b75036,55.4052,28.1183,77.96,0.0696,#9e8055,60.4968,8.6705,282.43,0.1465,#8e91a1,87.3501,6.4868,218.09,0.0342,#ccdee2,palette_features_stage7a_candidates.csv
I08_baseline_seed9999_00001_.png,baseline,I08,c00acc77d9,9999,renders/I08_baseline_seed9999_00001_.png,1024,1280,85.2998,6.0068,92.02,0.4051,#dad5ca,5.2036,1.9098,37.51,0.1716,#15100f,0.6244,88.7239,5.6175,6,0.2977,50.4948,3.6439,1.6632,36.43,0.2394,#110c0b,29.0889,21.8178,29.67,0.058,#643935,44.19,52.1579,38.35,0.0379,#af4835,53.6278,28.9376,79.86,0.0583,#987c4f,75.9312,27.0343,64.03,0.0489,#e0b28f,92.3679,4.0898,220.71,0.019,#e0ebee,palette_features_stage7a_candidates.csv
I09_baseline_seed4242145_00001_.png,baseline,I09,0a1c94584d,4242145,renders/I09_baseline_seed4242145_00001_.png,1024,1280,75.4214,23.7068,46.95,0.1122,#e2ae9b,2.9355,1.6164,40.26,0.2826,#0f0a08,0.8946,87.3694,14.6119,5,0.4873,45.9846,2.6386,1.2147,40.3,0.2991,#0d0908,12.125,13.021,43.59,0.0518,#2f1b14,52.6264,47.1993,46.65,0.0528,#be6544,52.9264,34.4068,44.86,0.0369,#b16d56,62.0799,22.623,75.03,0.1882,#ae9170,90.008,42.6237,96.68,0.023,#f5e391,palette_features_stage7a_candidates.csv
I09_baseline_seed42_00001_.png,baseline,I09,0a1c94584d,42,renders/I09_baseline_seed42_00001_.png,1024,1280,86.292,15.4306,79.94,0.276,#e9d5bb,1.7944,1.2581,38.59,0.2333,#0a0605,0.7352,88.4953,17.9864,4,0.3516,50.2801,1.7063,1.1271,39.2,0.3134,#090505,51.6468,21.9211,138.01,0.0086,#688262,53.9056,33.6284,49.06,0.0296,#b17156,54.8791,51.4072,48.25,0.0376,#c86942,78.0131,21.2472,44.73,0.0324,#e7b6a6,90.2016,41.2418,96.13,0.0382,#f6e394,palette_features_stage7a_candidates.csv
I09_baseline_seed1337_00001_.png,baseline,I09,0a1c94584d,1337,renders/I09_baseline_seed1337_00001_.png,1024,1280,81.1371,10.8604,103.56,0.0437,#cdcab6,4.318,2.6521,40.28,0.2953,#140e0c,0.9665,84.3645,9.6208,5,0.4505,51.7944,2.9551,1.4664,38.4,0.2622,#0e0a09,31.8373,19.8595,36.77,0.0636,#684139,53.4761,41.041,42.35,0.0544,#bc6a52,63.4255,21.2049,76.02,0.1883,#b09575,85.3575,53.2608,92.01,0.0236,#f1d46e,87.3196,1.7591,184.85,0.0096,#d7dcdb,palette_features_stage7a_candidates.csv
I09_baseline_seed777_00001_.png,baseline,I09,0a1c94584d,777,renders/I09_baseline_seed777_00001_.png,1024,1280,93.0872,16.8022,93.63,0.1895,#f6ebcb,2.3629,1.3675,31.11,0.2787,#0c0807,0.818,85.9702,12.222,5,0.3996,52.26,2.3104,1.3073,30.7,0.3399,#0c0707,15.9287,12.8249,43.2,0.0597,#38221c,52.3487,53.5673,52.27,0.031,#bf6435,52.5198,36.1248,46.47,0.042,#b16c52,76.4723,23.4729,48.47,0.0536,#e4b29d,88.2806,41.8661,93.14,0.0354,#f4dc8d,palette_features_stage7a_candidates.csv
I09_baseline_seed9999_00001_.png,baseline,I09,0a1c94584d,9999,renders/I09_baseline_seed9999_00001_.png,1024,1280,99.2006,0.3306,284.22,0.1995,#fdfdfd,3.445,2.4622,46.13,0.2784,#110b08,0.806,86.4498,22.2557,4,0.4348,47.9595,2.1946,1.4119,46.29,0.3057,#0c0706,61.8355,19.9166,69.42,0.1291,#ae9075,67.4805,29.2689,39.54,0.0339,#d69484,67.9695,49.3715,56.75,0.0703,#e6915c,69.1301,25.0962,104.19,0.0353,#aeab7d,88.6444,45.4415,94.16,0.0156,#f5de87,palette_features_stage7a_candidates.csv
I10_baseline_seed4242145_00001_.png,baseline,I10,90ec9bbe8c,4242145,renders/I10_baseline_seed4242145_00001_.png,1024,1280,80.8097,11.414,93.99,0.0396,#d0c8b3,2.3883,1.2046,67.84,0.3169,#0b0806,0.9765,88.1504,16.1153,5,0.4028,37.5008,2.3062,1.1679,67.65,0.3191,#0b0806,47.8841,17.5678,68.42,0.0687,#866d56,48.2894,34.7648,51.73,0.0257,#a16446,55.5654,31.5185,119.18,0.0838,#7b8b54,65.4789,38.6687,107.2,0.0641,#a1a35b,90.4566,17.2634,105.96,0.0077,#e8e5c4,palette_features_stage7a_candidates.csv
I10_baseline_seed42_00001_.png,baseline,I10,90ec9bbe8c,42,renders/I10_baseline_seed42_00001_.png,1024,1280,56.665,35.5135,116.32,0.1417,#808e4f,2.4407,1.1907,69.82,0.2437,#0b0806,0.8655,84.784,11.5615,6,0.4268,42.1724,2.052,0.9926,67.84,0.2672,#0a0705,40.5092,21.639,132.53,0.1597,#516545,45.5715,33.6108,48.98,0.013,#995d43,54.9126,25.9084,71.19,0.0481,#9f7d59,69.3553,43.165,99.58,0.0321,#b6ab5a,86.836,9.1964,96.36,0.0276,#dfd9c8,palette_features_stage7a_candidates.csv
I10_baseline_seed1337_00001_.png,baseline,I10,90ec9bbe8c,1337,renders/I10_baseline_seed1337_00001_.png,1024,1280,65.7739,40.9719,103.43,0.0597,#a7a357,2.7274,1.4042,74.61,0.2655,#0c0a07,0.9461,82.7275,15.3284,5,0.4227,55.7804,2.3389,1.2069,72.62,0.2682,#0b0806,47.0199,35.3615,51.01,0.0093,#9e6042,52.2672,30.4253,113.75,0.1135,#79814c,55.3398,24.4458,135.02,0.1545,#718c66,76.0498,56.9873,100.15,0.004,#c9be4f,85.0664,9.9997,93.13,0.0215,#dbd4c2,palette_features_stage7a_candidates.csv
I10_baseline_seed777_00001_.png,baseline,I10,90ec9bbe8c,777,renders/I10_baseline_seed777_00001_.png,1024,1280,67.7528,39.5815,106.69,0.0492,#a8a95f,2.6854,1.2473,75.02,0.2598,#0c0907,0.9597,79.4231,16.8505,4,0.3922,47.5909,2.6787,1.2396,75.25,0.2699,#0c0907,47.9274,34.0302,50.07,0.0132,#a06347,53.0662,22.7077,78.27,0.0342,#947b59,53.1689,30.6049,115.84,0.1223,#79844f,77.3533,48.8305,104.62,0.0068,#c5c365,82.1018,12.6385,93.95,0.029,#d4ccb5,palette_features_stage7a_candidates.csv
I10_baseline_seed9999_00001_.png,baseline,I10,90ec9bbe8c,9999,renders/I10_baseline_seed9999_00001_.png,1024,1280,62.8573,34.9038,108.7,0.0804,#999c5c,2.8496,1.3075,75.99,0.2697,#0c0a07,0.9276,83.4733,15.4103,5,0.3521,42.2623,2.0549,0.9795,72.48,0.2619,#090705,44.9247,17.5152,58.51,0.0577,#826452,45.5339,22.2027,119.43,0.0902,#66704b,50.9135,20.5003,95.49,0.0533,#837956,75.7948,43.2418,107.5,0.0073,#bdc06d,85.5283,9.5367,97.69,0.0224,#dbd6c4,palette_features_stage7a_candidates.csv
I11_baseline_seed4242145_00001_.png,baseline,I11,2b36c75165,4242145,renders/I11_baseline_seed4242145_00001_.png,1024,1280,72.8047,57.5542,80.77,0.0753,#deaa47,5.3179,2.2293,29.32,0.2677,#161110,0.9546,79.0033,12.7815,5,0.3668,58.9421,5.122,2.0511,27.84,0.2731,#151010,42.4473,31.2984,267.82,0.0799,#356798,49.4443,60.9932,47.39,0.0937,#c1542a,60.3754,50.1807,69.54,0.051,#c3843d,61.7271,26.8549,28.33,0.0551,#c48580,84.1253,47.662,92.79,0.0137,#ebd177,palette_features_stage7a_candidates.csv
I11_baseline_seed42_00001_.png,baseline,I11,2b36c75165,42,renders/I11_baseline_seed42_00001_.png,1024,1280,74.7308,54.2575,86.24,0.0631,#dbb351,4.8118,2.0964,25.46,0.2984,#140f0f,0.9892,82.2239,15.1344,4,0.3757,60.7862,4.6465,1.8656,23.39,0.2969,#140f0f,46.377,32.6425,263.69,0.0788,#3472a4,48.6145,23.7142,132.37,0.0349,#637a55,58.5288,41.8328,76.16,0.035,#b18545,61.4957,62.6518,61.28,0.0651,#da7d30,86.8704,58.5662,96.8,0.024,#efdb67,palette_features_stage7a_candidates.csv
I11_baseline_seed1337_00001_.png,baseline,I11,2b36c75165,1337,renders/I11_baseline_seed1337_00001_.png,1024,1280,72.2388,53.5615,78.72,0.0719,#dea84f,5.4108,2.2021,24.04,0.266,#161110,0.9673,79.6358,14.5535,4,0.349,55.7148,5.1828,2.0073,21.66,0.2671,#151010,46.3348,29.6688,261.52,0.0818,#3a729f,58.6357,27.7511,33.47,0.0446,#bc7d73,60.8146,57.7221,63.11,0.0371,#d17f36,82.5569,46.9592,90.11,0.0228,#eacb74,84.8186,8.6649,223.27,0.0214,#c1d8df,palette_features_stage7a_candidates.csv
I11_baseline_seed777_00001_.png,baseline,I11,2b36c75165,777,renders/I11_baseline_seed777_00001_.png,1024,1280,72.7382,21.019,42.99,0.1198,#d7a899,5.1417,2.2364,26.46,0.2956,#151010,0.9149,84.5085,13.4243,5,0.3594,56.0308,4.4313,1.3915,14.93,0.2926,#120e0f,46.6132,30.2881,264.35,0.0661,#3e72a1,48.642,57.4223,45.35,0.0667,#bd5330,61.2944,26.4584,28.1,0.0275,#c2847f,73.7468,55.4663,84.02,0.0479,#dcaf4c,88.9398,25.6573,97.03,0.0194,#ece0af,palette_features_stage7a_candidates.csv
I11_baseline_seed9999_00001_.png,baseline,I11,2b36c75165,9999,renders/I11_baseline_seed9999_00001_.png,1024,1280,73.924,55.7836,78.98,0.0797,#e3ac4e,5.0574,2.1345,20.74,0.2982,#151010,0.9686,81.4843,15.0176,4,0.3805,59.4179,4.8603,1.8368,16.42,0.2997,#140f10,44.2171,29.587,265.58,0.0808,#3b6c99,60.4581,26.8303,34.05,0.0596,#c08378,60.6465,61.2547,60.95,0.0616,#d67b31,85.998,48.2037,93.87,0.027,#efd67b,86.3446,9.9697,221.61,0.019,#c2dde4,palette_features_stage7a_candidates.csv
I12_baseline_seed4242145_00001_.png,baseline,I12,8c3325ffd9,4242145,renders/I12_baseline_seed4242145_00001_.png,1024,1280,84.9684,5.0119,235.06,0.048,#cad6dc,3.8331,0.5892,320.95,0.3174,#0e0d0e,0.954,68.357,8.3049,6,0.3499,27.5084,2.3497,0.3917,321.77,0.2861,#090809,31.6546,13.6563,25.13,0.0516,#604342,45.7742,20.4632,35.06,0.036,#8e625a,53.4472,5.79,89.85,0.054,#847f76,64.6685,12.6388,242.13,0.0638,#86a1b0,70.7067,27.9,45.27,0.03,#db9f8a,palette_features_stage7a_candidates.csv
I12_baseline_seed42_00001_.png,baseline,I12,8c3325ffd9,42,renders/I12_baseline_seed42_00001_.png,1024,1280,87.5321,3.5812,235.21,0.0435,#d4dde1,3.4288,0.9518,319.81,0.3092,#0d0c0e,0.9559,72.3359,11.0624,4,0.3483,24.0594,2.3649,0.8557,326.74,0.294,#0a080a,34.3103,12.7708,27.43,0.0543,#654a48,56.0617,22.9866,28.1,0.0183,#ae7975,58.9452,9.1204,94.19,0.0338,#938e7e,70.8426,20.2741,241.82,0.0265,#84b4cd,74.7008,24.9151,49.18,0.0143,#e1ac96,palette_features_stage7a_candidates.csv
I12_baseline_seed1337_00001_.png,baseline,I12,8c3325ffd9,1337,renders/I12_baseline_seed1337_00001_.png,1024,1280,84.6915,5.2913,238.98,0.0624,#cad5dc,3.6743,0.8052,311.34,0.2793,#0e0d0e,0.95,94.0904,5.7861,6,0.3893,27.8289,2.8043,0.6493,318.1,0.2681,#0b0a0b,31.3711,10.0769,13.11,0.0656,#5a4447,43.4856,16.2766,254.05,0.1211,#4d6a80,60.4863,25.4751,33.82,0.0446,#be837a,75.2725,28.3342,53.85,0.0328,#e5ad90,96.8947,0.5053,149.2,0.0057,#f5f6f6,palette_features_stage7a_candidates.csv
I12_baseline_seed777_00001_.png,baseline,I12,8c3325ffd9,777,renders/I12_baseline_seed777_00001_.png,1024,1280,83.3599,5.6544,234.15,0.0459,#c5d2d8,3.4401,0.57,337.68,0.2592,#0d0c0d,0.9654,93.1028,9.0672,5,0.3709,25.548,2.6178,0.4713,343.0,0.2498,#0b090a,32.6064,13.9117,26.7,0.0783,#634543,55.7616,12.413,242.19,0.1211,#6f8998,58.2631,24.663,32.51,0.0367,#b67e76,76.148,26.0193,54.48,0.0247,#e4b196,95.7206,0.8629,120.49,0.0064,#f2f3f1,palette_features_stage7a_candidates.csv
I12_baseline_seed9999_00001_.png,baseline,I12,8c3325ffd9,9999,renders/I12_baseline_seed9999_00001_.png,1024,1280,83.5108,6.6389,242.32,0.0525,#c4d2db,3.7806,0.7535,336.58,0.2911,#0f0d0e,0.9586,92.6559,10.4519,5,0.3601,25.5503,3.2282,0.6922,343.21,0.2878,#0d0b0c,26.8115,13.206,22.97,0.0499,#543838,60.3571,24.7735,34.37,0.0246,#bc847a,63.7182,13.0834,248.3,0.0722,#849eb0,74.6469,26.0093,53.27,0.0221,#e1ac92,95.884,0.459,177.72,0.0072,#f2f3f3,palette_features_stage7a_candidates.csv
I13_baseline_seed4242145_00001_.png,baseline,I13,fb96d83893,4242145,renders/I13_baseline_seed4242145_00001_.png,1024,1280,85.1037,18.6112,87.2,0.0707,#e4d3b2,3.1197,1.5177,38.8,0.3506,#0f0a09,0.9239,75.5745,12.0585,5,0.4301,57.2723,2.1232,0.8726,40.2,0.3371,#0a0706,40.6558,40.5825,31.58,0.04,#9a463f,45.6121,58.145,33.96,0.0192,#bc4338,57.4526,28.4758,49.53,0.0431,#b47d65,70.3027,21.8315,76.01,0.093,#c4a786,77.6977,35.2029,82.0,0.0514,#dfbb7f,palette_features_stage7a_candidates.csv
I13_baseline_seed42_00001_.png,baseline,I13,fb96d83893,42,renders/I13_baseline_seed42_00001_.png,1024,1280,77.8688,31.6596,79.86,0.1617,#dfbb87,3.4524,1.6171,30.33,0.3165,#100b0b,0.8487,81.494,12.4957,6,0.4278,56.8812,1.9101,0.9016,31.15,0.32,#0a0606,42.6467,57.7829,32.53,0.0214,#b33a34,55.4,30.9598,43.22,0.0709,#b47561,68.5914,41.7216,75.15,0.0216,#cf9f5e,74.7471,20.2553,245.55,0.1078,#91bed9,83.4041,10.7884,81.95,0.0377,#dbcebc,palette_features_stage7a_candidates.csv
I13_baseline_seed1337_00001_.png,baseline,I13,fb96d83893,1337,renders/I13_baseline_seed1337_00001_.png,1024,1280,83.2051,20.2759,85.14,0.1098,#e1cdaa,2.8405,1.2531,35.09,0.3232,#0e0909,0.8971,88.8519,10.8225,5,0.4555,52.9009,1.9913,0.8232,37.8,0.3298,#0a0706,32.7061,16.6805,27.81,0.0606,#674441,44.275,31.7335,29.21,0.0494,#9a5650,45.6617,53.724,34.82,0.0307,#b7483b,73.941,35.5699,78.38,0.1256,#d7af76,90.8432,8.0301,91.67,0.0195,#ebe4d5,palette_features_stage7a_candidates.csv
I13_baseline_seed777_00001_.png,baseline,I13,fb96d83893,777,renders/I13_baseline_seed777_00001_.png,1024,1280,84.0405,13.7742,86.87,0.0521,#ded0b8,2.7076,1.156,37.6,0.3444,#0d0908,0.9455,76.5704,10.0958,5,0.4534,56.5151,2.0021,0.8372,40.94,0.3429,#0a0706,33.8363,19.5025,27.84,0.0487,#6e4542,43.2873,57.3523,33.76,0.0216,#b43d34,45.6433,35.793,34.41,0.0308,#a2574c,66.094,29.0788,56.42,0.0491,#ca9576,78.5724,27.6672,81.57,0.1106,#dcbe90,palette_features_stage7a_candidates.csv
I13_baseline_seed9999_00001_.png,baseline,I13,fb96d83893,9999,renders/I13_baseline_seed9999_00001_.png,1024,1280,83.0088,18.9371,86.79,0.0951,#dfcdab,3.1743,1.5241,38.64,0.3269,#0f0b09,0.8778,73.9967,11.312,5,0.4066,47.1448,2.2431,1.023,39.97,0.3408,#0b0807,33.2786,21.3331,27.48,0.0515,#6f4240,41.598,48.1678,31.71,0.033,#a6413b,67.3314,20.5976,73.22,0.0657,#bc9f81,72.3373,34.443,78.53,0.0648,#d2ab74,76.2399,7.5576,88.05,0.0163,#c3bbae,palette_features_stage7a_candidates.csv
I14_baseline_seed4242145_00001_.png,baseline,I14,c478c2b3f1,4242145,renders/I14_baseline_seed4242145_00001_.png,1024,1280,81.5514,21.3378,87.04,0.0755,#dcc9a3,3.0706,1.6526,58.33,0.3143,#0e0a08,0.9295,71.8303,8.6779,5,0.3648,37.907,2.288,1.2414,55.16,0.2972,#0b0806,30.893,23.9652,39.89,0.0625,#6a3d32,44.3066,16.8885,116.56,0.0676,#666c4f,45.8588,39.1483,51.29,0.0194,#9f5b3a,57.9191,22.3081,80.0,0.0546,#9f8865,74.1183,33.0955,68.35,0.0149,#dead7e,palette_features_stage7a_candidates.csv
I14_baseline_seed42_00001_.png,baseline,I14,c478c2b3f1,42,renders/I14_baseline_seed42_00001_.png,1024,1280,80.041,20.5097,104.79,0.0551,#cbc8a1,2.7796,1.6476,64.05,0.3332,#0d0907,0.9321,75.1255,10.6258,5,0.4047,57.5205,2.528,1.4909,65.56,0.3473,#0c0906,36.5934,36.6239,45.85,0.0122,#85442d,47.7656,21.0129,112.57,0.0445,#707450,62.1496,24.1578,38.34,0.0574,#bf897d,63.5394,59.0114,70.3,0.0069,#d28a33,77.6535,26.8282,66.82,0.0429,#e3b893,palette_features_stage7a_candidates.csv
I14_baseline_seed1337_00001_.png,baseline,I14,c478c2b3f1,1337,renders/I14_baseline_seed1337_00001_.png,1024,1280,75.0603,28.384,68.66,0.0477,#dcb189,3.4206,2.122,62.66,0.2946,#100b08,0.9566,77.3644,7.7845,6,0.3788,42.091,2.883,1.7439,64.29,0.2775,#0e0a07,28.8241,23.6689,38.98,0.0373,#64382e,35.5074,13.4056,39.57,0.1013,#684d46,49.7659,43.8349,56.42,0.0083,#ab6539,57.4379,24.034,80.61,0.0557,#9f8661,80.2474,19.1591,107.88,0.0854,#cac9a5,palette_features_stage7a_candidates.csv
I14_baseline_seed777_00001_.png,baseline,I14,c478c2b3f1,777,renders/I14_baseline_seed777_00001_.png,1024,1280,80.5388,22.2985,80.55,0.083,#dec49f,2.4144,1.3756,56.9,0.3354,#0c0806,0.9126,70.2265,10.9188,5,0.4756,49.9999,1.9928,1.0537,58.78,0.3422,#0a0705,36.2869,13.5566,45.78,0.0971,#6a5046,52.3029,51.0535,55.15,0.0102,#ba6735,59.5769,22.8544,74.87,0.0552,#a78b69,62.9803,26.1371,42.41,0.0535,#c38b7a,72.2193,12.3776,124.86,0.1334,#acb49e,palette_features_stage7a_candidates.csv
I14_baseline_seed9999_00001_.png,baseline,I14,c478c2b3f1,9999,renders/I14_baseline_seed9999_00001_.png,1024,1280,80.871,18.49,87.69,0.0744,#d8c7a6,2.4762,1.4318,55.41,0.3182,#0c0806,0.9215,68.1054,11.2317,5,0.4369,47.9623,2.0502,1.1645,55.33,0.3191,#0a0705,36.9701,11.6524,45.9,0.0891,#69524a,47.2419,49.1268,52.23,0.0089,#ac5a2f,60.6393,22.4025,81.76,0.0557,#a68f6b,63.3065,23.2583,47.48,0.0642,#bf8e7c,70.1556,9.3306,139.14,0.1178,#a3afa0,palette_features_stage7a_candidates.csv
I15_baseline_seed4242145_00001_.png,baseline,I15,ef69aba3ba,4242145,renders/I15_baseline_seed4242145_00001_.png,1024,1280,99.083,0.3757,278.26,0.2209,#fcfcfd,3.4568,1.9264,52.32,0.2706,#100b09,0.7866,86.7262,11.2912,5,0.3953,36.6765,2.1706,1.1638,49.6,0.3029,#0b0706,34.5916,30.3962,25.02,0.0475,#7e3e3e,34.7973,13.1029,64.07,0.0527,#624e3f,45.1728,24.6267,80.11,0.0918,#7f6742,63.3586,37.3509,86.03,0.0924,#b39656,88.8968,37.8403,97.07,0.0455,#f0e097,palette_features_stage7a_candidates.csv
I15_baseline_seed42_00001_.png,baseline,I15,ef69aba3ba,42,renders/I15_baseline_seed42_00001_.png,1024,1280,81.9613,17.2817,241.21,0.1901,#a9d2e8,4.8139,2.2839,50.39,0.2602,#140f0d,0.8214,86.3193,9.5029,6,0.4762,41.2333,3.4313,1.5145,44.27,0.2756,#100b0a,34.906,31.144,25.43,0.029,#803f3e,42.4704,15.2612,142.17,0.0272,#556a55,64.3807,13.4722,66.56,0.2007,#ae9886,70.2841,42.7478,88.1,0.0705,#c7a95d,89.7506,31.0589,97.97,0.0355,#efe2a7,palette_features_stage7a_candidates.csv
I15_baseline_seed1337_00001_.png,baseline,I15,ef69aba3ba,1337,renders/I15_baseline_seed1337_00001_.png,1024,1280,94.1401,17.0242,97.63,0.2336,#f7eece,3.8669,1.9744,55.9,0.2726,#110d0a,0.7731,86.5521,11.1719,5,0.4241,36.9331,2.5102,1.1585,51.75,0.3071,#0c0907,33.6682,15.3528,46.46,0.1084,#65493e,34.8129,38.0916,28.37,0.0155,#883937,47.8451,28.1185,72.79,0.0871,#8d6b44,60.3631,37.8555,84.33,0.1169,#ac8d4e,89.0623,37.9587,97.19,0.0457,#f0e097,palette_features_stage7a_candidates.csv
I15_baseline_seed777_00001_.png,baseline,I15,ef69aba3ba,777,renders/I15_baseline_seed777_00001_.png,1024,1280,99.047,0.2399,267.33,0.2094,#fcfcfd,2.3624,1.2147,53.24,0.2547,#0c0806,0.8006,86.0677,10.4787,5,0.404,36.7763,2.2066,1.1132,53.09,0.3105,#0b0706,33.1381,14.3171,46.6,0.0935,#63483e,35.689,34.9985,28.84,0.0154,#863e3b,44.5257,20.9597,79.46,0.043,#7b6647,62.3865,35.7347,88.11,0.0481,#ad9457,88.2743,37.8895,96.07,0.044,#efde95,palette_features_stage7a_candidates.csv
I15_baseline_seed9999_00001_.png,baseline,I15,ef69aba3ba,9999,renders/I15_baseline_seed9999_00001_.png,1024,1280,99.3468,0.2936,276.3,0.3117,#fdfdfe,3.6236,1.9418,53.6,0.25,#110c09,0.6974,86.3148,12.55,4,0.4404,41.2907,2.6201,1.2775,52.18,0.322,#0d0907,32.5703,12.9648,39.38,0.1184,#604740,34.6801,34.7932,25.34,0.0168,#843b3b,37.6686,21.055,75.58,0.037,#6c5538,58.1516,36.6274,83.54,0.1078,#a6884b,88.9349,42.5681,97.83,0.0591,#f0e08e,palette_features_stage7a_candidates.csv
I16_baseline_seed4242145_00001_.png,baseline,I16,5421ab290b,4242145,renders/I16_baseline_seed4242145_00001_.png,1024,1280,85.1683,15.9482,235.4,0.1345,#b3dbed,2.9747,1.3001,37.72,0.2722,#0e0a09,0.8804,97.2121,16.6413,4,0.5359,59.6696,1.8417,0.8408,14.45,0.2821,#090606,49.1698,21.8904,154.75,0.0262,#557e64,72.2978,43.3349,121.11,0.2538,#a0bb6c,73.7952,60.0077,74.26,0.0154,#eca848,76.9742,29.5749,42.49,0.0768,#f1ae9a,99.0538,0.3381,183.34,0.0069,#fcfcfc,palette_features_stage7a_candidates.csv
I16_baseline_seed42_00001_.png,baseline,I16,5421ab290b,42,renders/I16_baseline_seed42_00001_.png,1024,1280,89.1438,13.0554,95.78,0.0432,#e8e0c7,3.0168,1.6971,60.6,0.2493,#0e0a07,0.9721,96.9514,22.0525,5,0.3724,49.683,1.9249,1.1075,58.14,0.2366,#0a0605,64.9436,39.994,116.23,0.1224,#94a55c,67.3406,49.9386,75.27,0.0167,#d19a4b,77.081,29.5281,46.72,0.071,#f0b098,86.9804,16.6676,235.64,0.1358,#b6e0f3,98.8763,0.2556,239.06,0.0116,#fbfcfc,palette_features_stage7a_candidates.csv
I16_baseline_seed1337_00001_.png,baseline,I16,5421ab290b,1337,renders/I16_baseline_seed1337_00001_.png,1024,1280,87.049,12.1472,237.31,0.1797,#c2dfed,2.2713,0.8853,45.36,0.2442,#0b0807,0.8498,95.2073,22.9361,4,0.4252,43.1264,2.1701,0.8026,43.17,0.2819,#0a0707,64.6724,43.3826,76.66,0.0203,#c49551,68.0221,39.987,119.04,0.1434,#99ae65,73.0588,29.974,47.98,0.0499,#e4a58c,75.1091,27.9685,119.73,0.1354,#b0bf8c,97.3773,0.2561,130.79,0.0154,#f7f8f7,palette_features_stage7a_candidates.csv
I16_baseline_seed777_00001_.png,baseline,I16,5421ab290b,777,renders/I16_baseline_seed777_00001_.png,1024,1280,86.8825,13.6813,238.33,0.1399,#bedfef,3.9409,1.4952,62.7,0.2483,#100d0b,0.8743,94.791,19.1773,5,0.3907,42.0729,2.4019,0.8095,53.91,0.2519,#0b0807,57.3762,19.379,142.91,0.0376,#759175,61.7596,42.8824,75.04,0.0218,#bc8c4b,67.9771,40.1173,118.76,0.1387,#99ae65,74.5512,27.5192,45.18,0.0816,#e6aa95,97.1929,1.1275,113.32,0.0165,#f7f7f5,palette_features_stage7a_candidates.csv
I16_baseline_seed9999_00001_.png,baseline,I16,5421ab290b,9999,renders/I16_baseline_seed9999_00001_.png,1024,1280,87.3406,13.5744,236.48,0.2133,#bfe0f0,3.3445,1.6633,48.17,0.2604,#100b09,0.8153,96.447,18.9918,4,0.3834,58.3906,1.9137,0.9472,38.26,0.287,#0a0606,56.1053,25.5739,140.82,0.039,#6d8f6a,70.6087,46.8957,121.4,0.0964,#99b762,73.213,58.89,75.23,0.0207,#e8a748,75.9434,30.7799,43.9,0.0729,#efab95,98.3607,0.4993,136.59,0.0112,#fafafa,palette_features_stage7a_candidates.csv
I17_baseline_seed4242145_00001_.png,baseline,I17,0dee1ceb78,4242145,renders/I17_baseline_seed4242145_00001_.png,1024,1280,69.7657,4.7908,258.8,0.1239,#a4abb3,2.0334,0.7721,12.51,0.2913,#0a0707,0.8615,69.309,12.3151,5,0.3928,58.2673,1.5288,0.5285,16.44,0.3193,#070505,38.9524,27.735,40.65,0.0736,#834e3f,48.5123,19.4275,12.43,0.0388,#94676d,51.9864,58.7958,311.03,0.0213,#9666c9,57.089,39.4361,50.19,0.0163,#c07755,70.8377,12.5745,34.74,0.0388,#c5a7a1,palette_features_stage7a_candidates.csv
I17_baseline_seed42_00001_.png,baseline,I17,0dee1ceb78,42,renders/I17_baseline_seed42_00001_.png,1024,1280,71.4292,3.9335,235.13,0.1706,#a8b0b5,3.0709,1.1287,11.95,0.2648,#0e0a0b,0.8175,88.5962,17.5172,4,0.3223,51.1883,1.8565,0.6998,12.74,0.2893,#090606,50.601,19.602,8.36,0.0311,#9a6c74,51.7544,42.6983,48.35,0.0275,#b56746,53.4393,51.888,308.75,0.0212,#936ec6,67.5342,20.3368,48.81,0.033,#c69b8a,90.4528,1.8671,109.84,0.0125,#e4e4e0,palette_features_stage7a_candidates.csv
I17_baseline_seed1337_00001_.png,baseline,I17,0dee1ceb78,1337,renders/I17_baseline_seed1337_00001_.png,1024,1280,70.2826,3.2887,216.77,0.2949,#a5adaf,2.3419,0.9492,17.84,0.2791,#0b0808,0.7087,68.331,15.8006,4,0.4198,58.4379,1.5534,0.5815,18.97,0.3651,#070505,45.8937,31.4385,308.56,0.0131,#796396,49.58,22.069,16.86,0.0469,#9c686c,50.9524,59.0194,307.54,0.0262,#8b66ca,57.1497,42.0187,48.42,0.0195,#c47554,69.8844,18.4506,51.24,0.0546,#c9a391,palette_features_stage7a_candidates.csv
I17_baseline_seed777_00001_.png,baseline,I17,0dee1ceb78,777,renders/I17_baseline_seed777_00001_.png,1024,1280,73.5577,5.3993,260.4,0.1157,#aeb6be,2.1747,0.9107,17.66,0.2797,#0a0707,0.8354,70.0957,13.3563,4,0.3729,56.9344,1.4592,0.5544,21.56,0.3152,#070505,39.3442,29.8636,41.57,0.0577,#874e3e,51.1443,20.2106,19.69,0.044,#9d6e6f,52.2325,57.4888,310.34,0.0329,#9468c8,54.4015,40.3558,49.13,0.0219,#ba6f4f,71.5549,15.8673,43.44,0.0422,#cca79c,palette_features_stage7a_candidates.csv
I17_baseline_seed9999_00001_.png,baseline,I17,0dee1ceb78,9999,renders/I17_baseline_seed9999_00001_.png,1024,1280,67.3305,5.5234,273.73,0.2998,#a0a4ae,2.5906,0.9864,11.54,0.2632,#0c0909,0.7011,65.518,12.4372,4,0.4179,61.7564,1.6582,0.5712,10.98,0.3386,#080606,35.4528,26.53,36.52,0.0793,#7a453b,48.286,16.8878,2.57,0.0488,#8f6872,48.8752,39.1821,47.57,0.0329,#a96144,49.1556,62.3276,308.93,0.0264,#8a5fc8,67.1762,17.8131,46.42,0.0411,#c29b8d,palette_features_stage7a_candidates.csv
I18_baseline_seed4242145_00001_.png,baseline,I18,3d8a617173,4242145,renders/I18_baseline_seed4242145_00001_.png,1024,1280,86.9985,15.1738,88.27,0.137,#e7d9bd,4.6737,2.3466,47.46,0.1422,#140f0d,0.8152,93.4285,5.7279,6,0.2489,50.479,3.3676,1.4803,37.47,0.1501,#0f0b0a,33.153,23.629,70.17,0.0413,#64492b,51.5023,33.8152,76.91,0.0988,#987542,65.6159,44.4443,81.55,0.0692,#c2994f,81.7796,51.9593,90.6,0.0453,#e8c968,96.7961,7.0868,96.42,0.0128,#faf6e8,palette_features_stage7a_candidates.csv
I18_baseline_seed42_00001_.png,baseline,I18,3d8a617173,42,renders/I18_baseline_seed42_00001_.png,1024,1280,83.8067,12.0829,85.05,0.149,#dccfba,4.5653,1.6531,41.67,0.1322,#130f0e,0.8529,91.4079,14.3269,6,0.3523,50.5506,4.176,1.425,39.09,0.1493,#110e0d,48.0976,30.5079,73.69,0.064,#8f6c41,55.2225,15.3724,263.58,0.203,#71869e,79.4042,51.9756,90.01,0.0332,#e2c262,88.4588,34.7902,95.67,0.0341,#efde9c,95.5839,12.7162,99.43,0.0225,#f9f3da,palette_features_stage7a_candidates.csv
I18_baseline_seed1337_00001_.png,baseline,I18,3d8a617173,1337,renders/I18_baseline_seed1337_00001_.png,1024,1280,86.3746,46.0982,95.22,0.0512,#edd880,3.7203,1.5141,37.87,0.137,#100c0b,0.9579,89.3433,10.9066,5,0.2164,46.5241,3.1233,1.1758,31.0,0.1351,#0e0b0a,36.968,26.8926,69.92,0.0319,#71512e,54.4065,37.5471,75.92,0.0813,#a37b43,68.6485,47.6999,82.51,0.0515,#cba150,91.8527,25.1971,98.12,0.0245,#f3e8b8,92.4666,7.0686,90.26,0.0562,#efe9dc,palette_features_stage7a_candidates.csv
I18_baseline_seed777_00001_.png,baseline,I18,3d8a617173,777,renders/I18_baseline_seed777_00001_.png,1024,1280,91.5677,10.2082,94.19,0.1125,#eee7d3,4.4695,1.9,46.19,0.1558,#130f0d,0.8747,86.7591,7.4081,6,0.2345,51.9598,2.8923,1.0591,37.03,0.1501,#0d0a09,25.3248,23.3277,62.76,0.031,#54351d,44.3169,31.8401,70.77,0.0372,#876137,55.3119,40.5175,75.45,0.0843,#a87c40,82.6162,53.0189,92.24,0.0466,#e9cc68,89.6514,33.53,96.66,0.0353,#f1e2a2,palette_features_stage7a_candidates.csv
I18_baseline_seed9999_00001_.png,baseline,I18,3d8a617173,9999,renders/I18_baseline_seed9999_00001_.png,1024,1280,90.1231,11.7507,88.84,0.2439,#ede2cc,4.3932,1.9556,44.25,0.1258,#130e0d,0.5323,85.9121,9.8979,5,0.2904,52.2944,3.369,1.2988,37.01,0.2078,#0f0b0a,28.9118,23.8594,64.42,0.0417,#5c3d23,59.7561,40.4596,79.79,0.0827,#b08a49,72.7126,50.0487,84.42,0.0558,#d5ad55,86.3397,53.5932,94.5,0.0453,#f0d870,89.2812,33.7967,96.54,0.0593,#f1e1a0,palette_features_stage7a_candidates.csv
I19_baseline_seed4242145_00001_.png,baseline,I19,f1f616b0ac,4242145,renders/I19_baseline_seed4242145_00001_.png,1024,1280,85.4607,3.2269,197.32,0.0385,#ced7d7,2.0972,0.5679,42.5,0.4565,#090707,0.9618,75.2009,13.2119,4,0.5048,37.3058,1.0917,0.1618,19.14,0.4153,#040404,37.5878,12.7139,48.58,0.0702,#6b5349,61.5089,22.5009,88.86,0.0713,#a4936d,66.2168,37.4676,38.07,0.0124,#de8c79,67.6011,15.5061,209.09,0.0445,#80acb2,76.2926,27.4775,47.39,0.0896,#eaaf98,palette_features_stage7a_candidates.csv
I19_baseline_seed42_00001_.png,baseline,I19,f1f616b0ac,42,renders/I19_baseline_seed42_00001_.png,1024,1280,86.7436,3.3036,181.99,0.0311,#d2dbd9,2.8604,1.0003,49.71,0.3024,#0d0a09,0.9694,73.7129,14.5573,5,0.3465,32.1263,2.0223,0.4784,48.24,0.2881,#090707,45.306,10.7825,269.07,0.0584,#616c7d,54.5146,23.2839,92.97,0.056,#8f825a,65.8482,14.7721,211.11,0.0453,#7da7ad,68.4799,32.6048,46.75,0.0538,#db977d,75.7352,25.1181,56.7,0.0379,#e1b195,palette_features_stage7a_candidates.csv
I19_baseline_seed1337_00001_.png,baseline,I19,f1f616b0ac,1337,renders/I19_baseline_seed1337_00001_.png,1024,1280,83.938,2.5517,191.82,0.0368,#ccd3d2,2.1331,0.5308,41.05,0.4634,#090707,0.9666,74.2657,14.6583,4,0.5395,35.261,1.6532,0.3336,42.94,0.4538,#070605,43.3801,10.6307,262.98,0.0582,#5a6878,62.4354,22.0767,93.5,0.0388,#a39670,64.4151,35.5946,38.21,0.0141,#d68876,68.9265,15.5838,215.1,0.0268,#84b0b8,75.9189,25.4347,54.88,0.0857,#e3b196,palette_features_stage7a_candidates.csv
I19_baseline_seed777_00001_.png,baseline,I19,f1f616b0ac,777,renders/I19_baseline_seed777_00001_.png,1024,1280,75.6737,30.9408,44.56,0.1177,#eeab94,1.5868,0.3984,17.32,0.3293,#070506,0.8916,87.8903,8.6,6,0.5805,36.1804,0.8292,0.2028,12.48,0.345,#040303,29.0817,9.9485,287.66,0.2355,#424453,35.9371,15.3742,33.91,0.0308,#6d4d47,56.2056,18.0795,93.01,0.0489,#918667,64.3954,36.3832,37.01,0.0127,#d88777,88.7195,6.6664,211.84,0.0223,#d0e2e5,palette_features_stage7a_candidates.csv
I19_baseline_seed9999_00001_.png,baseline,I19,f1f616b0ac,9999,renders/I19_baseline_seed9999_00001_.png,1024,1280,75.6212,28.3977,43.14,0.0624,#ebac98,1.3601,0.2489,35.23,0.3965,#060505,0.9415,87.1286,10.7451,6,0.569,34.0394,1.2286,0.1735,34.23,0.4141,#050404,36.8309,10.3669,302.58,0.1549,#595465,43.0758,21.3996,49.23,0.1244,#845d4c,66.137,34.2129,35.59,0.0052,#da8d7f,74.9719,16.5082,91.72,0.0592,#c4b89a,88.3572,8.0903,219.27,0.0303,#cce2e7,palette_features_stage7a_candidates.csv
I20_baseline_seed4242145_00001_.png,baseline,I20,952efcc3c6,4242145,renders/I20_baseline_seed4242145_00001_.png,1024,1280,71.0561,9.9604,252.51,0.0387,#9fb0bf,1.7411,0.6806,303.66,0.2927,#070608,0.9678,50.1848,13.7736,3,0.5111,46.9687,1.3924,0.3857,309.21,0.2809,#050506,38.4995,39.5824,303.03,0.2302,#605191,43.0223,32.8155,341.36,0.014,#8f5278,50.3811,47.3544,346.36,0.0713,#b8568c,50.9959,17.8504,320.0,0.0546,#88728d,51.5771,11.5928,260.92,0.0206,#6d7d8e,palette_features_stage7a_candidates.csv
I20_baseline_seed42_00001_.png,baseline,I20,952efcc3c6,42,renders/I20_baseline_seed42_00001_.png,1024,1280,69.9841,9.6333,263.7,0.0326,#a0acbc,2.0431,0.6289,311.49,0.29,#080709,0.9744,80.909,12.5681,5,0.4341,51.6819,1.9125,0.4717,314.48,0.2913,#070708,29.7328,36.3253,307.64,0.1428,#503b73,36.195,35.3726,336.5,0.0223,#7d406c,48.6689,18.8549,303.37,0.0495,#786f8e,49.245,52.1536,350.17,0.0473,#bd4c86,82.8214,7.2674,242.27,0.0042,#c1d1da,palette_features_stage7a_candidates.csv
I20_baseline_seed1337_00001_.png,baseline,I20,952efcc3c6,1337,renders/I20_baseline_seed1337_00001_.png,1024,1280,69.885,6.9888,256.43,0.0618,#a1acb7,2.6087,0.8532,324.68,0.2336,#0b090b,0.9462,82.4559,15.4487,4,0.361,50.3579,2.5943,0.8325,324.6,0.2464,#0b090b,36.6012,34.1099,342.29,0.0354,#804167,36.9143,39.1555,311.24,0.1146,#684987,49.1929,51.1904,353.42,0.0261,#be4c80,49.7592,20.2239,311.87,0.0445,#817090,85.0503,4.1981,260.43,0.0066,#cfd5dc,palette_features_stage7a_candidates.csv
I20_baseline_seed777_00001_.png,baseline,I20,952efcc3c6,777,renders/I20_baseline_seed777_00001_.png,1024,1280,76.634,6.68,246.42,0.0541,#b2bfc8,3.1198,1.7371,305.43,0.3292,#0c0b0e,0.9507,56.7339,7.9629,5,0.4014,51.1825,2.1789,0.8805,303.84,0.309,#08080a,27.4527,22.3285,317.2,0.0318,#4f3958,33.9187,35.2074,337.23,0.0343,#773b66,39.1808,41.0895,312.18,0.0924,#704e8e,43.6689,52.063,345.98,0.0238,#aa3f7d,58.9128,9.6048,271.93,0.0222,#868e9e,palette_features_stage7a_candidates.csv
I20_baseline_seed9999_00001_.png,baseline,I20,952efcc3c6,9999,renders/I20_baseline_seed9999_00001_.png,1024,1280,73.4453,8.5834,238.82,0.0638,#a4b7c2,2.2204,0.513,299.46,0.2831,#080809,0.9506,87.1814,14.9274,4,0.4502,53.4409,2.2005,0.502,299.29,0.2963,#080809,28.4572,19.05,293.68,0.048,#40405e,28.7454,28.4662,333.04,0.0295,#613558,31.1345,37.8445,308.35,0.1539,#553e78,49.2429,53.9429,343.41,0.0232,#ba4d90,89.3819,3.2173,241.94,0.0069,#dbe2e6,palette_features_stage7a_candidates.csv
I21_baseline_seed4242145_00001_.png,baseline,I21,2f3689f658,4242145,renders/I21_baseline_seed4242145_00001_.png,1024,1280,80.3902,47.9308,81.18,0.0736,#efc06e,3.7547,3.6628,28.17,0.2127,#150b0a,0.9492,80.7157,10.1133,5,0.3221,59.8497,2.9446,2.4121,27.74,0.2,#100908,31.2751,39.9097,34.23,0.0445,#7e3128,39.3053,19.3599,32.78,0.0431,#7b524c,58.8369,62.2618,48.88,0.1221,#de6d3c,82.6001,38.2999,82.1,0.0157,#efc886,83.6602,19.9606,82.72,0.0977,#e4ceac,palette_features_stage7a_candidates.csv
I21_baseline_seed42_00001_.png,baseline,I21,2f3689f658,42,renders/I21_baseline_seed42_00001_.png,1024,1280,80.141,51.0019,80.1,0.0794,#f2bf68,3.2228,3.3809,30.51,0.1814,#130908,0.951,82.4158,14.0702,5,0.2719,65.4143,2.9655,2.8,30.72,0.1828,#110907,45.3157,39.4022,37.54,0.0629,#a45545,46.7233,19.7998,46.76,0.0675,#8d6657,56.0197,68.2143,45.13,0.0891,#df5e33,66.4977,58.4223,59.16,0.0776,#e88b47,85.3813,33.5296,89.58,0.0282,#ecd396,palette_features_stage7a_candidates.csv
I21_baseline_seed1337_00001_.png,baseline,I21,2f3689f658,1337,renders/I21_baseline_seed1337_00001_.png,1024,1280,83.7039,18.6128,78.73,0.2503,#e5cdaf,3.1311,2.6144,26.47,0.1965,#110909,0.7563,83.6842,9.0751,6,0.3424,62.3091,2.8195,2.2745,26.43,0.25,#100908,15.1515,19.4286,31.61,0.054,#3f1c18,48.7252,36.8469,36.73,0.0924,#ab5f50,57.8138,64.5836,47.76,0.09,#df6838,67.7449,56.0526,61.93,0.0439,#e7914b,86.5037,40.6003,87.94,0.0284,#f5d58b,palette_features_stage7a_candidates.csv
I21_baseline_seed777_00001_.png,baseline,I21,2f3689f658,777,renders/I21_baseline_seed777_00001_.png,1024,1280,81.36,50.0892,83.3,0.0775,#f1c46c,3.3248,2.9379,28.05,0.2144,#120a09,0.9337,75.9084,5.4617,6,0.3173,63.1196,2.6603,1.9057,27.29,0.2117,#0f0808,14.4494,19.9015,31.75,0.0345,#3d1a17,33.3433,42.8018,33.33,0.0393,#87332b,57.4881,65.0254,46.83,0.1056,#df6638,68.4961,57.2034,62.49,0.0676,#e9934b,78.5686,19.3318,80.4,0.0616,#d6bf9f,palette_features_stage7a_candidates.csv
I21_baseline_seed9999_00001_.png,baseline,I21,2f3689f658,9999,renders/I21_baseline_seed9999_00001_.png,1024,1280,82.0835,46.5755,82.67,0.078,#f2c675,3.244,3.0508,31.06,0.2098,#120a08,0.9373,85.3398,8.1098,6,0.2929,64.0731,2.2784,1.7686,31.94,0.1987,#0d0706,30.5659,35.4433,33.03,0.0394,#78322b,54.5444,65.8417,42.87,0.0892,#da5a37,70.5251,54.2877,64.86,0.0729,#ea9b53,81.1691,16.0868,78.29,0.0942,#dcc7ac,87.6182,35.3654,89.59,0.011,#f4d998,palette_features_stage7a_candidates.csv
I22_baseline_seed4242145_00001_.png,baseline,I22,c412444d34,4242145,renders/I22_baseline_seed4242145_00001_.png,1024,1280,89.3542,9.1801,238.71,0.2344,#cfe4ef,2.8354,1.237,57.25,0.2668,#0d0a08,0.7561,81.7857,8.9382,5,0.4176,24.8983,1.9167,0.8677,59.7,0.3246,#090705,27.4827,10.0973,252.81,0.093,#33434f,52.7585,24.6095,72.19,0.0594,#987856,70.634,25.766,44.87,0.0284,#d8a08d,72.706,22.4355,237.87,0.0804,#81bad4,83.7024,12.0161,91.98,0.0452,#d9d0ba,palette_features_stage7a_candidates.csv
I22_baseline_seed42_00001_.png,baseline,I22,c412444d34,42,renders/I22_baseline_seed42_00001_.png,1024,1280,89.2117,9.8813,237.47,0.2642,#cde4f0,3.0604,1.2923,62.56,0.2689,#0e0b08,0.7376,77.4175,9.8463,5,0.4168,26.2314,2.0557,0.9063,66.46,0.3361,#090705,27.0019,12.0886,263.41,0.0807,#324152,55.0947,26.966,71.14,0.0418,#a17d58,66.7284,27.1377,237.7,0.0333,#61accb,67.8395,26.8744,41.87,0.0381,#d39786,79.4732,15.1642,90.48,0.0587,#d0c4a9,palette_features_stage7a_candidates.csv
I22_baseline_seed1337_00001_.png,baseline,I22,c412444d34,1337,renders/I22_baseline_seed1337_00001_.png,1024,1280,98.4831,0.31,244.96,0.2675,#fafbfb,4.4065,0.7854,42.69,0.2988,#110f0e,0.7124,80.9153,11.0284,5,0.4118,27.6876,1.7888,0.7682,61.9,0.3196,#080605,38.2247,15.7727,41.91,0.0922,#72534a,49.67,28.4557,66.03,0.0654,#966e4a,64.6085,26.2724,238.58,0.0322,#5fa6c4,79.6616,14.1817,93.07,0.0621,#cfc5ab,82.704,13.279,238.3,0.0511,#b3d3e3,palette_features_stage7a_candidates.csv
I22_baseline_seed777_00001_.png,baseline,I22,c412444d34,777,renders/I22_baseline_seed777_00001_.png,1024,1280,88.4585,9.3824,240.82,0.2649,#cce1ed,2.2335,0.6769,53.35,0.289,#0a0807,0.7396,79.4898,11.0388,5,0.434,27.7233,1.5809,0.6914,62.81,0.3594,#070504,37.2647,18.852,39.21,0.0746,#744f45,55.0058,28.4147,69.18,0.0485,#a37c56,62.8622,9.4454,247.77,0.0691,#899ba7,66.6082,23.7036,236.59,0.0604,#6caac5,81.0708,15.3256,92.63,0.0524,#d4c9ad,palette_features_stage7a_candidates.csv
I22_baseline_seed9999_00001_.png,baseline,I22,c412444d34,9999,renders/I22_baseline_seed9999_00001_.png,1024,1280,86.6803,9.2698,241.93,0.3047,#c8dce8,2.7387,1.3582,49.58,0.241,#0d0908,0.6933,75.4129,9.0613,5,0.4078,26.1775,1.9079,0.973,48.49,0.323,#090605,25.686,10.3417,256.59,0.0848,#2f3f4c,53.3649,27.1506,70.41,0.0507,#9d7954,64.5543,24.2086,40.46,0.0391,#c69081,68.7302,23.0929,235.31,0.0504,#73b0c9,77.3208,12.8621,90.79,0.0581,#c9bea7,palette_features_stage7a_candidates.csv
I23_baseline_seed4242145_00001_.png,baseline,I23,92b7d2e00d,4242145,renders/I23_baseline_seed4242145_00001_.png,1024,1280,86.7137,9.4416,223.98,0.1488,#c4dee5,3.4256,2.0188,46.87,0.2771,#110b09,0.8562,78.8769,19.4194,4,0.4099,39.2941,2.2635,1.2427,46.3,0.289,#0b0806,56.4321,26.8107,125.27,0.0679,#7a8e61,60.643,23.0081,33.59,0.1209,#ba857d,62.8692,40.5368,55.36,0.0267,#cf875e,73.7433,37.9303,108.06,0.0461,#b7ba72,81.1404,23.3748,65.6,0.0699,#eac2a2,palette_features_stage7a_candidates.csv
I23_baseline_seed42_00001_.png,baseline,I23,92b7d2e00d,42,renders/I23_baseline_seed42_00001_.png,1024,1280,86.3228,11.6574,235.04,0.1887,#c0ddea,4.1742,2.5312,50.04,0.2571,#130d0b,0.8152,77.3371,14.4834,5,0.3705,38.2768,2.5945,1.488,50.46,0.2668,#0d0907,46.6465,39.7648,48.9,0.0829,#a35c3d,50.54,13.4436,150.81,0.0437,#677e6d,60.4163,28.5282,123.34,0.0897,#859867,70.9934,38.4817,111.21,0.0495,#acb36b,79.9316,23.6504,59.85,0.1036,#eabda1,palette_features_stage7a_candidates.csv
I23_baseline_seed1337_00001_.png,baseline,I23,92b7d2e00d,1337,renders/I23_baseline_seed1337_00001_.png,1024,1280,87.0083,9.8853,227.03,0.2169,#c4dee7,4.0725,2.4424,48.65,0.2596,#130d0a,0.7868,74.3893,14.9513,5,0.3901,39.5436,2.3581,1.3112,48.94,0.2699,#0c0806,46.878,12.6181,149.39,0.0365,#607464,56.9317,25.7041,125.73,0.0608,#7c8f64,65.087,40.8548,59.65,0.0183,#d28f60,69.0647,35.7444,109.99,0.0315,#a8ad6b,76.7473,24.4859,60.03,0.1202,#e1b497,palette_features_stage7a_candidates.csv
I23_baseline_seed777_00001_.png,baseline,I23,92b7d2e00d,777,renders/I23_baseline_seed777_00001_.png,1024,1280,87.4893,9.7893,230.65,0.2214,#c7dfe9,3.7432,2.3788,48.73,0.2454,#120c09,0.787,82.9227,17.2093,5,0.3646,41.8311,2.462,1.4725,49.04,0.274,#0d0806,51.286,18.2294,137.33,0.0528,#6b8065,57.4916,43.3035,53.86,0.0333,#c3774e,59.6242,22.5187,30.39,0.0906,#b7837d,65.5266,32.7656,116.78,0.0902,#98a56a,85.3846,19.4263,79.1,0.0202,#ead2b2,palette_features_stage7a_candidates.csv
I23_baseline_seed9999_00001_.png,baseline,I23,92b7d2e00d,9999,renders/I23_baseline_seed9999_00001_.png,1024,1280,87.2996,10.1326,237.34,0.218,#c7dfeb,4.2152,2.4738,50.43,0.252,#130e0b,0.7855,75.029,17.8768,5,0.3804,40.2354,2.6731,1.4803,51.06,0.2712,#0d0907,53.2088,14.9409,147.93,0.0641,#6d8571,58.5311,27.3093,123.53,0.065,#819364,61.3834,41.7158,56.59,0.03,#cb8358,69.9288,37.141,107.82,0.044,#adaf6a,77.7021,23.9406,60.21,0.1091,#e3b79a,palette_features_stage7a_candidates.csv
I24_baseline_seed4242145_00001_.png,baseline,I24,66faaa372d,4242145,renders/I24_baseline_seed4242145_00001_.png,1024,1280,79.0565,29.6188,81.05,0.094,#dfbf8e,3.4441,2.0672,34.29,0.2683,#110b0a,0.9388,88.0416,8.3942,6,0.3251,68.7406,2.2688,1.1515,30.31,0.2507,#0b0707,35.5763,24.2506,43.64,0.0589,#75483a,49.2895,50.8624,46.57,0.0743,#b85b38,62.721,69.8921,54.67,0.0258,#ec7730,71.8175,55.5823,80.73,0.0629,#dba848,90.3104,30.3957,95.01,0.0309,#f4e3a9,palette_features_stage7a_candidates.csv
I24_baseline_seed42_00001_.png,baseline,I24,66faaa372d,42,renders/I24_baseline_seed42_00001_.png,1024,1280,74.5807,57.8016,81.59,0.0927,#e3af4a,3.619,2.627,28.01,0.2191,#120b0a,0.9349,87.873,10.5015,6,0.3185,60.7255,2.6406,1.8604,25.67,0.2122,#0e0808,39.1055,35.9019,45.99,0.0422,#8b4b33,54.0704,62.586,48.56,0.1063,#d06031,61.7022,55.7732,64.57,0.0353,#d1833a,81.9733,50.5634,89.27,0.0179,#eac96b,90.5136,19.5836,92.45,0.023,#f1e3bf,palette_features_stage7a_candidates.csv
I24_baseline_seed1337_00001_.png,baseline,I24,66faaa372d,1337,renders/I24_baseline_seed1337_00001_.png,1024,1280,89.0299,30.3511,94.42,0.0357,#f1dfa6,3.7737,2.2295,23.93,0.2449,#120c0c,0.9703,70.7732,7.9503,6,0.3142,58.3809,2.5716,1.33,25.97,0.2236,#0d0808,31.8113,27.5385,50.23,0.0348,#6d3f2a,42.3779,16.5095,9.29,0.0906,#805a60,49.426,59.7109,41.58,0.0832,#c55134,58.6054,54.5041,59.35,0.0484,#cc783a,73.3447,57.1201,78.93,0.0707,#e3aa4a,palette_features_stage7a_candidates.csv
I24_baseline_seed777_00001_.png,baseline,I24,66faaa372d,777,renders/I24_baseline_seed777_00001_.png,1024,1280,78.3726,30.0295,78.07,0.1264,#e0bc8c,3.075,2.2251,37.25,0.2545,#100a08,0.907,88.7085,8.11,5,0.3521,65.6324,2.1468,1.3739,36.34,0.2515,#0c0706,31.9511,21.4761,18.13,0.0439,#6c3e42,53.0324,40.8469,52.68,0.1006,#b46d48,57.7608,67.0063,50.6,0.0295,#de6830,74.3609,53.1561,81.52,0.0533,#e0af54,90.8552,30.5272,96.81,0.0299,#f4e5ab,palette_features_stage7a_candidates.csv
I24_baseline_seed9999_00001_.png,baseline,I24,66faaa372d,9999,renders/I24_baseline_seed9999_00001_.png,1024,1280,75.5536,26.0787,74.22,0.1492,#d7b48c,3.1759,2.3113,31.51,0.2568,#110a09,0.8968,88.1647,8.1393,6,0.3518,62.2859,2.5542,1.6522,27.22,0.2628,#0e0808,35.8968,34.5594,24.37,0.0571,#873e3f,48.6102,39.3168,58.95,0.0889,#a2653b,58.9744,63.938,52.44,0.0472,#dd6f34,75.6246,54.8178,83.04,0.0704,#e2b353,90.7188,28.311,94.61,0.0301,#f5e4ae,palette_features_stage7a_candidates.csv
