prompt_id,seed,condition,tag,grad_ratio,dL,passed,file,baseline_file
P01,1618033,Block_1_neg,B1_neg,1.0076621770858765,0.0599517822265625,True,P01_s1618033_B1_neg_00001_.png,P01_s1618033_baseline_00001_.png
P01,1618033,Block_1_pos,B1_pos,1.0394564867019653,1.4254150390625,True,P01_s1618033_B1_pos_00001_.png,P01_s1618033_baseline_00001_.png
P01,1618033,Block_6_neg,B6_neg,1.1947194337844849,-1.1728630065917969,True,P01_s1618033_B6_neg_00001_.png,P01_s1618033_baseline_00001_.png
P01,1618033,Block_6_pos,B6_pos,0.9235737919807434,0.4621734619140625,True,P01_s1618033_B6_pos_00001_.png,P01_s1618033_baseline_00001_.png
P01,1618033,scramble_A_neg,scrA_neg,1.0208896398544312,0.24168777465820312,True,P01_s1618033_scrA_neg_00001_.png,P01_s1618033_baseline_00001_.png
P01,1618033,scramble_A_pos,scrA_pos,1.0638234615325928,1.621612548828125,True,P01_s1618033_scrA_pos_00001_.png,P01_s1618033_baseline_00001_.png
P01,1618033,scramble_B_neg,scrB_neg,1.1651043891906738,23.356788635253906,False,P01_s1618033_scrB_neg_00001_.png,P01_s1618033_baseline_00001_.png
P01,1618033,scramble_B_pos,scrB_pos,0.8841511607170105,-20.11443328857422,False,P01_s1618033_scrB_pos_00001_.png,P01_s1618033_baseline_00001_.png
P01,2718281,Block_1_neg,B1_neg,0.9630582928657532,-0.5626716613769531,True,P01_s2718281_B1_neg_00001_.png,P01_s2718281_baseline_00001_.png
P01,2718281,Block_1_pos,B1_pos,1.0221154689788818,0.9652824401855469,True,P01_s2718281_B1_pos_00001_.png,P01_s2718281_baseline_00001_.png
P01,2718281,Block_6_neg,B6_neg,1.0842182636260986,-2.6731796264648438,True,P01_s2718281_B6_neg_00001_.png,P01_s2718281_baseline_00001_.png
P01,2718281,Block_6_pos,B6_pos,0.9417752027511597,-1.3448486328125,True,P01_s2718281_B6_pos_00001_.png,P01_s2718281_baseline_00001_.png
P01,2718281,scramble_A_neg,scrA_neg,0.9583215117454529,-2.005828857421875,True,P01_s2718281_scrA_neg_00001_.png,P01_s2718281_baseline_00001_.png
P01,2718281,scramble_A_pos,scrA_pos,0.9948164820671082,-0.8960800170898438,True,P01_s2718281_scrA_pos_00001_.png,P01_s2718281_baseline_00001_.png
P01,2718281,scramble_B_neg,scrB_neg,1.153227686882019,20.918766021728516,False,P01_s2718281_scrB_neg_00001_.png,P01_s2718281_baseline_00001_.png
P01,2718281,scramble_B_pos,scrB_pos,0.8618493676185608,-19.653827667236328,True,P01_s2718281_scrB_pos_00001_.png,P01_s2718281_baseline_00001_.png
P01,3141592,Block_1_neg,B1_neg,0.9473083019256592,0.9974098205566406,True,P01_s3141592_B1_neg_00001_.png,P01_s3141592_baseline_00001_.png
P01,3141592,Block_1_pos,B1_pos,0.9963203072547913,1.3566703796386719,True,P01_s3141592_B1_pos_00001_.png,P01_s3141592_baseline_00001_.png
P01,3141592,Block_6_neg,B6_neg,1.0582269430160522,-2.8481521606445312,True,P01_s3141592_B6_neg_00001_.png,P01_s3141592_baseline_00001_.png
P01,3141592,Block_6_pos,B6_pos,0.9146571755409241,2.9638938903808594,True,P01_s3141592_B6_pos_00001_.png,P01_s3141592_baseline_00001_.png
P01,3141592,scramble_A_neg,scrA_neg,0.9644655585289001,0.5036125183105469,True,P01_s3141592_scrA_neg_00001_.png,P01_s3141592_baseline_00001_.png
P01,3141592,scramble_A_pos,scrA_pos,0.9822068810462952,1.0368309020996094,True,P01_s3141592_scrA_pos_00001_.png,P01_s3141592_baseline_00001_.png
P01,3141592,scramble_B_neg,scrB_neg,1.0802195072174072,19.216693878173828,True,P01_s3141592_scrB_neg_00001_.png,P01_s3141592_baseline_00001_.png
P01,3141592,scramble_B_pos,scrB_pos,0.8321067690849304,-20.390533447265625,False,P01_s3141592_scrB_pos_00001_.png,P01_s3141592_baseline_00001_.png
P02,1618033,Block_1_neg,B1_neg,0.9877066016197205,-1.40020751953125,True,P02_s1618033_B1_neg_00001_.png,P02_s1618033_baseline_00001_.png
P02,1618033,Block_1_pos,B1_pos,0.9941674470901489,2.2185821533203125,True,P02_s1618033_B1_pos_00001_.png,P02_s1618033_baseline_00001_.png
P02,1618033,Block_6_neg,B6_neg,1.0700511932373047,-2.2943115234375,True,P02_s1618033_B6_neg_00001_.png,P02_s1618033_baseline_00001_.png
P02,1618033,Block_6_pos,B6_pos,0.8651823401451111,-1.8380126953125,True,P02_s1618033_B6_pos_00001_.png,P02_s1618033_baseline_00001_.png
P02,1618033,scramble_A_neg,scrA_neg,0.9638175368309021,-0.0215911865234375,True,P02_s1618033_scrA_neg_00001_.png,P02_s1618033_baseline_00001_.png
P02,1618033,scramble_A_pos,scrA_pos,1.022890329360962,0.7625503540039062,True,P02_s1618033_scrA_pos_00001_.png,P02_s1618033_baseline_00001_.png
P02,1618033,scramble_B_neg,scrB_neg,0.9634429812431335,21.101058959960938,False,P02_s1618033_scrB_neg_00001_.png,P02_s1618033_baseline_00001_.png
P02,1618033,scramble_B_pos,scrB_pos,0.9282695651054382,-23.679794311523438,False,P02_s1618033_scrB_pos_00001_.png,P02_s1618033_baseline_00001_.png
P02,2718281,Block_1_neg,B1_neg,0.9880580902099609,0.6051788330078125,True,P02_s2718281_B1_neg_00001_.png,P02_s2718281_baseline_00001_.png
P02,2718281,Block_1_pos,B1_pos,1.0308917760849,1.2016448974609375,True,P02_s2718281_B1_pos_00001_.png,P02_s2718281_baseline_00001_.png
P02,2718281,Block_6_neg,B6_neg,1.0848808288574219,-1.2748870849609375,True,P02_s2718281_B6_neg_00001_.png,P02_s2718281_baseline_00001_.png
P02,2718281,Block_6_pos,B6_pos,0.9098342061042786,-2.60601806640625,True,P02_s2718281_B6_pos_00001_.png,P02_s2718281_baseline_00001_.png
P02,2718281,scramble_A_neg,scrA_neg,0.9860268831253052,2.0776824951171875,True,P02_s2718281_scrA_neg_00001_.png,P02_s2718281_baseline_00001_.png
P02,2718281,scramble_A_pos,scrA_pos,1.0242286920547485,1.2687149047851562,True,P02_s2718281_scrA_pos_00001_.png,P02_s2718281_baseline_00001_.png
P02,2718281,scramble_B_neg,scrB_neg,0.9783133864402771,18.714141845703125,True,P02_s2718281_scrB_neg_00001_.png,P02_s2718281_baseline_00001_.png
P02,2718281,scramble_B_pos,scrB_pos,0.9452415704727173,-22.463150024414062,False,P02_s2718281_scrB_pos_00001_.png,P02_s2718281_baseline_00001_.png
P02,3141592,Block_1_neg,B1_neg,0.9762009978294373,-2.91265869140625,True,P02_s3141592_B1_neg_00001_.png,P02_s3141592_baseline_00001_.png
P02,3141592,Block_1_pos,B1_pos,0.9902705550193787,-0.452728271484375,True,P02_s3141592_B1_pos_00001_.png,P02_s3141592_baseline_00001_.png
P02,3141592,Block_6_neg,B6_neg,1.059555172920227,-2.09405517578125,True,P02_s3141592_B6_neg_00001_.png,P02_s3141592_baseline_00001_.png
P02,3141592,Block_6_pos,B6_pos,0.8855434656143188,-0.641998291015625,True,P02_s3141592_B6_pos_00001_.png,P02_s3141592_baseline_00001_.png
P02,3141592,scramble_A_neg,scrA_neg,1.004164695739746,-0.72930908203125,True,P02_s3141592_scrA_neg_00001_.png,P02_s3141592_baseline_00001_.png
P02,3141592,scramble_A_pos,scrA_pos,1.0139306783676147,-1.3065261840820312,True,P02_s3141592_scrA_pos_00001_.png,P02_s3141592_baseline_00001_.png
P02,3141592,scramble_B_neg,scrB_neg,0.969997763633728,21.678756713867188,False,P02_s3141592_scrB_neg_00001_.png,P02_s3141592_baseline_00001_.png
P02,3141592,scramble_B_pos,scrB_pos,0.9304689168930054,-25.86463165283203,False,P02_s3141592_scrB_pos_00001_.png,P02_s3141592_baseline_00001_.png
S01_oil,1337,Block_1_neg,B1_neg,0.9981345534324646,-3.16912841796875,True,S01_oil_s1337_B1_neg_00001_.png,S01_oil_s1337_baseline_00001_.png
S01_oil,1337,Block_1_pos,B1_pos,0.9965518712997437,3.8419570922851562,True,S01_oil_s1337_B1_pos_00001_.png,S01_oil_s1337_baseline_00001_.png
S01_oil,1337,Block_6_neg,B6_neg,1.5284227132797241,4.179656982421875,False,S01_oil_s1337_B6_neg_00001_.png,S01_oil_s1337_baseline_00001_.png
S01_oil,1337,Block_6_pos,B6_pos,0.8925920724868774,-1.432861328125,True,S01_oil_s1337_B6_pos_00001_.png,S01_oil_s1337_baseline_00001_.png
S01_oil,1337,scramble_A_neg,scrA_neg,0.9631112217903137,-0.11121368408203125,True,S01_oil_s1337_scrA_neg_00001_.png,S01_oil_s1337_baseline_00001_.png
S01_oil,1337,scramble_A_pos,scrA_pos,1.0559226274490356,-0.892486572265625,True,S01_oil_s1337_scrA_pos_00001_.png,S01_oil_s1337_baseline_00001_.png
S01_oil,1337,scramble_B_neg,scrB_neg,0.781935453414917,30.704086303710938,False,S01_oil_s1337_scrB_neg_00001_.png,S01_oil_s1337_baseline_00001_.png
S01_oil,1337,scramble_B_pos,scrB_pos,1.2536399364471436,-28.523223876953125,False,S01_oil_s1337_scrB_pos_00001_.png,S01_oil_s1337_baseline_00001_.png
S01_oil,4242145,Block_1_neg,B1_neg,0.9877676367759705,-2.3569488525390625,True,S01_oil_s4242145_B1_neg_00001_.png,S01_oil_s4242145_baseline_00001_.png
S01_oil,4242145,Block_1_pos,B1_pos,1.0682553052902222,4.831184387207031,True,S01_oil_s4242145_B1_pos_00001_.png,S01_oil_s4242145_baseline_00001_.png
S01_oil,4242145,Block_6_neg,B6_neg,1.5199308395385742,3.6417083740234375,False,S01_oil_s4242145_B6_neg_00001_.png,S01_oil_s4242145_baseline_00001_.png
S01_oil,4242145,Block_6_pos,B6_pos,0.8847323656082153,-3.2546920776367188,True,S01_oil_s4242145_B6_pos_00001_.png,S01_oil_s4242145_baseline_00001_.png
S01_oil,4242145,scramble_A_neg,scrA_neg,1.0040857791900635,0.8580322265625,True,S01_oil_s4242145_scrA_neg_00001_.png,S01_oil_s4242145_baseline_00001_.png
S01_oil,4242145,scramble_A_pos,scrA_pos,1.0640712976455688,-1.3035888671875,True,S01_oil_s4242145_scrA_pos_00001_.png,S01_oil_s4242145_baseline_00001_.png
S01_oil,4242145,scramble_B_neg,scrB_neg,0.7941176891326904,30.251113891601562,False,S01_oil_s4242145_scrB_neg_00001_.png,S01_oil_s4242145_baseline_00001_.png
S01_oil,4242145,scramble_B_pos,scrB_pos,1.2828320264816284,-28.907623291015625,False,S01_oil_s4242145_scrB_pos_00001_.png,S01_oil_s4242145_baseline_00001_.png
S01_oil,42,Block_1_neg,B1_neg,0.9587387442588806,-3.8200607299804688,True,S01_oil_s42_B1_neg_00001_.png,S01_oil_s42_baseline_00001_.png
S01_oil,42,Block_1_pos,B1_pos,1.0328724384307861,4.99212646484375,True,S01_oil_s42_B1_pos_00001_.png,S01_oil_s42_baseline_00001_.png
S01_oil,42,Block_6_neg,B6_neg,1.4409868717193604,2.785675048828125,True,S01_oil_s42_B6_neg_00001_.png,S01_oil_s42_baseline_00001_.png
S01_oil,42,Block_6_pos,B6_pos,0.8716347217559814,-2.925933837890625,True,S01_oil_s42_B6_pos_00001_.png,S01_oil_s42_baseline_00001_.png
S01_oil,42,scramble_A_neg,scrA_neg,0.9687100648880005,1.397369384765625,True,S01_oil_s42_scrA_neg_00001_.png,S01_oil_s42_baseline_00001_.png
S01_oil,42,scramble_A_pos,scrA_pos,1.0361930131912231,-0.5192413330078125,True,S01_oil_s42_scrA_pos_00001_.png,S01_oil_s42_baseline_00001_.png
S01_oil,42,scramble_B_neg,scrB_neg,0.7981364727020264,29.846282958984375,False,S01_oil_s42_scrB_neg_00001_.png,S01_oil_s42_baseline_00001_.png
S01_oil,42,scramble_B_pos,scrB_pos,1.2360726594924927,-28.546295166015625,False,S01_oil_s42_scrB_pos_00001_.png,S01_oil_s42_baseline_00001_.png
S02_linocut,1337,Block_1_neg,B1_neg,0.988547146320343,-2.1293487548828125,True,S02_linocut_s1337_B1_neg_00001_.png,S02_linocut_s1337_baseline_00001_.png
S02_linocut,1337,Block_1_pos,B1_pos,1.0449085235595703,3.9856796264648438,True,S02_linocut_s1337_B1_pos_00001_.png,S02_linocut_s1337_baseline_00001_.png
S02_linocut,1337,Block_6_neg,B6_neg,1.0915660858154297,0.38466644287109375,True,S02_linocut_s1337_B6_neg_00001_.png,S02_linocut_s1337_baseline_00001_.png
S02_linocut,1337,Block_6_pos,B6_pos,0.8962095379829407,0.6143875122070312,True,S02_linocut_s1337_B6_pos_00001_.png,S02_linocut_s1337_baseline_00001_.png
S02_linocut,1337,scramble_A_neg,scrA_neg,0.9825448989868164,2.42449951171875,True,S02_linocut_s1337_scrA_neg_00001_.png,S02_linocut_s1337_baseline_00001_.png
S02_linocut,1337,scramble_A_pos,scrA_pos,1.0102266073226929,0.2084808349609375,True,S02_linocut_s1337_scrA_pos_00001_.png,S02_linocut_s1337_baseline_00001_.png
S02_linocut,1337,scramble_B_neg,scrB_neg,0.9375806450843811,26.70203399658203,False,S02_linocut_s1337_scrB_neg_00001_.png,S02_linocut_s1337_baseline_00001_.png
S02_linocut,1337,scramble_B_pos,scrB_pos,0.9070024490356445,-25.149314880371094,False,S02_linocut_s1337_scrB_pos_00001_.png,S02_linocut_s1337_baseline_00001_.png
S02_linocut,4242145,Block_1_neg,B1_neg,1.0013314485549927,0.6869735717773438,True,S02_linocut_s4242145_B1_neg_00001_.png,S02_linocut_s4242145_baseline_00001_.png
S02_linocut,4242145,Block_1_pos,B1_pos,1.084912896156311,4.47149658203125,True,S02_linocut_s4242145_B1_pos_00001_.png,S02_linocut_s4242145_baseline_00001_.png
S02_linocut,4242145,Block_6_neg,B6_neg,1.156680941581726,2.1294784545898438,True,S02_linocut_s4242145_B6_neg_00001_.png,S02_linocut_s4242145_baseline_00001_.png
S02_linocut,4242145,Block_6_pos,B6_pos,0.8900084495544434,0.32279205322265625,True,S02_linocut_s4242145_B6_pos_00001_.png,S02_linocut_s4242145_baseline_00001_.png
S02_linocut,4242145,scramble_A_neg,scrA_neg,1.0441839694976807,4.629737854003906,True,S02_linocut_s4242145_scrA_neg_00001_.png,S02_linocut_s4242145_baseline_00001_.png
S02_linocut,4242145,scramble_A_pos,scrA_pos,0.9796359539031982,-1.2246551513671875,True,S02_linocut_s4242145_scrA_pos_00001_.png,S02_linocut_s4242145_baseline_00001_.png
S02_linocut,4242145,scramble_B_neg,scrB_neg,0.9150298237800598,27.07965087890625,False,S02_linocut_s4242145_scrB_neg_00001_.png,S02_linocut_s4242145_baseline_00001_.png
S02_linocut,4242145,scramble_B_pos,scrB_pos,0.9704322218894958,-24.06670379638672,False,S02_linocut_s4242145_scrB_pos_00001_.png,S02_linocut_s4242145_baseline_00001_.png
S02_linocut,42,Block_1_neg,B1_neg,0.9942617416381836,0.23715972900390625,True,S02_linocut_s42_B1_neg_00001_.png,S02_linocut_s42_baseline_00001_.png
S02_linocut,42,Block_1_pos,B1_pos,1.0320675373077393,1.5580215454101562,True,S02_linocut_s42_B1_pos_00001_.png,S02_linocut_s42_baseline_00001_.png
S02_linocut,42,Block_6_neg,B6_neg,1.0925734043121338,0.00931549072265625,True,S02_linocut_s42_B6_neg_00001_.png,S02_linocut_s42_baseline_00001_.png
S02_linocut,42,Block_6_pos,B6_pos,0.8696814179420471,-2.6441650390625,True,S02_linocut_s42_B6_pos_00001_.png,S02_linocut_s42_baseline_00001_.png
S02_linocut,42,scramble_A_neg,scrA_neg,0.9591383337974548,-0.16082763671875,True,S02_linocut_s42_scrA_neg_00001_.png,S02_linocut_s42_baseline_00001_.png
S02_linocut,42,scramble_A_pos,scrA_pos,0.980596125125885,-2.8009262084960938,True,S02_linocut_s42_scrA_pos_00001_.png,S02_linocut_s42_baseline_00001_.png
S02_linocut,42,scramble_B_neg,scrB_neg,0.9718501567840576,22.045425415039062,False,S02_linocut_s42_scrB_neg_00001_.png,S02_linocut_s42_baseline_00001_.png
S02_linocut,42,scramble_B_pos,scrB_pos,0.8515117168426514,-27.956130981445312,False,S02_linocut_s42_scrB_pos_00001_.png,S02_linocut_s42_baseline_00001_.png
S03_cyberpunk,1337,Block_1_neg,B1_neg,0.9678776860237122,-1.86456298828125,True,S03_cyberpunk_s1337_B1_neg_00001_.png,S03_cyberpunk_s1337_baseline_00001_.png
S03_cyberpunk,1337,Block_1_pos,B1_pos,1.0162235498428345,-1.92242431640625,True,S03_cyberpunk_s1337_B1_pos_00001_.png,S03_cyberpunk_s1337_baseline_00001_.png
S03_cyberpunk,1337,Block_6_neg,B6_neg,1.2097699642181396,-2.9785308837890625,True,S03_cyberpunk_s1337_B6_neg_00001_.png,S03_cyberpunk_s1337_baseline_00001_.png
S03_cyberpunk,1337,Block_6_pos,B6_pos,0.878887951374054,-7.0935821533203125,True,S03_cyberpunk_s1337_B6_pos_00001_.png,S03_cyberpunk_s1337_baseline_00001_.png
S03_cyberpunk,1337,scramble_A_neg,scrA_neg,0.9446950554847717,-0.009613037109375,True,S03_cyberpunk_s1337_scrA_neg_00001_.png,S03_cyberpunk_s1337_baseline_00001_.png
S03_cyberpunk,1337,scramble_A_pos,scrA_pos,1.0234071016311646,-4.151237487792969,True,S03_cyberpunk_s1337_scrA_pos_00001_.png,S03_cyberpunk_s1337_baseline_00001_.png
S03_cyberpunk,1337,scramble_B_neg,scrB_neg,0.8588278293609619,26.910171508789062,False,S03_cyberpunk_s1337_scrB_neg_00001_.png,S03_cyberpunk_s1337_baseline_00001_.png
S03_cyberpunk,1337,scramble_B_pos,scrB_pos,0.9474878907203674,-32.824554443359375,False,S03_cyberpunk_s1337_scrB_pos_00001_.png,S03_cyberpunk_s1337_baseline_00001_.png
S03_cyberpunk,4242145,Block_1_neg,B1_neg,1.0437368154525757,-0.8805313110351562,True,S03_cyberpunk_s4242145_B1_neg_00001_.png,S03_cyberpunk_s4242145_baseline_00001_.png
S03_cyberpunk,4242145,Block_1_pos,B1_pos,1.1850529909133911,3.6857070922851562,True,S03_cyberpunk_s4242145_B1_pos_00001_.png,S03_cyberpunk_s4242145_baseline_00001_.png
S03_cyberpunk,4242145,Block_6_neg,B6_neg,1.2108469009399414,-3.9113998413085938,True,S03_cyberpunk_s4242145_B6_neg_00001_.png,S03_cyberpunk_s4242145_baseline_00001_.png
S03_cyberpunk,4242145,Block_6_pos,B6_pos,0.8974630832672119,-6.2403717041015625,True,S03_cyberpunk_s4242145_B6_pos_00001_.png,S03_cyberpunk_s4242145_baseline_00001_.png
S03_cyberpunk,4242145,scramble_A_neg,scrA_neg,1.087072730064392,-1.3517074584960938,True,S03_cyberpunk_s4242145_scrA_neg_00001_.png,S03_cyberpunk_s4242145_baseline_00001_.png
S03_cyberpunk,4242145,scramble_A_pos,scrA_pos,1.327636480331421,-8.387168884277344,True,S03_cyberpunk_s4242145_scrA_pos_00001_.png,S03_cyberpunk_s4242145_baseline_00001_.png
S03_cyberpunk,4242145,scramble_B_neg,scrB_neg,0.916663408279419,26.225372314453125,False,S03_cyberpunk_s4242145_scrB_neg_00001_.png,S03_cyberpunk_s4242145_baseline_00001_.png
S03_cyberpunk,4242145,scramble_B_pos,scrB_pos,0.9564013481140137,-33.148597717285156,False,S03_cyberpunk_s4242145_scrB_pos_00001_.png,S03_cyberpunk_s4242145_baseline_00001_.png
S03_cyberpunk,42,Block_1_neg,B1_neg,0.9785122275352478,-0.39321136474609375,True,S03_cyberpunk_s42_B1_neg_00001_.png,S03_cyberpunk_s42_baseline_00001_.png
S03_cyberpunk,42,Block_1_pos,B1_pos,1.0043184757232666,0.17220306396484375,True,S03_cyberpunk_s42_B1_pos_00001_.png,S03_cyberpunk_s42_baseline_00001_.png
S03_cyberpunk,42,Block_6_neg,B6_neg,1.3481123447418213,1.2090225219726562,True,S03_cyberpunk_s42_B6_neg_00001_.png,S03_cyberpunk_s42_baseline_00001_.png
S03_cyberpunk,42,Block_6_pos,B6_pos,0.8093574643135071,-5.5755615234375,True,S03_cyberpunk_s42_B6_pos_00001_.png,S03_cyberpunk_s42_baseline_00001_.png
S03_cyberpunk,42,scramble_A_neg,scrA_neg,0.9471767544746399,0.71685791015625,True,S03_cyberpunk_s42_scrA_neg_00001_.png,S03_cyberpunk_s42_baseline_00001_.png
S03_cyberpunk,42,scramble_A_pos,scrA_pos,1.0394831895828247,0.1123504638671875,True,S03_cyberpunk_s42_scrA_pos_00001_.png,S03_cyberpunk_s42_baseline_00001_.png
S03_cyberpunk,42,scramble_B_neg,scrB_neg,0.7943783402442932,28.352813720703125,False,S03_cyberpunk_s42_scrB_neg_00001_.png,S03_cyberpunk_s42_baseline_00001_.png
S03_cyberpunk,42,scramble_B_pos,scrB_pos,0.9924874305725098,-28.350204467773438,False,S03_cyberpunk_s42_scrB_pos_00001_.png,S03_cyberpunk_s42_baseline_00001_.png
S04_gouache,1337,Block_1_neg,B1_neg,1.006621241569519,-0.063568115234375,True,S04_gouache_s1337_B1_neg_00001_.png,S04_gouache_s1337_baseline_00001_.png
S04_gouache,1337,Block_1_pos,B1_pos,1.0626276731491089,3.888916015625,True,S04_gouache_s1337_B1_pos_00001_.png,S04_gouache_s1337_baseline_00001_.png
S04_gouache,1337,Block_6_neg,B6_neg,1.2671641111373901,-0.8282470703125,True,S04_gouache_s1337_B6_neg_00001_.png,S04_gouache_s1337_baseline_00001_.png
S04_gouache,1337,Block_6_pos,B6_pos,0.81810462474823,1.0394439697265625,True,S04_gouache_s1337_B6_pos_00001_.png,S04_gouache_s1337_baseline_00001_.png
S04_gouache,1337,scramble_A_neg,scrA_neg,0.9895930886268616,1.7273101806640625,True,S04_gouache_s1337_scrA_neg_00001_.png,S04_gouache_s1337_baseline_00001_.png
S04_gouache,1337,scramble_A_pos,scrA_pos,1.0398396253585815,-1.0254669189453125,True,S04_gouache_s1337_scrA_pos_00001_.png,S04_gouache_s1337_baseline_00001_.png
S04_gouache,1337,scramble_B_neg,scrB_neg,0.7224622368812561,27.941787719726562,False,S04_gouache_s1337_scrB_neg_00001_.png,S04_gouache_s1337_baseline_00001_.png
S04_gouache,1337,scramble_B_pos,scrB_pos,1.175976037979126,-31.535736083984375,False,S04_gouache_s1337_scrB_pos_00001_.png,S04_gouache_s1337_baseline_00001_.png
S04_gouache,4242145,Block_1_neg,B1_neg,1.013523817062378,-1.4665374755859375,True,S04_gouache_s4242145_B1_neg_00001_.png,S04_gouache_s4242145_baseline_00001_.png
S04_gouache,4242145,Block_1_pos,B1_pos,1.042842149734497,4.09283447265625,True,S04_gouache_s4242145_B1_pos_00001_.png,S04_gouache_s4242145_baseline_00001_.png
S04_gouache,4242145,Block_6_neg,B6_neg,1.2885236740112305,1.381500244140625,True,S04_gouache_s4242145_B6_neg_00001_.png,S04_gouache_s4242145_baseline_00001_.png
S04_gouache,4242145,Block_6_pos,B6_pos,0.891145646572113,-2.974029541015625,True,S04_gouache_s4242145_B6_pos_00001_.png,S04_gouache_s4242145_baseline_00001_.png
S04_gouache,4242145,scramble_A_neg,scrA_neg,0.992275595664978,0.5452728271484375,True,S04_gouache_s4242145_scrA_neg_00001_.png,S04_gouache_s4242145_baseline_00001_.png
S04_gouache,4242145,scramble_A_pos,scrA_pos,1.0517410039901733,-1.578765869140625,True,S04_gouache_s4242145_scrA_pos_00001_.png,S04_gouache_s4242145_baseline_00001_.png
S04_gouache,4242145,scramble_B_neg,scrB_neg,0.7851800918579102,28.206878662109375,False,S04_gouache_s4242145_scrB_neg_00001_.png,S04_gouache_s4242145_baseline_00001_.png
S04_gouache,4242145,scramble_B_pos,scrB_pos,1.1947306394577026,-32.94288635253906,False,S04_gouache_s4242145_scrB_pos_00001_.png,S04_gouache_s4242145_baseline_00001_.png
S04_gouache,42,Block_1_neg,B1_neg,1.014194130897522,-0.7477569580078125,True,S04_gouache_s42_B1_neg_00001_.png,S04_gouache_s42_baseline_00001_.png
S04_gouache,42,Block_1_pos,B1_pos,1.057544469833374,2.2147674560546875,True,S04_gouache_s42_B1_pos_00001_.png,S04_gouache_s42_baseline_00001_.png
S04_gouache,42,Block_6_neg,B6_neg,1.3453989028930664,-2.19403076171875,True,S04_gouache_s42_B6_neg_00001_.png,S04_gouache_s42_baseline_00001_.png
S04_gouache,42,Block_6_pos,B6_pos,0.9093661308288574,-0.697021484375,True,S04_gouache_s42_B6_pos_00001_.png,S04_gouache_s42_baseline_00001_.png
S04_gouache,42,scramble_A_neg,scrA_neg,1.0142641067504883,1.66705322265625,True,S04_gouache_s42_scrA_neg_00001_.png,S04_gouache_s42_baseline_00001_.png
S04_gouache,42,scramble_A_pos,scrA_pos,1.0672816038131714,-2.01727294921875,True,S04_gouache_s42_scrA_pos_00001_.png,S04_gouache_s42_baseline_00001_.png
S04_gouache,42,scramble_B_neg,scrB_neg,0.8214837312698364,28.97320556640625,False,S04_gouache_s42_scrB_neg_00001_.png,S04_gouache_s42_baseline_00001_.png
S04_gouache,42,scramble_B_pos,scrB_pos,1.226719617843628,-32.95249938964844,False,S04_gouache_s42_scrB_pos_00001_.png,S04_gouache_s42_baseline_00001_.png
S05_pencil,1337,Block_1_neg,B1_neg,1.0038453340530396,-3.127471923828125,True,S05_pencil_s1337_B1_neg_00001_.png,S05_pencil_s1337_baseline_00001_.png
S05_pencil,1337,Block_1_pos,B1_pos,1.0359596014022827,7.2262420654296875,True,S05_pencil_s1337_B1_pos_00001_.png,S05_pencil_s1337_baseline_00001_.png
S05_pencil,1337,Block_6_neg,B6_neg,1.3856992721557617,1.4526214599609375,True,S05_pencil_s1337_B6_neg_00001_.png,S05_pencil_s1337_baseline_00001_.png
S05_pencil,1337,Block_6_pos,B6_pos,0.8322137594223022,-5.6175537109375,True,S05_pencil_s1337_B6_pos_00001_.png,S05_pencil_s1337_baseline_00001_.png
S05_pencil,1337,scramble_A_neg,scrA_neg,0.9544429183006287,3.063812255859375,True,S05_pencil_s1337_scrA_neg_00001_.png,S05_pencil_s1337_baseline_00001_.png
S05_pencil,1337,scramble_A_pos,scrA_pos,1.098785400390625,-0.01397705078125,True,S05_pencil_s1337_scrA_pos_00001_.png,S05_pencil_s1337_baseline_00001_.png
S05_pencil,1337,scramble_B_neg,scrB_neg,0.7264411449432373,29.921630859375,False,S05_pencil_s1337_scrB_neg_00001_.png,S05_pencil_s1337_baseline_00001_.png
S05_pencil,1337,scramble_B_pos,scrB_pos,1.3452249765396118,-36.74030303955078,False,S05_pencil_s1337_scrB_pos_00001_.png,S05_pencil_s1337_baseline_00001_.png
S05_pencil,4242145,Block_1_neg,B1_neg,0.9406012296676636,-2.539764404296875,True,S05_pencil_s4242145_B1_neg_00001_.png,S05_pencil_s4242145_baseline_00001_.png
S05_pencil,4242145,Block_1_pos,B1_pos,0.9679828882217407,7.3349151611328125,True,S05_pencil_s4242145_B1_pos_00001_.png,S05_pencil_s4242145_baseline_00001_.png
S05_pencil,4242145,Block_6_neg,B6_neg,1.3482333421707153,2.749359130859375,True,S05_pencil_s4242145_B6_neg_00001_.png,S05_pencil_s4242145_baseline_00001_.png
S05_pencil,4242145,Block_6_pos,B6_pos,0.8150996565818787,-7.16851806640625,True,S05_pencil_s4242145_B6_pos_00001_.png,S05_pencil_s4242145_baseline_00001_.png
S05_pencil,4242145,scramble_A_neg,scrA_neg,0.9204553365707397,1.99847412109375,True,S05_pencil_s4242145_scrA_neg_00001_.png,S05_pencil_s4242145_baseline_00001_.png
S05_pencil,4242145,scramble_A_pos,scrA_pos,1.0851080417633057,0.7637176513671875,True,S05_pencil_s4242145_scrA_pos_00001_.png,S05_pencil_s4242145_baseline_00001_.png
S05_pencil,4242145,scramble_B_neg,scrB_neg,0.7034338116645813,28.892608642578125,False,S05_pencil_s4242145_scrB_neg_00001_.png,S05_pencil_s4242145_baseline_00001_.png
S05_pencil,4242145,scramble_B_pos,scrB_pos,1.3248175382614136,-33.28630065917969,False,S05_pencil_s4242145_scrB_pos_00001_.png,S05_pencil_s4242145_baseline_00001_.png
S05_pencil,42,Block_1_neg,B1_neg,1.001401424407959,-5.1649169921875,True,S05_pencil_s42_B1_neg_00001_.png,S05_pencil_s42_baseline_00001_.png
S05_pencil,42,Block_1_pos,B1_pos,1.0147467851638794,5.600555419921875,True,S05_pencil_s42_B1_pos_00001_.png,S05_pencil_s42_baseline_00001_.png
S05_pencil,42,Block_6_neg,B6_neg,1.325637936592102,7.588104248046875,True,S05_pencil_s42_B6_neg_00001_.png,S05_pencil_s42_baseline_00001_.png
S05_pencil,42,Block_6_pos,B6_pos,0.8395550847053528,-6.850677490234375,True,S05_pencil_s42_B6_pos_00001_.png,S05_pencil_s42_baseline_00001_.png
S05_pencil,42,scramble_A_neg,scrA_neg,0.9457294344902039,2.481719970703125,True,S05_pencil_s42_scrA_neg_00001_.png,S05_pencil_s42_baseline_00001_.png
S05_pencil,42,scramble_A_pos,scrA_pos,1.0533934831619263,-0.200531005859375,True,S05_pencil_s42_scrA_pos_00001_.png,S05_pencil_s42_baseline_00001_.png
S05_pencil,42,scramble_B_neg,scrB_neg,0.681317925453186,29.02783203125,False,S05_pencil_s42_scrB_neg_00001_.png,S05_pencil_s42_baseline_00001_.png
S05_pencil,42,scramble_B_pos,scrB_pos,1.3240551948547363,-34.53916931152344,False,S05_pencil_s42_scrB_pos_00001_.png,S05_pencil_s42_baseline_00001_.png
S06_pastel,1337,Block_1_neg,B1_neg,0.9623315334320068,-3.0694580078125,True,S06_pastel_s1337_B1_neg_00001_.png,S06_pastel_s1337_baseline_00001_.png
S06_pastel,1337,Block_1_pos,B1_pos,1.037503719329834,4.5189208984375,True,S06_pastel_s1337_B1_pos_00001_.png,S06_pastel_s1337_baseline_00001_.png
S06_pastel,1337,Block_6_neg,B6_neg,1.643021821975708,0.3174285888671875,False,S06_pastel_s1337_B6_neg_00001_.png,S06_pastel_s1337_baseline_00001_.png
S06_pastel,1337,Block_6_pos,B6_pos,0.8239150047302246,-2.73663330078125,True,S06_pastel_s1337_B6_pos_00001_.png,S06_pastel_s1337_baseline_00001_.png
S06_pastel,1337,scramble_A_neg,scrA_neg,0.9667040705680847,1.2373046875,True,S06_pastel_s1337_scrA_neg_00001_.png,S06_pastel_s1337_baseline_00001_.png
S06_pastel,1337,scramble_A_pos,scrA_pos,1.0147325992584229,-0.0441131591796875,True,S06_pastel_s1337_scrA_pos_00001_.png,S06_pastel_s1337_baseline_00001_.png
S06_pastel,1337,scramble_B_neg,scrB_neg,0.7537423372268677,31.483474731445312,False,S06_pastel_s1337_scrB_neg_00001_.png,S06_pastel_s1337_baseline_00001_.png
S06_pastel,1337,scramble_B_pos,scrB_pos,1.3229540586471558,-40.39942169189453,False,S06_pastel_s1337_scrB_pos_00001_.png,S06_pastel_s1337_baseline_00001_.png
S06_pastel,4242145,Block_1_neg,B1_neg,0.946730375289917,-2.988922119140625,True,S06_pastel_s4242145_B1_neg_00001_.png,S06_pastel_s4242145_baseline_00001_.png
S06_pastel,4242145,Block_1_pos,B1_pos,1.028814435005188,3.8926544189453125,True,S06_pastel_s4242145_B1_pos_00001_.png,S06_pastel_s4242145_baseline_00001_.png
S06_pastel,4242145,Block_6_neg,B6_neg,1.5250227451324463,0.6637725830078125,False,S06_pastel_s4242145_B6_neg_00001_.png,S06_pastel_s4242145_baseline_00001_.png
S06_pastel,4242145,Block_6_pos,B6_pos,0.7762451171875,-4.0424041748046875,True,S06_pastel_s4242145_B6_pos_00001_.png,S06_pastel_s4242145_baseline_00001_.png
S06_pastel,4242145,scramble_A_neg,scrA_neg,0.9625793695449829,1.459259033203125,True,S06_pastel_s4242145_scrA_neg_00001_.png,S06_pastel_s4242145_baseline_00001_.png
S06_pastel,4242145,scramble_A_pos,scrA_pos,1.0638245344161987,-0.9188995361328125,True,S06_pastel_s4242145_scrA_pos_00001_.png,S06_pastel_s4242145_baseline_00001_.png
S06_pastel,4242145,scramble_B_neg,scrB_neg,0.7184338569641113,31.0977783203125,False,S06_pastel_s4242145_scrB_neg_00001_.png,S06_pastel_s4242145_baseline_00001_.png
S06_pastel,4242145,scramble_B_pos,scrB_pos,1.3138021230697632,-37.83130645751953,False,S06_pastel_s4242145_scrB_pos_00001_.png,S06_pastel_s4242145_baseline_00001_.png
S06_pastel,42,Block_1_neg,B1_neg,1.0096124410629272,-2.803466796875,True,S06_pastel_s42_B1_neg_00001_.png,S06_pastel_s42_baseline_00001_.png
S06_pastel,42,Block_1_pos,B1_pos,1.096298336982727,5.053009033203125,True,S06_pastel_s42_B1_pos_00001_.png,S06_pastel_s42_baseline_00001_.png
S06_pastel,42,Block_6_neg,B6_neg,1.7421197891235352,1.29986572265625,False,S06_pastel_s42_B6_neg_00001_.png,S06_pastel_s42_baseline_00001_.png
S06_pastel,42,Block_6_pos,B6_pos,0.841040313243866,-3.0692596435546875,True,S06_pastel_s42_B6_pos_00001_.png,S06_pastel_s42_baseline_00001_.png
S06_pastel,42,scramble_A_neg,scrA_neg,1.0044667720794678,2.549713134765625,True,S06_pastel_s42_scrA_neg_00001_.png,S06_pastel_s42_baseline_00001_.png
S06_pastel,42,scramble_A_pos,scrA_pos,1.0904090404510498,0.07940673828125,True,S06_pastel_s42_scrA_pos_00001_.png,S06_pastel_s42_baseline_00001_.png
S06_pastel,42,scramble_B_neg,scrB_neg,0.7868828177452087,31.726089477539062,False,S06_pastel_s42_scrB_neg_00001_.png,S06_pastel_s42_baseline_00001_.png
S06_pastel,42,scramble_B_pos,scrB_pos,1.4228508472442627,-36.5306396484375,False,S06_pastel_s42_scrB_pos_00001_.png,S06_pastel_s42_baseline_00001_.png
S07_comic,1337,Block_1_neg,B1_neg,0.9718207716941833,-1.3640823364257812,True,S07_comic_s1337_B1_neg_00001_.png,S07_comic_s1337_baseline_00001_.png
S07_comic,1337,Block_1_pos,B1_pos,1.013419270515442,1.32696533203125,True,S07_comic_s1337_B1_pos_00001_.png,S07_comic_s1337_baseline_00001_.png
S07_comic,1337,Block_6_neg,B6_neg,1.0040957927703857,-0.4760589599609375,True,S07_comic_s1337_B6_neg_00001_.png,S07_comic_s1337_baseline_00001_.png
S07_comic,1337,Block_6_pos,B6_pos,0.8856727480888367,-2.1367034912109375,True,S07_comic_s1337_B6_pos_00001_.png,S07_comic_s1337_baseline_00001_.png
S07_comic,1337,scramble_A_neg,scrA_neg,0.9727851748466492,0.1862945556640625,True,S07_comic_s1337_scrA_neg_00001_.png,S07_comic_s1337_baseline_00001_.png
S07_comic,1337,scramble_A_pos,scrA_pos,0.9847351312637329,-3.7232513427734375,True,S07_comic_s1337_scrA_pos_00001_.png,S07_comic_s1337_baseline_00001_.png
S07_comic,1337,scramble_B_neg,scrB_neg,0.9183699488639832,20.223899841308594,False,S07_comic_s1337_scrB_neg_00001_.png,S07_comic_s1337_baseline_00001_.png
S07_comic,1337,scramble_B_pos,scrB_pos,1.0040135383605957,-23.69208526611328,False,S07_comic_s1337_scrB_pos_00001_.png,S07_comic_s1337_baseline_00001_.png
S07_comic,4242145,Block_1_neg,B1_neg,1.0022377967834473,0.6251983642578125,True,S07_comic_s4242145_B1_neg_00001_.png,S07_comic_s4242145_baseline_00001_.png
S07_comic,4242145,Block_1_pos,B1_pos,1.0241259336471558,0.20068359375,True,S07_comic_s4242145_B1_pos_00001_.png,S07_comic_s4242145_baseline_00001_.png
S07_comic,4242145,Block_6_neg,B6_neg,1.0902347564697266,2.35638427734375,True,S07_comic_s4242145_B6_neg_00001_.png,S07_comic_s4242145_baseline_00001_.png
S07_comic,4242145,Block_6_pos,B6_pos,0.8968836069107056,-5.1790008544921875,True,S07_comic_s4242145_B6_pos_00001_.png,S07_comic_s4242145_baseline_00001_.png
S07_comic,4242145,scramble_A_neg,scrA_neg,0.9571551084518433,-0.708343505859375,True,S07_comic_s4242145_scrA_neg_00001_.png,S07_comic_s4242145_baseline_00001_.png
S07_comic,4242145,scramble_A_pos,scrA_pos,1.0401402711868286,-1.7600021362304688,True,S07_comic_s4242145_scrA_pos_00001_.png,S07_comic_s4242145_baseline_00001_.png
S07_comic,4242145,scramble_B_neg,scrB_neg,0.9268884062767029,23.840972900390625,False,S07_comic_s4242145_scrB_neg_00001_.png,S07_comic_s4242145_baseline_00001_.png
S07_comic,4242145,scramble_B_pos,scrB_pos,1.018254041671753,-26.885520935058594,False,S07_comic_s4242145_scrB_pos_00001_.png,S07_comic_s4242145_baseline_00001_.png
S07_comic,42,Block_1_neg,B1_neg,0.974173903465271,-3.4345550537109375,True,S07_comic_s42_B1_neg_00001_.png,S07_comic_s42_baseline_00001_.png
S07_comic,42,Block_1_pos,B1_pos,1.0240873098373413,-0.3616790771484375,True,S07_comic_s42_B1_pos_00001_.png,S07_comic_s42_baseline_00001_.png
S07_comic,42,Block_6_neg,B6_neg,1.1037193536758423,-1.45074462890625,True,S07_comic_s42_B6_neg_00001_.png,S07_comic_s42_baseline_00001_.png
S07_comic,42,Block_6_pos,B6_pos,0.8851509690284729,-1.2428741455078125,True,S07_comic_s42_B6_pos_00001_.png,S07_comic_s42_baseline_00001_.png
S07_comic,42,scramble_A_neg,scrA_neg,0.976386308670044,2.1430206298828125,True,S07_comic_s42_scrA_neg_00001_.png,S07_comic_s42_baseline_00001_.png
S07_comic,42,scramble_A_pos,scrA_pos,0.9772347211837769,-2.0077972412109375,True,S07_comic_s42_scrA_pos_00001_.png,S07_comic_s42_baseline_00001_.png
S07_comic,42,scramble_B_neg,scrB_neg,0.900609016418457,21.680618286132812,False,S07_comic_s42_scrB_neg_00001_.png,S07_comic_s42_baseline_00001_.png
S07_comic,42,scramble_B_pos,scrB_pos,0.9805307984352112,-27.125503540039062,False,S07_comic_s42_scrB_pos_00001_.png,S07_comic_s42_baseline_00001_.png
S08_papercraft,1337,Block_1_neg,B1_neg,0.9713701009750366,-1.16229248046875,True,S08_papercraft_s1337_B1_neg_00001_.png,S08_papercraft_s1337_baseline_00001_.png
S08_papercraft,1337,Block_1_pos,B1_pos,1.1663049459457397,2.894195556640625,True,S08_papercraft_s1337_B1_pos_00001_.png,S08_papercraft_s1337_baseline_00001_.png
S08_papercraft,1337,Block_6_neg,B6_neg,1.2039297819137573,2.7463836669921875,True,S08_papercraft_s1337_B6_neg_00001_.png,S08_papercraft_s1337_baseline_00001_.png
S08_papercraft,1337,Block_6_pos,B6_pos,0.9192455410957336,-2.671844482421875,True,S08_papercraft_s1337_B6_pos_00001_.png,S08_papercraft_s1337_baseline_00001_.png
S08_papercraft,1337,scramble_A_neg,scrA_neg,1.0897502899169922,2.0562896728515625,True,S08_papercraft_s1337_scrA_neg_00001_.png,S08_papercraft_s1337_baseline_00001_.png
S08_papercraft,1337,scramble_A_pos,scrA_pos,1.0589849948883057,0.8487701416015625,True,S08_papercraft_s1337_scrA_pos_00001_.png,S08_papercraft_s1337_baseline_00001_.png
S08_papercraft,1337,scramble_B_neg,scrB_neg,0.8978858590126038,24.241836547851562,False,S08_papercraft_s1337_scrB_neg_00001_.png,S08_papercraft_s1337_baseline_00001_.png
S08_papercraft,1337,scramble_B_pos,scrB_pos,1.0891571044921875,-26.824378967285156,False,S08_papercraft_s1337_scrB_pos_00001_.png,S08_papercraft_s1337_baseline_00001_.png
S08_papercraft,4242145,Block_1_neg,B1_neg,0.9874858856201172,-1.97528076171875,True,S08_papercraft_s4242145_B1_neg_00001_.png,S08_papercraft_s4242145_baseline_00001_.png
S08_papercraft,4242145,Block_1_pos,B1_pos,1.03762948513031,1.72808837890625,True,S08_papercraft_s4242145_B1_pos_00001_.png,S08_papercraft_s4242145_baseline_00001_.png
S08_papercraft,4242145,Block_6_neg,B6_neg,1.1517668962478638,-0.70733642578125,True,S08_papercraft_s4242145_B6_neg_00001_.png,S08_papercraft_s4242145_baseline_00001_.png
S08_papercraft,4242145,Block_6_pos,B6_pos,0.8424870371818542,-2.97222900390625,True,S08_papercraft_s4242145_B6_pos_00001_.png,S08_papercraft_s4242145_baseline_00001_.png
S08_papercraft,4242145,scramble_A_neg,scrA_neg,0.9827651381492615,0.572509765625,True,S08_papercraft_s4242145_scrA_neg_00001_.png,S08_papercraft_s4242145_baseline_00001_.png
S08_papercraft,4242145,scramble_A_pos,scrA_pos,1.0032469034194946,-2.1976318359375,True,S08_papercraft_s4242145_scrA_pos_00001_.png,S08_papercraft_s4242145_baseline_00001_.png
S08_papercraft,4242145,scramble_B_neg,scrB_neg,0.8405194878578186,26.407684326171875,False,S08_papercraft_s4242145_scrB_neg_00001_.png,S08_papercraft_s4242145_baseline_00001_.png
S08_papercraft,4242145,scramble_B_pos,scrB_pos,1.0252933502197266,-30.028182983398438,False,S08_papercraft_s4242145_scrB_pos_00001_.png,S08_papercraft_s4242145_baseline_00001_.png
S08_papercraft,42,Block_1_neg,B1_neg,1.0712056159973145,-0.48687744140625,True,S08_papercraft_s42_B1_neg_00001_.png,S08_papercraft_s42_baseline_00001_.png
S08_papercraft,42,Block_1_pos,B1_pos,1.131119728088379,2.69244384765625,True,S08_papercraft_s42_B1_pos_00001_.png,S08_papercraft_s42_baseline_00001_.png
S08_papercraft,42,Block_6_neg,B6_neg,1.3196359872817993,1.0543594360351562,True,S08_papercraft_s42_B6_neg_00001_.png,S08_papercraft_s42_baseline_00001_.png
S08_papercraft,42,Block_6_pos,B6_pos,0.9665408730506897,-0.479461669921875,True,S08_papercraft_s42_B6_pos_00001_.png,S08_papercraft_s42_baseline_00001_.png
S08_papercraft,42,scramble_A_neg,scrA_neg,1.0379784107208252,2.327056884765625,True,S08_papercraft_s42_scrA_neg_00001_.png,S08_papercraft_s42_baseline_00001_.png
S08_papercraft,42,scramble_A_pos,scrA_pos,1.1452783346176147,0.1104736328125,True,S08_papercraft_s42_scrA_pos_00001_.png,S08_papercraft_s42_baseline_00001_.png
S08_papercraft,42,scramble_B_neg,scrB_neg,0.900776743888855,23.850326538085938,False,S08_papercraft_s42_scrB_neg_00001_.png,S08_papercraft_s42_baseline_00001_.png
S08_papercraft,42,scramble_B_pos,scrB_pos,1.161264419555664,-26.743690490722656,False,S08_papercraft_s42_scrB_pos_00001_.png,S08_papercraft_s42_baseline_00001_.png
S09_fresco,1337,Block_1_neg,B1_neg,0.9646023511886597,-2.7575225830078125,True,S09_fresco_s1337_B1_neg_00001_.png,S09_fresco_s1337_baseline_00001_.png
S09_fresco,1337,Block_1_pos,B1_pos,1.0414202213287354,3.14739990234375,True,S09_fresco_s1337_B1_pos_00001_.png,S09_fresco_s1337_baseline_00001_.png
S09_fresco,1337,Block_6_neg,B6_neg,1.3405985832214355,2.5268707275390625,True,S09_fresco_s1337_B6_neg_00001_.png,S09_fresco_s1337_baseline_00001_.png
S09_fresco,1337,Block_6_pos,B6_pos,0.827761173248291,-2.1962738037109375,True,S09_fresco_s1337_B6_pos_00001_.png,S09_fresco_s1337_baseline_00001_.png
S09_fresco,1337,scramble_A_neg,scrA_neg,0.9942414164543152,1.6443939208984375,True,S09_fresco_s1337_scrA_neg_00001_.png,S09_fresco_s1337_baseline_00001_.png
S09_fresco,1337,scramble_A_pos,scrA_pos,1.0458941459655762,-1.2997894287109375,True,S09_fresco_s1337_scrA_pos_00001_.png,S09_fresco_s1337_baseline_00001_.png
S09_fresco,1337,scramble_B_neg,scrB_neg,0.7451601028442383,29.820419311523438,False,S09_fresco_s1337_scrB_neg_00001_.png,S09_fresco_s1337_baseline_00001_.png
S09_fresco,1337,scramble_B_pos,scrB_pos,1.2167526483535767,-28.302139282226562,False,S09_fresco_s1337_scrB_pos_00001_.png,S09_fresco_s1337_baseline_00001_.png
S09_fresco,4242145,Block_1_neg,B1_neg,0.9734282493591309,-3.42852783203125,True,S09_fresco_s4242145_B1_neg_00001_.png,S09_fresco_s4242145_baseline_00001_.png
S09_fresco,4242145,Block_1_pos,B1_pos,1.0386801958084106,2.8516845703125,True,S09_fresco_s4242145_B1_pos_00001_.png,S09_fresco_s4242145_baseline_00001_.png
S09_fresco,4242145,Block_6_neg,B6_neg,1.3715845346450806,0.3287811279296875,True,S09_fresco_s4242145_B6_neg_00001_.png,S09_fresco_s4242145_baseline_00001_.png
S09_fresco,4242145,Block_6_pos,B6_pos,0.8582471013069153,-3.701202392578125,True,S09_fresco_s4242145_B6_pos_00001_.png,S09_fresco_s4242145_baseline_00001_.png
S09_fresco,4242145,scramble_A_neg,scrA_neg,0.974943995475769,1.437469482421875,True,S09_fresco_s4242145_scrA_neg_00001_.png,S09_fresco_s4242145_baseline_00001_.png
S09_fresco,4242145,scramble_A_pos,scrA_pos,1.0395119190216064,-1.9815826416015625,True,S09_fresco_s4242145_scrA_pos_00001_.png,S09_fresco_s4242145_baseline_00001_.png
S09_fresco,4242145,scramble_B_neg,scrB_neg,0.7885202765464783,26.995346069335938,False,S09_fresco_s4242145_scrB_neg_00001_.png,S09_fresco_s4242145_baseline_00001_.png
S09_fresco,4242145,scramble_B_pos,scrB_pos,1.248741865158081,-30.304367065429688,False,S09_fresco_s4242145_scrB_pos_00001_.png,S09_fresco_s4242145_baseline_00001_.png
S09_fresco,42,Block_1_neg,B1_neg,0.9825474619865417,-3.386688232421875,True,S09_fresco_s42_B1_neg_00001_.png,S09_fresco_s42_baseline_00001_.png
S09_fresco,42,Block_1_pos,B1_pos,0.9988963007926941,3.7849273681640625,True,S09_fresco_s42_B1_pos_00001_.png,S09_fresco_s42_baseline_00001_.png
S09_fresco,42,Block_6_neg,B6_neg,1.320839762687683,-0.3423309326171875,True,S09_fresco_s42_B6_neg_00001_.png,S09_fresco_s42_baseline_00001_.png
S09_fresco,42,Block_6_pos,B6_pos,0.8198750615119934,-6.1115264892578125,True,S09_fresco_s42_B6_pos_00001_.png,S09_fresco_s42_baseline_00001_.png
S09_fresco,42,scramble_A_neg,scrA_neg,0.9720247983932495,0.141510009765625,True,S09_fresco_s42_scrA_neg_00001_.png,S09_fresco_s42_baseline_00001_.png
S09_fresco,42,scramble_A_pos,scrA_pos,1.0195462703704834,-1.5505218505859375,True,S09_fresco_s42_scrA_pos_00001_.png,S09_fresco_s42_baseline_00001_.png
S09_fresco,42,scramble_B_neg,scrB_neg,0.763157844543457,27.041091918945312,False,S09_fresco_s42_scrB_neg_00001_.png,S09_fresco_s42_baseline_00001_.png
S09_fresco,42,scramble_B_pos,scrB_pos,1.1888890266418457,-29.315650939941406,False,S09_fresco_s42_scrB_pos_00001_.png,S09_fresco_s42_baseline_00001_.png
S10_synthwave,1337,Block_1_neg,B1_neg,0.9010794758796692,-2.6805801391601562,True,S10_synthwave_s1337_B1_neg_00001_.png,S10_synthwave_s1337_baseline_00001_.png
S10_synthwave,1337,Block_1_pos,B1_pos,1.1051883697509766,-0.429901123046875,True,S10_synthwave_s1337_B1_pos_00001_.png,S10_synthwave_s1337_baseline_00001_.png
S10_synthwave,1337,Block_6_neg,B6_neg,1.1663497686386108,-3.22259521484375,True,S10_synthwave_s1337_B6_neg_00001_.png,S10_synthwave_s1337_baseline_00001_.png
S10_synthwave,1337,Block_6_pos,B6_pos,0.7460496425628662,-5.9537353515625,True,S10_synthwave_s1337_B6_pos_00001_.png,S10_synthwave_s1337_baseline_00001_.png
S10_synthwave,1337,scramble_A_neg,scrA_neg,0.9724327325820923,-0.7591323852539062,True,S10_synthwave_s1337_scrA_neg_00001_.png,S10_synthwave_s1337_baseline_00001_.png
S10_synthwave,1337,scramble_A_pos,scrA_pos,0.9864377379417419,-2.793212890625,True,S10_synthwave_s1337_scrA_pos_00001_.png,S10_synthwave_s1337_baseline_00001_.png
S10_synthwave,1337,scramble_B_neg,scrB_neg,0.7905237674713135,26.603958129882812,False,S10_synthwave_s1337_scrB_neg_00001_.png,S10_synthwave_s1337_baseline_00001_.png
S10_synthwave,1337,scramble_B_pos,scrB_pos,1.0088273286819458,-34.93987274169922,False,S10_synthwave_s1337_scrB_pos_00001_.png,S10_synthwave_s1337_baseline_00001_.png
S10_synthwave,4242145,Block_1_neg,B1_neg,0.921076238155365,-0.9425735473632812,True,S10_synthwave_s4242145_B1_neg_00001_.png,S10_synthwave_s4242145_baseline_00001_.png
S10_synthwave,4242145,Block_1_pos,B1_pos,1.1836479902267456,-0.2098236083984375,True,S10_synthwave_s4242145_B1_pos_00001_.png,S10_synthwave_s4242145_baseline_00001_.png
S10_synthwave,4242145,Block_6_neg,B6_neg,1.137152075767517,-5.161262512207031,True,S10_synthwave_s4242145_B6_neg_00001_.png,S10_synthwave_s4242145_baseline_00001_.png
S10_synthwave,4242145,Block_6_pos,B6_pos,0.8504968285560608,-3.5831298828125,True,S10_synthwave_s4242145_B6_pos_00001_.png,S10_synthwave_s4242145_baseline_00001_.png
S10_synthwave,4242145,scramble_A_neg,scrA_neg,0.9307594299316406,-1.22137451171875,True,S10_synthwave_s4242145_scrA_neg_00001_.png,S10_synthwave_s4242145_baseline_00001_.png
S10_synthwave,4242145,scramble_A_pos,scrA_pos,1.096177101135254,-3.7349472045898438,True,S10_synthwave_s4242145_scrA_pos_00001_.png,S10_synthwave_s4242145_baseline_00001_.png
S10_synthwave,4242145,scramble_B_neg,scrB_neg,0.8726493120193481,28.35498809814453,False,S10_synthwave_s4242145_scrB_neg_00001_.png,S10_synthwave_s4242145_baseline_00001_.png
S10_synthwave,4242145,scramble_B_pos,scrB_pos,0.9731798768043518,-31.94446563720703,False,S10_synthwave_s4242145_scrB_pos_00001_.png,S10_synthwave_s4242145_baseline_00001_.png
S10_synthwave,42,Block_1_neg,B1_neg,0.8912751078605652,7.2674102783203125,True,S10_synthwave_s42_B1_neg_00001_.png,S10_synthwave_s42_baseline_00001_.png
S10_synthwave,42,Block_1_pos,B1_pos,1.0882720947265625,-0.4983367919921875,True,S10_synthwave_s42_B1_pos_00001_.png,S10_synthwave_s42_baseline_00001_.png
S10_synthwave,42,Block_6_neg,B6_neg,1.0859344005584717,-3.555206298828125,True,S10_synthwave_s42_B6_neg_00001_.png,S10_synthwave_s42_baseline_00001_.png
S10_synthwave,42,Block_6_pos,B6_pos,0.9332066774368286,-1.5676116943359375,True,S10_synthwave_s42_B6_pos_00001_.png,S10_synthwave_s42_baseline_00001_.png
S10_synthwave,42,scramble_A_neg,scrA_neg,0.9770721793174744,4.633827209472656,True,S10_synthwave_s42_scrA_neg_00001_.png,S10_synthwave_s42_baseline_00001_.png
S10_synthwave,42,scramble_A_pos,scrA_pos,1.0658396482467651,-0.20009613037109375,True,S10_synthwave_s42_scrA_pos_00001_.png,S10_synthwave_s42_baseline_00001_.png
S10_synthwave,42,scramble_B_neg,scrB_neg,0.7677615880966187,29.84613037109375,False,S10_synthwave_s42_scrB_neg_00001_.png,S10_synthwave_s42_baseline_00001_.png
S10_synthwave,42,scramble_B_pos,scrB_pos,1.007406234741211,-32.23308563232422,False,S10_synthwave_s42_scrB_pos_00001_.png,S10_synthwave_s42_baseline_00001_.png
