run_id,prompt_id,seed,condition,cond_tag,dose_target_D,angle_deg,image_path,file,width_px,height_px,stroke_width_median_px,stroke_width_std_px,stroke_width_cv,edge_density,contour_mean_length_px,contour_n_components,crosshatch_entropy_mean,crosshatch_entropy_p90,color_top4_cluster_share,color_cluster_entropy_norm,color_n_effective,colorfulness_hs,luminance_hist_n_peaks,shadow_edge_transition_width_px,shadow_edge_transition_width_std,glcm_contrast,glcm_homogeneity,glcm_energy,glcm_correlation,lbp_entropy,lbp_uniform_share,fft_radial_slope,fft_high_freq_share
0,P01,1618033,B1_neg,B1_neg_d030,0.03,-15.7296,C:\StabilityMatrix-win-x64\Data\Packages\ComfyUI\output\benchmark_rotations_clean_v1_steps5\renders\P01_s1618033_B1_neg_d030_00001_.png,P01_s1618033_B1_neg_d030_00001_.png,1024,1280,2.799999952316284,2.097161293029785,0.7489861888372249,0.11168441772460938,61.17300459674049,2393,3.4250104427337646,4.074507713317871,0.5179,0.8857495914040618,11.655979706484478,44.31927490234375,2,20.0,5.735415346736304,7.109615952497657,0.7123981580477761,0.21458026660981283,0.9026363264343931,3.1453510952809745,0.874994659423828,-3.336429373566631,2.1260066359458936e-05
1,P01,1618033,B1_neg,B1_neg_d045,0.045001,-23.69,C:\StabilityMatrix-win-x64\Data\Packages\ComfyUI\output\benchmark_rotations_clean_v1_steps5\renders\P01_s1618033_B1_neg_d045_00001_.png,P01_s1618033_B1_neg_d045_00001_.png,1024,1280,2.799999952316284,1.964207649230957,0.7015027438147194,0.11149978637695312,46.63209955328654,3134,3.706648588180542,4.101970195770264,0.4614,0.9389218307825443,13.507486389259943,44.89755630493164,2,23.0,4.352220349830655,6.731672878853015,0.6711367700603377,0.14605006417905803,0.8998182432240776,2.994102301615559,0.9276679992675781,-3.3151462968548873,1.9458249310614493e-05
2,P01,1618033,B1_neg,B1_neg_d060,0.06,-31.7657,C:\StabilityMatrix-win-x64\Data\Packages\ComfyUI\output\benchmark_rotations_clean_v1_steps5\renders\P01_s1618033_B1_neg_d060_00001_.png,P01_s1618033_B1_neg_d060_00001_.png,1024,1280,4.0,1.6817947626113892,0.4204486906528473,0.14729385375976561,42.6937195931004,4522,3.999701976776123,4.104676723480225,0.37379999999999997,0.9682035604123602,14.649852577332283,46.764068603515625,1,24.0,3.1211854108216452,4.146014743011006,0.5899246622721522,0.12279929108670112,0.8938559783399765,2.488644023807379,0.9691055297851562,-3.831800389138298,4.349795758842476e-06
3,P01,1618033,B1_pos,B1_pos_d030,0.03,15.7296,C:\StabilityMatrix-win-x64\Data\Packages\ComfyUI\output\benchmark_rotations_clean_v1_steps5\renders\P01_s1618033_B1_pos_d030_00001_.png,P01_s1618033_B1_pos_d030_00001_.png,1024,1280,2.799999952316284,2.021868944168091,0.7220960637858266,0.15003738403320313,60.60308166409861,3245,3.1424646377563477,3.9350168704986572,0.50925,0.8922239316735339,11.867101724211356,44.96442794799805,1,20.0,5.5709854758034725,8.302605515131162,0.6746528265429718,0.21713852040561446,0.8793929661172757,3.074138084550878,0.9077606201171875,-3.3826367721999504,2.059908909706458e-05
4,P01,1618033,B1_pos,B1_pos_d045,0.045001,23.69,C:\StabilityMatrix-win-x64\Data\Packages\ComfyUI\output\benchmark_rotations_clean_v1_steps5\renders\P01_s1618033_B1_pos_d045_00001_.png,P01_s1618033_B1_pos_d045_00001_.png,1024,1280,4.0,2.055997848510742,0.5139994621276855,0.15601730346679688,53.51871237895839,3821,3.08587646484375,3.958108901977539,0.5569,0.8722834120223221,11.22881397271383,53.88712692260742,1,21.0,6.02191118951043,9.751380613378409,0.6569532207431474,0.22423426615005382,0.8593293203129136,2.895251581881438,0.948748779296875,-3.1853627563373847,4.4837980157520886e-05
5,P01,1618033,B1_pos,B1_pos_d060,0.06,31.7657,C:\StabilityMatrix-win-x64\Data\Packages\ComfyUI\output\benchmark_rotations_clean_v1_steps5\renders\P01_s1618033_B1_pos_d060_00001_.png,P01_s1618033_B1_pos_d060_00001_.png,1024,1280,2.799999952316284,2.0978400707244873,0.7492286094466041,0.13992843627929688,36.17495069033531,5070,3.568713426589966,4.025716304779053,0.44234999999999997,0.9419371142086846,13.62088422810619,57.38526916503906,1,24.0,4.869788881460879,10.449728644238967,0.6287141118187627,0.15831393814923753,0.8995103584269422,2.877602879092749,0.9523323059082031,-3.221505319945285,3.268452247194805e-05
6,P01,1618033,B6_neg,B6_neg_d030,0.03,-21.3119,C:\StabilityMatrix-win-x64\Data\Packages\ComfyUI\output\benchmark_rotations_clean_v1_steps5\renders\P01_s1618033_B6_neg_d030_00001_.png,P01_s1618033_B6_neg_d030_00001_.png,1024,1280,2.0,0.6174321174621582,0.3087160587310791,0.3484832763671875,33.555980017631505,13612,1.879296898841858,2.0762455463409424,0.36350000000000005,0.9600088679143175,14.320753236013369,37.025699615478516,1,26.0,1.9718229985219258,13.916282022235668,0.28358855456562326,0.08373894249995315,0.5332712153213239,2.692126048379781,0.8587074279785157,-2.627972983819512,7.103012780097479e-05
7,P01,1618033,B6_neg,B6_neg_d045,0.045001,-32.21,C:\StabilityMatrix-win-x64\Data\Packages\ComfyUI\output\benchmark_rotations_clean_v1_steps5\renders\P01_s1618033_B6_neg_d045_00001_.png,P01_s1618033_B6_neg_d045_00001_.png,1024,1280,2.0,0.3774690330028534,0.1887345165014267,0.0007781982421875,26.153846153846153,39,3.64836049079895,3.797267436981201,0.4007,0.9575623261777723,14.223940652341941,24.81006622314453,1,26.0,2.4334658106330265,0.9090985365459439,0.6944766198947108,0.24906194510981536,0.798036090321707,2.9288527896058154,0.7578598022460937,-2.191244275555327,8.944856865332058e-06
8,P01,1618033,B6_neg,B6_neg_d060,0.06,-43.405426,C:\StabilityMatrix-win-x64\Data\Packages\ComfyUI\output\benchmark_rotations_clean_v1_steps5\renders\P01_s1618033_B6_neg_d060_00001_.png,P01_s1618033_B6_neg_d060_00001_.png,1024,1280,2.0,0.7375375032424927,0.36876875162124634,0.0643341064453125,42.891149542217704,1966,3.859550714492798,3.98909330368042,0.38950000000000007,0.960843029157659,14.35391240465722,27.225339889526367,1,26.0,2.3862414330526813,1.7800250452109645,0.6225975887964781,0.21123716188869407,0.7347720760019383,2.97526861539579,0.7555511474609375,-2.080168738641612,2.129933643334033e-05
9,P01,1618033,B6_pos,B6_pos_d030,0.03,21.3119,C:\StabilityMatrix-win-x64\Data\Packages\ComfyUI\output\benchmark_rotations_clean_v1_steps5\renders\P01_s1618033_B6_pos_d030_00001_.png,P01_s1618033_B6_pos_d030_00001_.png,1024,1280,4.0,1.7743126153945923,0.44357815384864807,0.001575469970703125,52.94871794871795,39,3.4527809619903564,3.962373971939087,0.8032999999999999,0.6185627344469072,5.5567869888659605,30.097972869873047,0,16.0,5.0166676029862005,0.13077085970459673,0.9524329871497463,0.6429596619100122,0.9904577648790334,1.8707426419437836,0.9857894897460937,-3.769347540872403,1.0493681558325602e-06
10,P01,1618033,B6_pos,B6_pos_d045,0.045001,32.21,C:\StabilityMatrix-win-x64\Data\Packages\ComfyUI\output\benchmark_rotations_clean_v1_steps5\renders\P01_s1618033_B6_pos_d045_00001_.png,P01_s1618033_B6_pos_d045_00001_.png,1024,1280,4.0,1.0266979932785034,0.25667449831962585,9.1552734375e-05,120.0,1,2.70681095123291,3.7679929733276367,0.9919,0.056748553168346996,1.1703939464659938,5.610128402709961,0,11.0,5.530142546706066,0.004036305404036926,0.9986474914483132,0.9921959290042016,0.9729176158379034,0.15894538373142672,0.998419189453125,-3.534857160550514,6.998715975377313e-06
11,P01,1618033,B6_pos,B6_pos_d060,0.06,43.405426,C:\StabilityMatrix-win-x64\Data\Packages\ComfyUI\output\benchmark_rotations_clean_v1_steps5\renders\P01_s1618033_B6_pos_d060_00001_.png,P01_s1618033_B6_pos_d060_00001_.png,1024,1280,,,,0.0,0.0,0,2.9230101108551025,3.296405553817749,0.3717,0.9551912698201762,14.130739662529747,6.547222137451172,0,,,1.1467613271550746e-06,0.9999994266193365,0.999998853239038,-5.733810287873824e-07,1.7338722117423733,0.9914230346679688,-2.4304995856431653,0.00025978578752079847
12,P01,1618033,baseline,baseline,0.0,0.0,C:\StabilityMatrix-win-x64\Data\Packages\ComfyUI\output\benchmark_rotations_clean_v1_steps5\renders\P01_s1618033_baseline_00001_.png,P01_s1618033_baseline_00001_.png,1024,1280,2.799999952316284,2.195500373840332,0.7841072897248147,0.1137542724609375,59.71165398478174,2497,3.1563289165496826,4.003498554229736,0.5503,0.8740375646498683,11.283558820275152,43.61470413208008,2,16.0,6.3575465761110195,8.49063831283042,0.7300237409739198,0.29345074326323045,0.9015260278503099,3.1190390264794092,0.8517196655273437,-3.3819924065500526,2.0194783022869763e-05
13,P01,1618033,scrA_neg,scrA_neg_d030,0.03,-15.7296,C:\StabilityMatrix-win-x64\Data\Packages\ComfyUI\output\benchmark_rotations_clean_v1_steps5\renders\P01_s1618033_scrA_neg_d030_00001_.png,P01_s1618033_scrA_neg_d030_00001_.png,1024,1280,2.799999952316284,1.9471712112426758,0.6954183015724301,0.12915191650390626,52.8016219588272,3206,3.4213197231292725,4.0540666580200195,0.5062,0.8880450550749425,11.730399318004634,34.14102554321289,1,20.0,5.275038480832368,6.828970574805226,0.6932365255350151,0.20388558725030093,0.8878857749001552,3.0680703538867835,0.9108825683593749,-3.3472511948998074,2.2142700111393043e-05
14,P01,1618033,scrA_neg,scrA_neg_d045,0.045001,-23.69,C:\StabilityMatrix-win-x64\Data\Packages\ComfyUI\output\benchmark_rotations_clean_v1_steps5\renders\P01_s1618033_scrA_neg_d045_00001_.png,P01_s1618033_scrA_neg_d045_00001_.png,1024,1280,4.0,2.0579447746276855,0.5144861936569214,0.12243118286132812,49.55929586164299,3238,3.553774118423462,4.019076824188232,0.48455,0.895687799153734,11.981620978426447,46.977020263671875,1,21.0,5.074572520717734,8.671887942703584,0.6771891013145552,0.16665022257133363,0.8474199550350974,2.8384164737452275,0.9551071166992187,-3.2579903165980326,3.308742684109286e-05
15,P01,1618033,scrA_neg,scrA_neg_d060,0.06,-31.7657,C:\StabilityMatrix-win-x64\Data\Packages\ComfyUI\output\benchmark_rotations_clean_v1_steps5\renders\P01_s1618033_scrA_neg_d060_00001_.png,P01_s1618033_scrA_neg_d060_00001_.png,1024,1280,4.0,1.7642838954925537,0.4410709738731384,0.08273391723632813,43.620675784392596,2486,3.9271161556243896,4.089189052581787,0.43720000000000003,0.932987062004331,13.287043747515066,33.264549255371094,2,23.0,3.345609008068485,2.619065331947317,0.6780301694450548,0.1360549548271027,0.9552315756803146,2.4834736741237067,0.9731742858886719,-3.866614732304491,2.789861774344646e-06
16,P01,1618033,scrA_pos,scrA_pos_d030,0.03,15.7296,C:\StabilityMatrix-win-x64\Data\Packages\ComfyUI\output\benchmark_rotations_clean_v1_steps5\renders\P01_s1618033_scrA_pos_d030_00001_.png,P01_s1618033_scrA_pos_d030_00001_.png,1024,1280,2.799999952316284,2.3075404167175293,0.8241215914338247,0.114715576171875,52.335537765402016,2873,3.3601908683776855,4.0133748054504395,0.57435,0.8437369918817971,10.374342267753612,46.735618591308594,2,19.0,6.013508055321161,8.92359721247291,0.7200279347318913,0.29462739926968656,0.8996388825880997,2.9776307038715397,0.9205650329589843,-3.400969116966268,2.1027422702645632e-05
17,P01,1618033,scrA_pos,scrA_pos_d045,0.045001,23.69,C:\StabilityMatrix-win-x64\Data\Packages\ComfyUI\output\benchmark_rotations_clean_v1_steps5\renders\P01_s1618033_scrA_pos_d045_00001_.png,P01_s1618033_scrA_pos_d045_00001_.png,1024,1280,4.0,2.268669843673706,0.5671674609184265,0.07601242065429688,57.292121909143184,1739,3.396533966064453,4.015076637268066,0.6534,0.7893700368941708,8.922698845344275,51.444358825683594,2,19.0,5.9842753745326105,3.5130122194873765,0.7959407930794762,0.3560263299234546,0.9333827324927629,2.7250056971622065,0.9571296691894531,-3.3672450790851083,2.2122017353454874e-05
18,P01,1618033,scrA_pos,scrA_pos_d060,0.06,31.7657,C:\StabilityMatrix-win-x64\Data\Packages\ComfyUI\output\benchmark_rotations_clean_v1_steps5\renders\P01_s1618033_scrA_pos_d060_00001_.png,P01_s1618033_scrA_pos_d060_00001_.png,1024,1280,2.799999952316284,1.8417387008666992,0.6577638329397582,0.028041839599609375,44.44377267230955,827,3.7687525749206543,4.064358711242676,0.6186499999999999,0.8409481405586781,10.294433687850493,42.573001861572266,1,21.0,5.179806374216631,0.8266751137593598,0.8464043797866994,0.33056158662213947,0.9761262722329166,2.715256794885334,0.9673881530761719,-3.596802727845512,7.725275756494092e-06
19,P01,1618033,scrB_neg,scrB_neg_d030,0.03,-21.3119,C:\StabilityMatrix-win-x64\Data\Packages\ComfyUI\output\benchmark_rotations_clean_v1_steps5\renders\P01_s1618033_scrB_neg_d030_00001_.png,P01_s1618033_scrB_neg_d030_00001_.png,1024,1280,2.0,0.7184866666793823,0.35924333333969116,0.03607864379882812,83.69734513274337,565,3.467662811279297,3.969845771789551,0.5273,0.9037941442470664,12.253963694666098,83.15381622314453,3,25.0,3.1298415867418576,0.6041528645894685,0.8248182926686312,0.20394296966198114,0.9904681374392168,2.998586223093784,0.9058883666992187,-3.761789261248297,6.665826068385153e-07
20,P01,1618033,scrB_neg,scrB_neg_d045,0.045001,-32.21,C:\StabilityMatrix-win-x64\Data\Packages\ComfyUI\output\benchmark_rotations_clean_v1_steps5\renders\P01_s1618033_scrB_neg_d045_00001_.png,P01_s1618033_scrB_neg_d045_00001_.png,1024,1280,2.0,0.7003511190414429,0.35017555952072144,0.0,0.0,0,3.590893507003784,3.937579870223999,0.444,0.9410218933275692,13.586364626662423,61.344444274902344,1,21.0,2.698330530961874,0.19809050498174807,0.9026620141679194,0.33162491729315113,0.9703510485241533,2.9302897676525848,0.9014205932617188,-3.4695773465791784,4.841990597785998e-07
21,P01,1618033,scrB_neg,scrB_neg_d060,0.06,-43.405426,C:\StabilityMatrix-win-x64\Data\Packages\ComfyUI\output\benchmark_rotations_clean_v1_steps5\renders\P01_s1618033_scrB_neg_d060_00001_.png,P01_s1618033_scrB_neg_d060_00001_.png,1024,1280,2.0,0.6420376300811768,0.3210188150405884,0.0,0.0,0,3.7728452682495117,3.9280292987823486,0.45135000000000003,0.9143236730001825,12.616979728175838,19.943500518798828,1,,,0.16795823482134653,0.9162045067804876,0.6064443870484756,0.7170489096072765,2.859520863084109,0.9137359619140626,-3.3142753517724266,8.40237136319937e-07
22,P01,1618033,scrB_pos,scrB_pos_d030,0.03,21.3119,C:\StabilityMatrix-win-x64\Data\Packages\ComfyUI\output\benchmark_rotations_clean_v1_steps5\renders\P01_s1618033_scrB_pos_d030_00001_.png,P01_s1618033_scrB_pos_d030_00001_.png,1024,1280,2.799999952316284,1.2612738609313965,0.45045495800384383,0.021630859375,51.54909090909091,550,3.1355504989624023,3.791170358657837,0.7749,0.7026154703503374,7.015091305099191,24.81471061706543,0,22.0,4.6487666048566,0.4771359880069614,0.9157484698154083,0.7288445978093698,0.9396327635549163,2.1910369935558096,0.9436798095703125,-3.141772506741631,3.12423247972377e-05
23,P01,1618033,scrB_pos,scrB_pos_d045,0.045001,32.21,C:\StabilityMatrix-win-x64\Data\Packages\ComfyUI\output\benchmark_rotations_clean_v1_steps5\renders\P01_s1618033_scrB_pos_d045_00001_.png,P01_s1618033_scrB_pos_d045_00001_.png,1024,1280,2.799999952316284,1.414766550064087,0.5052737764847922,0.04067306518554688,45.68209083119109,1167,3.6109907627105713,3.9485135078430176,0.69875,0.7536157080573522,8.080602309926801,26.43617820739746,0,24.0,3.1106732650529376,0.7236980796111079,0.8659073950104703,0.6054988053471029,0.9890403861089105,2.399183937929583,0.9634788513183594,-3.6804566467589157,1.8125981768381043e-06
24,P01,1618033,scrB_pos,scrB_pos_d060,0.06,43.405426,C:\StabilityMatrix-win-x64\Data\Packages\ComfyUI\output\benchmark_rotations_clean_v1_steps5\renders\P01_s1618033_scrB_pos_d060_00001_.png,P01_s1618033_scrB_pos_d060_00001_.png,1024,1280,2.0,0.29756689071655273,0.14878344535827637,1.8310546875e-05,24.0,1,3.6538779735565186,3.903123140335083,0.38655000000000006,0.9604695844141001,14.33905793065152,24.945281982421875,1,24.0,3.6893725425837953,0.19688120929972341,0.9056452302139866,0.6996106224066132,0.6285856599847395,3.0517269407747487,0.848370361328125,-3.531140230953962,4.4314356883211865e-08
25,P01,2718281,B1_neg,B1_neg_d030,0.03,-15.7296,C:\StabilityMatrix-win-x64\Data\Packages\ComfyUI\output\benchmark_rotations_clean_v1_steps5\renders\P01_s2718281_B1_neg_d030_00001_.png,P01_s2718281_B1_neg_d030_00001_.png,1024,1280,2.799999952316284,2.0751216411590576,0.7411148844636318,0.11960906982421875,55.105096660808435,2845,3.3969788551330566,4.0530900955200195,0.50645,0.895518207038902,11.975988434532347,43.07081985473633,1,20.0,5.483302619937315,7.516184860961939,0.7070694320782407,0.23730801129449267,0.9026211086207616,3.1249357778095472,0.88233642578125,-3.34624930398288,2.257787354472888e-05
26,P01,2718281,B1_neg,B1_neg_d045,0.045001,-23.69,C:\StabilityMatrix-win-x64\Data\Packages\ComfyUI\output\benchmark_rotations_clean_v1_steps5\renders\P01_s2718281_B1_neg_d045_00001_.png,P01_s2718281_B1_neg_d045_00001_.png,1024,1280,2.799999952316284,2.0334970951080322,0.7262489749065293,0.11228713989257813,46.2094191522763,3185,3.7023143768310547,4.095807075500488,0.44595,0.9408525829011227,13.579988300988107,45.79704284667969,1,22.0,4.731603063383566,7.598043007642729,0.6847298903981311,0.16021590045492148,0.9050823189823128,2.9659263322316813,0.9363700866699219,-3.3266675266579693,2.0312338027680704e-05
27,P01,2718281,B1_neg,B1_neg_d060,0.06,-31.7657,C:\StabilityMatrix-win-x64\Data\Packages\ComfyUI\output\benchmark_rotations_clean_v1_steps5\renders\P01_s2718281_B1_neg_d060_00001_.png,P01_s2718281_B1_neg_d060_00001_.png,1024,1280,4.0,1.6731219291687012,0.4182804822921753,0.13000030517578126,43.679569341194565,3901,4.015284061431885,4.105142116546631,0.39295,0.9611372580098376,14.3656267536132,42.41092300415039,1,24.0,3.1941244121986614,2.4395439279229425,0.6246408507865495,0.14677041990724238,0.8947958556789246,2.486300788901056,0.9693809509277345,-3.985627182697796,1.9921746016451797e-06
28,P01,2718281,B1_pos,B1_pos_d030,0.03,15.7296,C:\StabilityMatrix-win-x64\Data\Packages\ComfyUI\output\benchmark_rotations_clean_v1_steps5\renders\P01_s2718281_B1_pos_d030_00001_.png,P01_s2718281_B1_pos_d030_00001_.png,1024,1280,2.799999952316284,2.079615831375122,0.7427199524252747,0.13522109985351563,60.864354395604394,2912,3.1821165084838867,3.9760196208953857,0.51695,0.8988265894809667,12.08634696146604,45.86613845825195,1,20.0,5.192926529183713,6.709525366521887,0.6930494408060028,0.20519301065805606,0.889949052131658,3.063592497249843,0.9091270446777344,-3.493465628856957,1.479149700666861e-05
29,P01,2718281,B1_pos,B1_pos_d045,0.045001,23.69,C:\StabilityMatrix-win-x64\Data\Packages\ComfyUI\output\benchmark_rotations_clean_v1_steps5\renders\P01_s2718281_B1_pos_d045_00001_.png,P01_s2718281_B1_pos_d045_00001_.png,1024,1280,2.799999952316284,2.2045793533325195,0.7873497824558153,0.1428741455078125,51.73149171270718,3620,3.1927270889282227,4.0257487297058105,0.5581499999999999,0.8728133175664071,11.245323585086007,52.20454406738281,1,21.0,5.521345783859652,8.250633456971018,0.6765615091570636,0.23823195331372776,0.8495474875620332,2.87482657252897,0.9489524841308594,-3.2827922638399527,4.117187011441183e-05
30,P01,2718281,B1_pos,B1_pos_d060,0.06,31.7657,C:\StabilityMatrix-win-x64\Data\Packages\ComfyUI\output\benchmark_rotations_clean_v1_steps5\renders\P01_s2718281_B1_pos_d060_00001_.png,P01_s2718281_B1_pos_d060_00001_.png,1024,1280,2.799999952316284,2.207907199859619,0.7885382990928769,0.13659210205078126,37.963104325699746,4716,3.5116474628448486,4.0153021812438965,0.4472,0.9381674841762631,13.479265100071686,62.69556427001953,3,23.0,5.1058548177303855,11.202271352239265,0.6336078882474592,0.14988676850942584,0.8999668643242754,2.848117754125014,0.9526962280273439,-3.2231823994082465,3.405443701980942e-05
31,P01,2718281,B6_neg,B6_neg_d030,0.03,-21.3119,C:\StabilityMatrix-win-x64\Data\Packages\ComfyUI\output\benchmark_rotations_clean_v1_steps5\renders\P01_s2718281_B6_neg_d030_00001_.png,P01_s2718281_B6_neg_d030_00001_.png,1024,1280,2.0,0.6102966070175171,0.30514830350875854,0.35006561279296877,33.41864530225783,13730,1.9197560548782349,2.1143922805786133,0.40245,0.9478090185455037,13.84445228925278,40.4827880859375,1,26.0,2.047950194706893,15.717537533199856,0.26456249004895893,0.0827546065645426,0.44694764346761856,2.689687703242087,0.8507003784179688,-2.5849563039014294,9.267731984653953e-05
32,P01,2718281,B6_neg,B6_neg_d045,0.045001,-32.21,C:\StabilityMatrix-win-x64\Data\Packages\ComfyUI\output\benchmark_rotations_clean_v1_steps5\renders\P01_s2718281_B6_neg_d045_00001_.png,P01_s2718281_B6_neg_d045_00001_.png,1024,1280,2.0,0.4575882852077484,0.2287941426038742,0.0863983154296875,39.375521557719054,2876,3.511049747467041,3.7158761024475098,0.40815,0.9465011474289956,13.79434060481918,24.080364227294922,1,27.0,2.2185941967040286,2.3664554521400474,0.5654601217110116,0.21063135832783014,0.4985626949193196,2.9949716248616043,0.7811691284179687,-2.102413535386627,3.257212197411058e-05
33,P01,2718281,B6_neg,B6_neg_d060,0.06,-43.405426,C:\StabilityMatrix-win-x64\Data\Packages\ComfyUI\output\benchmark_rotations_clean_v1_steps5\renders\P01_s2718281_B6_neg_d060_00001_.png,P01_s2718281_B6_neg_d060_00001_.png,1024,1280,2.0,0.48129016160964966,0.24064508080482483,0.22667999267578126,25.018019535197038,11876,3.732034683227539,3.8871219158172607,0.3989,0.9603370889970788,14.333791369147155,21.071081161499023,1,26.0,1.9885908955841067,5.843460621947505,0.42211575181416855,0.12222845076863634,0.5964343357024934,2.962673598364233,0.768450927734375,-1.8171538759115766,0.0003713467052654999
34,P01,2718281,B6_pos,B6_pos_d030,0.03,21.3119,C:\StabilityMatrix-win-x64\Data\Packages\ComfyUI\output\benchmark_rotations_clean_v1_steps5\renders\P01_s2718281_B6_pos_d030_00001_.png,P01_s2718281_B6_pos_d030_00001_.png,1024,1280,2.799999952316284,1.6174085140228271,0.5776459077025466,0.000888824462890625,72.8125,16,3.362363576889038,3.937680959701538,0.8383,0.5445380462919109,4.525735231169104,30.026439666748047,0,17.0,5.623297925035785,0.09372926247886798,0.963648005634727,0.694135438914177,0.9911455098758475,1.6583885203531523,0.989898681640625,-3.663340210813243,1.235746915924696e-06
35,P01,2718281,B6_pos,B6_pos_d045,0.045001,32.21,C:\StabilityMatrix-win-x64\Data\Packages\ComfyUI\output\benchmark_rotations_clean_v1_steps5\renders\P01_s2718281_B6_pos_d045_00001_.png,P01_s2718281_B6_pos_d045_00001_.png,1024,1280,4.0,1.0090609788894653,0.25226524472236633,7.01904296875e-05,92.0,1,2.8606112003326416,3.4479689598083496,0.9818500000000001,0.12358205333439734,1.4086646618824723,4.074824333190918,0,14.0,4.512632778693174,0.002507448055720367,0.9990929268147533,0.9952257235677824,0.9633697680550053,0.21906362676970628,0.9977645874023438,-3.3085056639307964,1.6474381605434635e-05
36,P01,2718281,B6_pos,B6_pos_d060,0.06,43.405426,C:\StabilityMatrix-win-x64\Data\Packages\ComfyUI\output\benchmark_rotations_clean_v1_steps5\renders\P01_s2718281_B6_pos_d060_00001_.png,P01_s2718281_B6_pos_d060_00001_.png,1024,1280,,,,0.0,0.0,0,2.967649459838867,3.3359177112579346,0.45215,0.913830586169938,12.599742500149572,6.241579532623291,0,,,5.733806635775373e-07,0.9999997133096683,0.9999994266194461,0.2499997133095586,1.7124714760063744,0.9915458679199219,-2.4214292098380805,0.00033488659471889805
37,P01,2718281,baseline,baseline,0.0,0.0,C:\StabilityMatrix-win-x64\Data\Packages\ComfyUI\output\benchmark_rotations_clean_v1_steps5\renders\P01_s2718281_baseline_00001_.png,P01_s2718281_baseline_00001_.png,1024,1280,2.799999952316284,2.3311445713043213,0.8325516467869563,0.12145462036132812,60.69119329012581,2623,3.223113775253296,4.017055511474609,0.5306500000000001,0.8715240378210973,11.205197334906018,42.435916900634766,1,18.0,6.17388066788013,8.312967963322341,0.7138373546687781,0.2548931612591241,0.8979294188852428,3.157192027943464,0.8378280639648437,-3.4061664387808155,1.8347444540593486e-05
38,P01,2718281,scrA_neg,scrA_neg_d030,0.03,-15.7296,C:\StabilityMatrix-win-x64\Data\Packages\ComfyUI\output\benchmark_rotations_clean_v1_steps5\renders\P01_s2718281_scrA_neg_d030_00001_.png,P01_s2718281_scrA_neg_d030_00001_.png,1024,1280,2.799999952316284,1.8592227697372437,0.6640081433570069,0.13585662841796875,51.68940493468796,3445,3.443567991256714,4.047636032104492,0.5238,0.8925575363716106,11.878083261512963,33.648868560791016,1,21.0,4.845293947481412,6.606661551279748,0.6873260467626953,0.2082558197686262,0.8803260203994956,3.0792237855353966,0.9082794189453124,-3.299386021216406,2.4082763444416986e-05
39,P01,2718281,scrA_neg,scrA_neg_d045,0.045001,-23.69,C:\StabilityMatrix-win-x64\Data\Packages\ComfyUI\output\benchmark_rotations_clean_v1_steps5\renders\P01_s2718281_scrA_neg_d045_00001_.png,P01_s2718281_scrA_neg_d045_00001_.png,1024,1280,4.0,2.080747365951538,0.5201868414878845,0.12720260620117188,47.73174921271114,3493,3.5850956439971924,4.017293930053711,0.5053,0.8923462800504752,11.871127985848531,52.600669860839844,1,21.0,5.357094630231914,8.968934303462634,0.6768280726905189,0.17656813403260707,0.8359824171477408,2.8875721547005164,0.9508247375488281,-3.210680704755332,3.981934463710954e-05
40,P01,2718281,scrA_neg,scrA_neg_d060,0.06,-31.7657,C:\StabilityMatrix-win-x64\Data\Packages\ComfyUI\output\benchmark_rotations_clean_v1_steps5\renders\P01_s2718281_scrA_neg_d060_00001_.png,P01_s2718281_scrA_neg_d060_00001_.png,1024,1280,4.0,1.7684446573257446,0.44211116433143616,0.06404342651367187,41.473814229249015,2024,3.986642837524414,4.099658489227295,0.482,0.9125498885737698,12.555082071440154,34.11875915527344,2,23.0,3.7112086933973703,2.387901510917394,0.7050351215687847,0.138968085635788,0.9590037551431446,2.501156496551538,0.9726005554199219,-3.8049023932087587,3.3059457293383365e-06
41,P01,2718281,scrA_pos,scrA_pos_d030,0.03,15.7296,C:\StabilityMatrix-win-x64\Data\Packages\ComfyUI\output\benchmark_rotations_clean_v1_steps5\renders\P01_s2718281_scrA_pos_d030_00001_.png,P01_s2718281_scrA_pos_d030_00001_.png,1024,1280,4.0,2.2080931663513184,0.5520232915878296,0.11820068359375,54.66760762173606,2834,3.2679286003112793,4.002558708190918,0.54125,0.8634313029767462,10.956576757221738,49.83290481567383,1,18.0,6.2091262217400605,9.330954878397318,0.7154641556256554,0.2813663445130188,0.8903573709904806,2.902360786119705,0.9265663146972656,-3.429718923836563,2.0158357679949074e-05
42,P01,2718281,scrA_pos,scrA_pos_d045,0.045001,23.69,C:\StabilityMatrix-win-x64\Data\Packages\ComfyUI\output\benchmark_rotations_clean_v1_steps5\renders\P01_s2718281_scrA_pos_d045_00001_.png,P01_s2718281_scrA_pos_d045_00001_.png,1024,1280,4.0,2.3934214115142822,0.5983553528785706,0.0752593994140625,51.40385617509119,1919,3.2771241664886475,3.9911913871765137,0.6649,0.7782248423934122,8.651194651321143,54.12220001220703,2,19.0,5.969946670313581,4.098121038465499,0.7872911628642267,0.38573174617131034,0.9317296797913683,2.6655747041288103,0.9592620849609375,-3.472128546073123,2.0318240079077482e-05
43,P01,2718281,scrA_pos,scrA_pos_d060,0.06,31.7657,C:\StabilityMatrix-win-x64\Data\Packages\ComfyUI\output\benchmark_rotations_clean_v1_steps5\renders\P01_s2718281_scrA_pos_d060_00001_.png,P01_s2718281_scrA_pos_d060_00001_.png,1024,1280,4.0,1.9128313064575195,0.4782078266143799,0.027338409423828126,44.79125,800,3.817837715148926,4.061013221740723,0.5709,0.8575081890366807,10.778113327386302,41.64776611328125,0,22.0,4.887427297064538,0.873919281849971,0.8580580564418984,0.3576888619081971,0.9680134369843443,2.7264324148730514,0.9650222778320313,-3.60477971755332,6.867994942720913e-06
44,P01,2718281,scrB_neg,scrB_neg_d030,0.03,-21.3119,C:\StabilityMatrix-win-x64\Data\Packages\ComfyUI\output\benchmark_rotations_clean_v1_steps5\renders\P01_s2718281_scrB_neg_d030_00001_.png,P01_s2718281_scrB_neg_d030_00001_.png,1024,1280,2.0,1.1856006383895874,0.5928003191947937,0.025418853759765624,61.244485294117645,544,3.499197006225586,3.979649305343628,0.5999,0.8586237529064152,10.811501638198724,80.37002563476562,4,24.0,4.104617893826086,0.5287264191137176,0.848380827493407,0.23574967124531335,0.9877669896101744,2.975411734189151,0.9069580078125,-3.6804924281538995,6.3818145730629e-07
45,P01,2718281,scrB_neg,scrB_neg_d045,0.045001,-32.21,C:\StabilityMatrix-win-x64\Data\Packages\ComfyUI\output\benchmark_rotations_clean_v1_steps5\renders\P01_s2718281_scrB_neg_d045_00001_.png,P01_s2718281_scrB_neg_d045_00001_.png,1024,1280,2.0,0.8660253882408142,0.4330126941204071,0.0,0.0,0,3.372001886367798,3.7974910736083984,0.5391,0.898779141200213,12.084757051893753,69.00833129882812,2,,,0.15664814577663222,0.9222063255939665,0.32284484821595216,0.9842761467481242,2.5732562167153366,0.957196044921875,-3.4572660646913924,2.4249291091118703e-07
46,P01,2718281,scrB_neg,scrB_neg_d060,0.06,-43.405426,C:\StabilityMatrix-win-x64\Data\Packages\ComfyUI\output\benchmark_rotations_clean_v1_steps5\renders\P01_s2718281_scrB_neg_d060_00001_.png,P01_s2718281_scrB_neg_d060_00001_.png,1024,1280,2.0,0.5084481239318848,0.2542240619659424,0.0,0.0,0,3.690779685974121,3.88749361038208,0.3699,0.9712045796306967,14.772256554662802,22.703468322753906,1,20.0,6.051606669987849,0.2344322151603585,0.885764560511263,0.543631417203408,0.7271489437382195,2.9147625761595073,0.9193359375,-3.4131030364761585,8.719169260169019e-07
47,P01,2718281,scrB_pos,scrB_pos_d030,0.03,21.3119,C:\StabilityMatrix-win-x64\Data\Packages\ComfyUI\output\benchmark_rotations_clean_v1_steps5\renders\P01_s2718281_scrB_pos_d030_00001_.png,P01_s2718281_scrB_pos_d030_00001_.png,1024,1280,2.799999952316284,1.274978756904602,0.4553495637919147,0.0140869140625,43.241217798594846,427,3.267209053039551,3.8226253986358643,0.7940499999999999,0.6985006050084359,6.935512142010215,25.884599685668945,0,21.0,5.3218581864056675,0.32298962354309824,0.9358274442941497,0.7807562515899187,0.9492383912682157,2.0981125840757393,0.9440711975097655,-2.9901307626454168,3.8079764855762e-05
48,P01,2718281,scrB_pos,scrB_pos_d045,0.045001,32.21,C:\StabilityMatrix-win-x64\Data\Packages\ComfyUI\output\benchmark_rotations_clean_v1_steps5\renders\P01_s2718281_scrB_pos_d045_00001_.png,P01_s2718281_scrB_pos_d045_00001_.png,1024,1280,4.0,1.6960994005203247,0.4240248501300812,0.018204498291015624,54.22954545454545,440,3.5295987129211426,3.94289493560791,0.7683000000000001,0.6442614424452294,5.967165413246887,21.561681747436523,0,24.0,3.2293632245326274,0.4131896060798506,0.9132302520271214,0.6924011811194759,0.9867902402952379,2.0647335032463787,0.9706741333007813,-3.8818336937770237,1.0943501275424483e-06
49,P01,2718281,scrB_pos,scrB_pos_d060,0.06,43.405426,C:\StabilityMatrix-win-x64\Data\Packages\ComfyUI\output\benchmark_rotations_clean_v1_steps5\renders\P01_s2718281_scrB_pos_d060_00001_.png,P01_s2718281_scrB_pos_d060_00001_.png,1024,1280,2.0,0.28070229291915894,0.14035114645957947,0.001042938232421875,31.068181818181817,44,3.7287395000457764,3.9547226428985596,0.39744999999999997,0.9604670062745134,14.33895543370043,24.544654846191406,1,24.0,3.2011091734759063,0.4207761666555677,0.8257006284358316,0.4714661592749856,0.7026246581501707,3.1654519613489036,0.826519775390625,-3.4933161403560105,1.0385925309437488e-07
50,P01,3141592,B1_neg,B1_neg_d030,0.03,-15.7296,C:\StabilityMatrix-win-x64\Data\Packages\ComfyUI\output\benchmark_rotations_clean_v1_steps5\renders\P01_s3141592_B1_neg_d030_00001_.png,P01_s3141592_B1_neg_d030_00001_.png,1024,1280,2.799999952316284,2.15885853767395,0.771020919442533,0.10917282104492188,58.52556237218814,2445,3.475022315979004,4.077236652374268,0.4677,0.9197301397354505,12.807531712732377,44.87693786621094,1,20.0,5.563951163837528,6.42510620639675,0.7257558817076524,0.2134127257940608,0.9080659961674373,3.135546230837618,0.8742790222167969,-3.346455066412549,1.9527389723182756e-05
51,P01,3141592,B1_neg,B1_neg_d045,0.045001,-23.69,C:\StabilityMatrix-win-x64\Data\Packages\ComfyUI\output\benchmark_rotations_clean_v1_steps5\renders\P01_s3141592_B1_neg_d045_00001_.png,P01_s3141592_B1_neg_d045_00001_.png,1024,1280,2.799999952316284,1.9672168493270874,0.7025774581530683,0.11609039306640626,46.47587049480757,3274,3.6926164627075195,4.095544338226318,0.43884999999999996,0.9431053210699618,13.665073213205883,44.32982635498047,1,23.0,4.567304931978543,7.055390500043293,0.6741224247925474,0.1373739404157377,0.903517551035273,2.973595786196221,0.9330749511718751,-3.3172461361362724,1.937692966411375e-05
52,P01,3141592,B1_neg,B1_neg_d060,0.06,-31.7657,C:\StabilityMatrix-win-x64\Data\Packages\ComfyUI\output\benchmark_rotations_clean_v1_steps5\renders\P01_s3141592_B1_neg_d060_00001_.png,P01_s3141592_B1_neg_d060_00001_.png,1024,1280,4.0,1.6403218507766724,0.4100804626941681,0.17059326171875,44.329896907216494,5044,4.011196613311768,4.105344295501709,0.38265000000000005,0.9635367183571183,14.461515806290274,46.08382797241211,1,24.0,2.8404265659236745,4.4279778763168185,0.5678020556077128,0.12346344114683294,0.8651400166955974,2.5107636470234724,0.9682212829589844,-3.8159103066179587,4.852475324126711e-06
53,P01,3141592,B1_pos,B1_pos_d030,0.03,15.7296,C:\StabilityMatrix-win-x64\Data\Packages\ComfyUI\output\benchmark_rotations_clean_v1_steps5\renders\P01_s3141592_B1_pos_d030_00001_.png,P01_s3141592_B1_pos_d030_00001_.png,1024,1280,2.799999952316284,2.051719903945923,0.7327571210308947,0.12125625610351562,59.347647498132936,2678,3.2259292602539062,4.0140862464904785,0.5265500000000001,0.8922801687776267,11.868952214988125,43.85849380493164,2,20.0,5.9602290386932255,6.7021893113906845,0.7204128792750579,0.23719216400353307,0.8974503053817557,3.0514801203867172,0.9061279296875,-3.4969853204423598,1.4078417858475263e-05
54,P01,3141592,B1_pos,B1_pos_d045,0.045001,23.69,C:\StabilityMatrix-win-x64\Data\Packages\ComfyUI\output\benchmark_rotations_clean_v1_steps5\renders\P01_s3141592_B1_pos_d045_00001_.png,P01_s3141592_B1_pos_d045_00001_.png,1024,1280,2.799999952316284,2.2350733280181885,0.7982404878861646,0.13441390991210939,51.34916933838531,3431,3.1544597148895264,3.973785638809204,0.5459,0.8590143777077159,10.823217290803385,53.937278747558594,2,21.0,6.278422430252562,8.350049906728124,0.6947249819526204,0.24085074015442748,0.8840717054901829,2.873988170346634,0.9490219116210938,-3.22649644493313,4.060474965043309e-05
55,P01,3141592,B1_pos,B1_pos_d060,0.06,31.7657,C:\StabilityMatrix-win-x64\Data\Packages\ComfyUI\output\benchmark_rotations_clean_v1_steps5\renders\P01_s3141592_B1_pos_d060_00001_.png,P01_s3141592_B1_pos_d060_00001_.png,1024,1280,2.799999952316284,2.0893430709838867,0.7461939666304243,0.14589004516601561,37.745953414923015,5066,3.5360162258148193,4.01328182220459,0.4561,0.9350272532644103,13.362416364863035,59.064605712890625,2,24.0,4.897774366995687,11.114197001990085,0.6192137230995964,0.1484999801520271,0.8944359818175501,2.862627691930999,0.952593994140625,-3.1559042717728203,4.190106250704448e-05
56,P01,3141592,B6_neg,B6_neg_d030,0.03,-21.3119,C:\StabilityMatrix-win-x64\Data\Packages\ComfyUI\output\benchmark_rotations_clean_v1_steps5\renders\P01_s3141592_B6_neg_d030_00001_.png,P01_s3141592_B6_neg_d030_00001_.png,1024,1280,2.0,0.7350643873214722,0.3675321936607361,0.34760284423828125,33.811502782931356,13475,1.9397190809249878,2.1320414543151855,0.3711,0.9583362451156875,14.254494568808907,42.76709747314453,1,26.0,1.8962973791048703,13.20402542535047,0.29553464867877927,0.08545211586432275,0.5227216302674914,2.7196499022684204,0.8622665405273436,-2.673277966661951,7.396129447477804e-05
57,P01,3141592,B6_neg,B6_neg_d045,0.045001,-32.21,C:\StabilityMatrix-win-x64\Data\Packages\ComfyUI\output\benchmark_rotations_clean_v1_steps5\renders\P01_s3141592_B6_neg_d045_00001_.png,P01_s3141592_B6_neg_d045_00001_.png,1024,1280,2.0,0.8336514234542847,0.41682571172714233,0.14336776733398438,49.21817705605029,3818,3.4660675525665283,3.7016687393188477,0.42225,0.9411314822125274,13.590493401574177,28.61512565612793,1,27.0,1.9930652123347163,2.5612152476004826,0.5647314396481544,0.19826726823987328,0.5480927310618092,3.106324815668416,0.8015007019042968,-2.2185331638514394,2.6221843245043035e-05
58,P01,3141592,B6_neg,B6_neg_d060,0.06,-43.405426,C:\StabilityMatrix-win-x64\Data\Packages\ComfyUI\output\benchmark_rotations_clean_v1_steps5\renders\P01_s3141592_B6_neg_d060_00001_.png,P01_s3141592_B6_neg_d060_00001_.png,1024,1280,2.0,0.43688830733299255,0.21844415366649628,0.25803680419921876,35.858142493638674,9432,3.8469161987304688,3.953895092010498,0.40895,0.9655716463126234,14.5433385487695,25.935739517211914,1,26.0,1.9275855201520893,6.052548393588664,0.4054019803454741,0.10413112938472903,0.7478712949779149,2.850274911964621,0.7497322082519531,-1.6221960512873912,0.0002812500471205177
59,P01,3141592,B6_pos,B6_pos_d030,0.03,21.3119,C:\StabilityMatrix-win-x64\Data\Packages\ComfyUI\output\benchmark_rotations_clean_v1_steps5\renders\P01_s3141592_B6_pos_d030_00001_.png,P01_s3141592_B6_pos_d030_00001_.png,1024,1280,4.0,1.8481451272964478,0.46203628182411194,0.001336669921875,54.75,32,3.3695008754730225,3.946207046508789,0.7994500000000001,0.643161619469241,5.948997111833319,33.83725357055664,0,18.0,5.627986260149617,0.14692589818813115,0.948733140151378,0.5958185464860328,0.9903241756455731,1.9389459644223492,0.9880508422851562,-3.8048488599656887,9.83087188682894e-07
60,P01,3141592,B6_pos,B6_pos_d045,0.045001,32.21,C:\StabilityMatrix-win-x64\Data\Packages\ComfyUI\output\benchmark_rotations_clean_v1_steps5\renders\P01_s3141592_B6_pos_d045_00001_.png,P01_s3141592_B6_pos_d045_00001_.png,1024,1280,2.0,0.7988542914390564,0.3994271457195282,0.0,0.0,0,2.945974588394165,3.589641571044922,0.9699,0.16637342689712803,1.5861109665997528,8.275389671325684,0,25.0,2.1455923493274427,0.0052096724023657295,0.9976782642317263,0.9848096464607046,0.9834792141835109,0.39284875072565556,0.9967964172363282,-3.3570692542727536,7.081114948635897e-06
61,P01,3141592,B6_pos,B6_pos_d060,0.06,43.405426,C:\StabilityMatrix-win-x64\Data\Packages\ComfyUI\output\benchmark_rotations_clean_v1_steps5\renders\P01_s3141592_B6_pos_d060_00001_.png,P01_s3141592_B6_pos_d060_00001_.png,1024,1280,,,,0.0,0.0,0,2.670151948928833,3.0980165004730225,0.791,0.610561761033585,5.434875715468324,3.2713797092437744,0,,,5.733806635775373e-07,0.9999997133096683,0.9999994266194461,0.2499997133095586,1.049389583421637,0.9939910888671876,-2.3051296630252764,0.000952551502322061
62,P01,3141592,baseline,baseline,0.0,0.0,C:\StabilityMatrix-win-x64\Data\Packages\ComfyUI\output\benchmark_rotations_clean_v1_steps5\renders\P01_s3141592_baseline_00001_.png,P01_s3141592_baseline_00001_.png,1024,1280,2.799999952316284,2.1761093139648438,0.7771819110799161,0.12484664916992187,61.379969992498125,2666,3.1777210235595703,3.9865431785583496,0.5424,0.8683816309591562,11.107994969776565,41.14788055419922,1,18.0,6.2496453125153755,8.487431085487067,0.7096851564762513,0.26564843063093807,0.897717127624126,3.1309114801197273,0.8545036315917968,-3.4628352624657213,1.7210757442588437e-05
63,P01,3141592,scrA_neg,scrA_neg_d030,0.03,-15.7296,C:\StabilityMatrix-win-x64\Data\Packages\ComfyUI\output\benchmark_rotations_clean_v1_steps5\renders\P01_s3141592_scrA_neg_d030_00001_.png,P01_s3141592_scrA_neg_d030_00001_.png,1024,1280,2.799999952316284,1.863548755645752,0.6655531383506423,0.13507156372070311,55.56842435655995,3186,3.4367618560791016,4.035897254943848,0.519,0.8975986975201887,12.045269687856065,36.33842086791992,1,21.0,5.06498949484242,6.4342372658816265,0.6867178548337489,0.1980605306043096,0.8821839591704994,3.090357667736958,0.9049369812011718,-3.3525952387934006,1.9961794714544085e-05
64,P01,3141592,scrA_neg,scrA_neg_d045,0.045001,-23.69,C:\StabilityMatrix-win-x64\Data\Packages\ComfyUI\output\benchmark_rotations_clean_v1_steps5\renders\P01_s3141592_scrA_neg_d045_00001_.png,P01_s3141592_scrA_neg_d045_00001_.png,1024,1280,4.0,1.9632620811462402,0.49081552028656006,0.129669189453125,46.134636264929426,3684,3.6248254776000977,4.032678604125977,0.46829999999999994,0.9229574166460002,12.92264662484356,44.807254791259766,1,21.0,5.268466263223942,7.822424987732919,0.6754272428113004,0.17088058291644076,0.841064284264347,2.9024382134918976,0.9481323242187499,-3.207331580032854,3.621952464003206e-05
65,P01,3141592,scrA_neg,scrA_neg_d060,0.06,-31.7657,C:\StabilityMatrix-win-x64\Data\Packages\ComfyUI\output\benchmark_rotations_clean_v1_steps5\renders\P01_s3141592_scrA_neg_d060_00001_.png,P01_s3141592_scrA_neg_d060_00001_.png,1024,1280,4.0,1.8046073913574219,0.45115184783935547,0.08089065551757812,44.792986903253066,2367,3.970494270324707,4.097876071929932,0.4082,0.9378264752715939,13.466526781812941,35.759681701660156,2,23.0,3.4985154877495908,2.4333074729422783,0.6804335837403829,0.13213305553417168,0.9601288161779671,2.4746295509674057,0.9730880737304687,-3.898127338213429,2.5392463992266737e-06
66,P01,3141592,scrA_pos,scrA_pos_d030,0.03,15.7296,C:\StabilityMatrix-win-x64\Data\Packages\ComfyUI\output\benchmark_rotations_clean_v1_steps5\renders\P01_s3141592_scrA_pos_d030_00001_.png,P01_s3141592_scrA_pos_d030_00001_.png,1024,1280,2.799999952316284,2.369325876235962,0.8461878273519078,0.12144927978515625,54.68430092751632,2911,3.2769956588745117,3.980705499649048,0.5285,0.8778960501756748,11.404918252441512,47.68376159667969,1,19.0,5.839140133138396,8.606109124529542,0.7051709074439383,0.2449800953850543,0.8888269257663248,2.9858537964260345,0.9203804016113281,-3.4175740853975,2.0592386406188234e-05
67,P01,3141592,scrA_pos,scrA_pos_d045,0.045001,23.69,C:\StabilityMatrix-win-x64\Data\Packages\ComfyUI\output\benchmark_rotations_clean_v1_steps5\renders\P01_s3141592_scrA_pos_d045_00001_.png,P01_s3141592_scrA_pos_d045_00001_.png,1024,1280,4.0,2.3248231410980225,0.5812057852745056,0.08212127685546874,63.167840375586856,1704,3.232743501663208,3.9832324981689453,0.66545,0.7871274236649431,8.867391020455264,52.88850402832031,2,18.0,5.961079050867491,4.226483092098276,0.7871835022651414,0.3562624630252572,0.9264378510982546,2.6858323333172445,0.9607139587402342,-3.4760428590603762,1.991320459671383e-05
68,P01,3141592,scrA_pos,scrA_pos_d060,0.06,31.7657,C:\StabilityMatrix-win-x64\Data\Packages\ComfyUI\output\benchmark_rotations_clean_v1_steps5\renders\P01_s3141592_scrA_pos_d060_00001_.png,P01_s3141592_scrA_pos_d060_00001_.png,1024,1280,2.799999952316284,1.8815267086029053,0.6719738359446839,0.02382965087890625,45.66374269005848,684,3.7597994804382324,4.06355619430542,0.6115,0.8332340261673911,10.076593548773403,42.971412658691406,1,21.0,5.126923114443127,0.7581856443994417,0.8613043927393724,0.3403905331505005,0.9778225436501814,2.6988096684879275,0.9673904418945314,-3.6584364857730893,4.998598065506981e-06
69,P01,3141592,scrB_neg,scrB_neg_d030,0.03,-21.3119,C:\StabilityMatrix-win-x64\Data\Packages\ComfyUI\output\benchmark_rotations_clean_v1_steps5\renders\P01_s3141592_scrB_neg_d030_00001_.png,P01_s3141592_scrB_neg_d030_00001_.png,1024,1280,2.0,0.8198601007461548,0.4099300503730774,0.00178070068359375,56.926829268292686,41,3.475050687789917,3.958550453186035,0.55455,0.900028372115247,12.126686430732553,85.67057800292969,3,23.0,4.125409277539646,0.34453735282257886,0.8625638142859477,0.2557387591607121,0.9929135612213219,3.021666384816026,0.8946212768554687,-3.6522153282907874,6.381158228963566e-07
70,P01,3141592,scrB_neg,scrB_neg_d045,0.045001,-32.21,C:\StabilityMatrix-win-x64\Data\Packages\ComfyUI\output\benchmark_rotations_clean_v1_steps5\renders\P01_s3141592_scrB_neg_d045_00001_.png,P01_s3141592_scrB_neg_d045_00001_.png,1024,1280,2.0,0.62698894739151,0.313494473695755,1.068115234375e-05,14.0,1,3.6834771633148193,3.935135841369629,0.41465,0.9326575882565974,13.274911639021271,51.611610412597656,1,24.0,2.7399704408129892,0.1549380651631143,0.9243229787415775,0.40380158783830744,0.9650651150469323,2.71632969948291,0.9449516296386717,-3.476471672386481,5.549479020194191e-07
71,P01,3141592,scrB_neg,scrB_neg_d060,0.06,-43.405426,C:\StabilityMatrix-win-x64\Data\Packages\ComfyUI\output\benchmark_rotations_clean_v1_steps5\renders\P01_s3141592_scrB_neg_d060_00001_.png,P01_s3141592_scrB_neg_d060_00001_.png,1024,1280,2.0,0.942808985710144,0.471404492855072,0.0,0.0,0,3.759697914123535,3.9240853786468506,0.42274999999999996,0.9377388224698235,13.463254474499669,19.870838165283203,1,,,0.13818842443136287,0.9309480021578536,0.6500866686298128,0.71399976620767,2.7532737491421715,0.9113754272460937,-3.1981054735629346,8.231185973236148e-07
72,P01,3141592,scrB_pos,scrB_pos_d030,0.03,21.3119,C:\StabilityMatrix-win-x64\Data\Packages\ComfyUI\output\benchmark_rotations_clean_v1_steps5\renders\P01_s3141592_scrB_pos_d030_00001_.png,P01_s3141592_scrB_pos_d030_00001_.png,1024,1280,2.799999952316284,1.296019434928894,0.4628640917857049,0.01589813232421875,41.18181818181818,506,3.2226569652557373,3.864205837249756,0.7938000000000001,0.681031701987996,6.607602079549702,25.468080520629883,0,22.0,4.9637352478968015,0.396000476461627,0.9312959854716235,0.7593546627197658,0.9397716511971475,2.089373406581063,0.9482879638671875,-3.0468480130096856,3.8353467091368584e-05
73,P01,3141592,scrB_pos,scrB_pos_d045,0.045001,32.21,C:\StabilityMatrix-win-x64\Data\Packages\ComfyUI\output\benchmark_rotations_clean_v1_steps5\renders\P01_s3141592_scrB_pos_d045_00001_.png,P01_s3141592_scrB_pos_d045_00001_.png,1024,1280,2.0,1.1979578733444214,0.5989789366722107,0.029215240478515626,50.1217277486911,764,3.610901355743408,3.955260753631592,0.7931,0.6743756715257853,6.486780789773653,24.70113182067871,0,25.0,3.099503164798157,0.6034931181709378,0.9018908776279886,0.6743881330924899,0.9785097632188708,2.28723383025261,0.9604957580566407,-3.672440225002083,2.5570616000160217e-06
74,P01,3141592,scrB_pos,scrB_pos_d060,0.06,43.405426,C:\StabilityMatrix-win-x64\Data\Packages\ComfyUI\output\benchmark_rotations_clean_v1_steps5\renders\P01_s3141592_scrB_pos_d060_00001_.png,P01_s3141592_scrB_pos_d060_00001_.png,1024,1280,2.0,0.258466511964798,0.129233255982399,0.000266265869140625,24.928571428571427,14,3.752328872680664,4.02001428604126,0.3856,0.9648636790628371,14.514819399568715,21.57660675048828,1,25.0,3.0505833052091345,0.33740890425730763,0.8466998766951291,0.3761170635345774,0.8692630386306268,3.1274408908315343,0.852880096435547,-3.6881840550014493,4.532772593964369e-08
75,P02,1618033,B1_neg,B1_neg_d030,0.03,-15.7296,C:\StabilityMatrix-win-x64\Data\Packages\ComfyUI\output\benchmark_rotations_clean_v1_steps5\renders\P02_s1618033_B1_neg_d030_00001_.png,P02_s1618033_B1_neg_d030_00001_.png,1024,1280,4.0,2.1378798484802246,0.5344699621200562,0.15407180786132812,56.63067863151991,3566,3.1529719829559326,3.9298572540283203,0.37725,0.9702964848024555,14.73511014162697,33.552955627441406,3,19.0,5.562422892723997,16.348108457269,0.6155142218421604,0.1185281131306563,0.8919325594692713,3.1210215284391816,0.8891731262207031,-3.562970290139997,1.0418506225471775e-05
76,P02,1618033,B1_neg,B1_neg_d045,0.045001,-23.69,C:\StabilityMatrix-win-x64\Data\Packages\ComfyUI\output\benchmark_rotations_clean_v1_steps5\renders\P02_s1618033_B1_neg_d045_00001_.png,P02_s1618033_B1_neg_d045_00001_.png,1024,1280,4.0,2.097726583480835,0.5244316458702087,0.16610641479492189,43.9038112522686,4959,3.4802298545837402,4.023861408233643,0.42680000000000007,0.9549965345919206,14.123112242998486,53.215335845947266,2,21.0,5.2545469612882725,17.774904640122518,0.5860854622996094,0.12269904810058518,0.8922705112615258,2.910715819645241,0.946197509765625,-3.3401004707220996,2.0508401284761212e-05
77,P02,1618033,B1_neg,B1_neg_d060,0.06,-31.7657,C:\StabilityMatrix-win-x64\Data\Packages\ComfyUI\output\benchmark_rotations_clean_v1_steps5\renders\P02_s1618033_B1_neg_d060_00001_.png,P02_s1618033_B1_neg_d060_00001_.png,1024,1280,4.0,1.6899055242538452,0.4224763810634613,0.14677276611328124,45.233482247825066,4253,4.016412258148193,4.1071457862854,0.36245,0.9791078267461718,15.099525481987138,40.398868560791016,1,24.0,3.2323336943434677,3.1619047380000547,0.6055717488656669,0.1235657254002114,0.9346156282973588,2.521193460952564,0.9684280395507813,-3.964205915186413,2.6774523864714205e-06
78,P02,1618033,B1_pos,B1_pos_d030,0.03,15.7296,C:\StabilityMatrix-win-x64\Data\Packages\ComfyUI\output\benchmark_rotations_clean_v1_steps5\renders\P02_s1618033_B1_pos_d030_00001_.png,P02_s1618033_B1_pos_d030_00001_.png,1024,1280,2.799999952316284,2.1795096397399902,0.7783963131631496,0.1542205810546875,47.92318634423898,4218,2.9143073558807373,3.880516529083252,0.44884999999999997,0.9458691943283308,13.770192067615532,49.72636795043945,3,18.0,5.95273886542993,21.213871644775374,0.6391804975059716,0.19362959984037142,0.8944125432145833,2.9887956125608426,0.9275367736816406,-3.5205911701809924,1.3699055187440706e-05
79,P02,1618033,B1_pos,B1_pos_d045,0.045001,23.69,C:\StabilityMatrix-win-x64\Data\Packages\ComfyUI\output\benchmark_rotations_clean_v1_steps5\renders\P02_s1618033_B1_pos_d045_00001_.png,P02_s1618033_B1_pos_d045_00001_.png,1024,1280,4.0,2.3720529079437256,0.5930132269859314,0.14295654296875,46.622542921124655,4019,3.1743767261505127,3.9550013542175293,0.43675,0.9489054378043742,13.88660234604879,49.77725601196289,2,18.0,5.750558532655763,18.958784862766585,0.6422908074971505,0.19375636609335456,0.9042735959021266,2.903830930483151,0.9480377197265626,-3.4698678599941135,1.4016150287829977e-05
80,P02,1618033,B1_pos,B1_pos_d060,0.06,31.7657,C:\StabilityMatrix-win-x64\Data\Packages\ComfyUI\output\benchmark_rotations_clean_v1_steps5\renders\P02_s1618033_B1_pos_d060_00001_.png,P02_s1618033_B1_pos_d060_00001_.png,1024,1280,4.0,2.528292179107666,0.6320730447769165,0.15544052124023439,41.60486011843986,4897,3.343949556350708,4.036787986755371,0.46845000000000003,0.9425184099574555,13.642854626023643,59.36067199707031,2,22.0,5.975701579356106,21.479548862652727,0.5958205570572477,0.1711169691780332,0.8965259683450845,2.8823173851250736,0.9523895263671874,-3.402877099011354,1.718499248049827e-05
81,P02,1618033,B6_neg,B6_neg_d030,0.03,-21.3119,C:\StabilityMatrix-win-x64\Data\Packages\ComfyUI\output\benchmark_rotations_clean_v1_steps5\renders\P02_s1618033_B6_neg_d030_00001_.png,P02_s1618033_B6_neg_d030_00001_.png,1024,1280,2.0,0.5349753499031067,0.26748767495155334,0.35421142578125,33.977751756440284,13664,1.7618082761764526,1.957743763923645,0.3606,0.979905192862514,15.132943960938842,30.26621437072754,1,26.0,2.075686633381831,21.93911167236461,0.247869959850047,0.0698264930632403,0.5576357343929651,2.6209784324186054,0.8694351196289063,-2.6807553838153813,5.2148245153798584e-05
82,P02,1618033,B6_neg,B6_neg_d045,0.045001,-32.21,C:\StabilityMatrix-win-x64\Data\Packages\ComfyUI\output\benchmark_rotations_clean_v1_steps5\renders\P02_s1618033_B6_neg_d045_00001_.png,P02_s1618033_B6_neg_d045_00001_.png,1024,1280,2.0,0.49010881781578064,0.24505440890789032,0.08921127319335938,49.23410526315789,2375,3.906424045562744,4.00728702545166,0.35019999999999996,0.979061959314748,15.097605374427843,19.065933227539062,2,26.0,2.1200886149476044,1.701621615407055,0.6141334797709672,0.17062479984225495,0.8596130411630978,3.0665267768750706,0.7734214782714843,-2.1938230998468553,1.2720682760773357e-05
83,P02,1618033,B6_neg,B6_neg_d060,0.06,-43.405426,C:\StabilityMatrix-win-x64\Data\Packages\ComfyUI\output\benchmark_rotations_clean_v1_steps5\renders\P02_s1618033_B6_neg_d060_00001_.png,P02_s1618033_B6_neg_d060_00001_.png,1024,1280,2.0,0.5422589182853699,0.27112945914268494,0.22421798706054688,41.72160704145372,7044,3.7626953125,3.9088664054870605,0.31875,0.980656106024348,15.164483167684304,26.229339599609375,1,26.0,2.455597877808987,3.9012708008547667,0.5072043507622316,0.12321172749272263,0.8600487939108407,2.9648207146033383,0.7534194946289063,-1.8667397850794114,5.760193122067045e-05
84,P02,1618033,B6_pos,B6_pos_d030,0.03,21.3119,C:\StabilityMatrix-win-x64\Data\Packages\ComfyUI\output\benchmark_rotations_clean_v1_steps5\renders\P02_s1618033_B6_pos_d030_00001_.png,P02_s1618033_B6_pos_d030_00001_.png,1024,1280,6.393799781799316,2.8896584510803223,0.45194697201905915,0.006487274169921875,68.024,125,3.4016616344451904,4.008788108825684,0.6734499999999999,0.800221329504694,9.195227812847167,44.00006103515625,0,15.0,5.346593717603325,0.4558380136131637,0.8940675525769621,0.3847598560594401,0.9950898704648816,2.3773107097514092,0.9844474792480468,-3.8408908583086325,2.614512128052535e-06
85,P02,1618033,B6_pos,B6_pos_d045,0.045001,32.21,C:\StabilityMatrix-win-x64\Data\Packages\ComfyUI\output\benchmark_rotations_clean_v1_steps5\renders\P02_s1618033_B6_pos_d045_00001_.png,P02_s1618033_B6_pos_d045_00001_.png,1024,1280,4.0,2.06323504447937,0.5158087611198425,0.0008056640625,52.8,20,3.4209139347076416,4.00468111038208,0.9067999999999999,0.4657182200089277,3.6373124991308305,14.208091735839844,0,18.0,4.803612527278604,0.08510493996283694,0.9702888124505412,0.8250316275938634,0.9859874558421938,1.542971739989255,0.9912956237792968,-3.686248675776831,2.5255031162809363e-06
86,P02,1618033,B6_pos,B6_pos_d060,0.06,43.405426,C:\StabilityMatrix-win-x64\Data\Packages\ComfyUI\output\benchmark_rotations_clean_v1_steps5\renders\P02_s1618033_B6_pos_d060_00001_.png,P02_s1618033_B6_pos_d060_00001_.png,1024,1280,,,,0.0,0.0,0,2.725550413131714,3.1214938163757324,0.49640000000000006,0.8826133746936803,11.55506522870622,5.690103054046631,0,,,5.733806635775373e-07,0.9999997133096683,0.9999994266194461,0.2499997133095586,1.5921391336976012,0.9923271179199219,-2.3840836016529465,0.0003891723377680374
87,P02,1618033,baseline,baseline,0.0,0.0,C:\StabilityMatrix-win-x64\Data\Packages\ComfyUI\output\benchmark_rotations_clean_v1_steps5\renders\P02_s1618033_baseline_00001_.png,P02_s1618033_baseline_00001_.png,1024,1280,2.799999952316284,2.353989362716675,0.8407105010017413,0.14569549560546874,53.34245810055866,3580,2.824294090270996,3.8572542667388916,0.45594999999999997,0.9461771745880699,13.781955492047858,33.67839050292969,4,15.0,6.0870140154883075,17.691397661590603,0.65590118187853,0.1525371592645956,0.8932985383341615,3.155230874717923,0.8329353332519531,-3.4345181812208856,1.4530060620654223e-05
88,P02,1618033,scrA_neg,scrA_neg_d030,0.03,-15.7296,C:\StabilityMatrix-win-x64\Data\Packages\ComfyUI\output\benchmark_rotations_clean_v1_steps5\renders\P02_s1618033_scrA_neg_d030_00001_.png,P02_s1618033_scrA_neg_d030_00001_.png,1024,1280,4.0,2.0816445350646973,0.5204111337661743,0.14754180908203124,54.06374056471904,3577,3.128843307495117,3.9257259368896484,0.38115,0.9685750709456931,14.66495037250986,33.171783447265625,3,20.0,5.760418689404396,16.949306269194867,0.6335378640913786,0.13298901185423162,0.895963640438822,3.0203401891089783,0.9170921325683593,-3.5600084949697424,1.0358089048896378e-05
89,P02,1618033,scrA_neg,scrA_neg_d045,0.045001,-23.69,C:\StabilityMatrix-win-x64\Data\Packages\ComfyUI\output\benchmark_rotations_clean_v1_steps5\renders\P02_s1618033_scrA_neg_d045_00001_.png,P02_s1618033_scrA_neg_d045_00001_.png,1024,1280,4.393799781799316,2.194697856903076,0.49949883151123464,0.12831573486328124,57.75618131868132,2912,3.340000629425049,4.026116371154785,0.39385000000000003,0.9584628939532208,14.259500844193559,45.17124557495117,2,18.0,5.7142403552436924,16.4874822757801,0.6547471007949599,0.1285993131262444,0.9029359887165429,2.762649353760403,0.9622451782226562,-3.3885886753895025,1.774645810350218e-05
90,P02,1618033,scrA_neg,scrA_neg_d060,0.06,-31.7657,C:\StabilityMatrix-win-x64\Data\Packages\ComfyUI\output\benchmark_rotations_clean_v1_steps5\renders\P02_s1618033_scrA_neg_d060_00001_.png,P02_s1618033_scrA_neg_d060_00001_.png,1024,1280,4.0,2.092682361602783,0.5231705904006958,0.08060302734375,45.42046431642304,2326,3.894583225250244,4.083918571472168,0.4877,0.9191814449636919,12.788062364680743,36.28496551513672,1,22.0,3.8986675005819538,2.712089575519867,0.6644857240491866,0.13773656672950002,0.9360216165921769,2.4127654802559566,0.9751083374023437,-3.872105773926346,4.809453686291716e-06
91,P02,1618033,scrA_pos,scrA_pos_d030,0.03,15.7296,C:\StabilityMatrix-win-x64\Data\Packages\ComfyUI\output\benchmark_rotations_clean_v1_steps5\renders\P02_s1618033_scrA_pos_d030_00001_.png,P02_s1618033_scrA_pos_d030_00001_.png,1024,1280,4.0,2.4404470920562744,0.6101117730140686,0.14071121215820312,55.75362756952842,3308,3.056638240814209,3.950204849243164,0.4301000000000001,0.9466576397345611,13.80032711337767,38.606327056884766,3,18.0,6.53172438468587,19.01973784295405,0.64656386521096,0.15097857139945936,0.8962109063335004,3.05301968443054,0.9110984802246094,-3.5548649066221403,1.2785100176733862e-05
92,P02,1618033,scrA_pos,scrA_pos_d045,0.045001,23.69,C:\StabilityMatrix-win-x64\Data\Packages\ComfyUI\output\benchmark_rotations_clean_v1_steps5\renders\P02_s1618033_scrA_pos_d045_00001_.png,P02_s1618033_scrA_pos_d045_00001_.png,1024,1280,4.393799781799316,2.536837339401245,0.5773675327468787,0.0885009765625,51.50976909413854,2252,3.4150991439819336,4.015416145324707,0.5482,0.8839862755579309,11.599133281707383,65.95970153808594,3,18.0,6.3921518405959326,8.74732375080203,0.7464921138155707,0.2353234980715212,0.9580412731727843,2.8695715343838937,0.9517776489257812,-3.5767851654364593,8.884752132247465e-06
93,P02,1618033,scrA_pos,scrA_pos_d060,0.06,31.7657,C:\StabilityMatrix-win-x64\Data\Packages\ComfyUI\output\benchmark_rotations_clean_v1_steps5\renders\P02_s1618033_scrA_pos_d060_00001_.png,P02_s1618033_scrA_pos_d060_00001_.png,1024,1280,4.0,2.462833881378174,0.6157084703445435,0.05573883056640625,40.230176211453745,1816,3.7253611087799072,4.054805755615234,0.62015,0.8074180608908841,9.380548246448702,54.51240539550781,1,19.0,5.486257857332215,2.3406483729268874,0.7639653130064361,0.31965743176199735,0.9811887845269647,2.6626018230885617,0.9721946716308594,-3.8319225305805342,5.043541503236509e-06
94,P02,1618033,scrB_neg,scrB_neg_d030,0.03,-21.3119,C:\StabilityMatrix-win-x64\Data\Packages\ComfyUI\output\benchmark_rotations_clean_v1_steps5\renders\P02_s1618033_scrB_neg_d030_00001_.png,P02_s1618033_scrB_neg_d030_00001_.png,1024,1280,2.0,1.6723004579544067,0.8361502289772034,0.016298675537109376,47.26327433628319,452,3.5177557468414307,4.040813446044922,0.441,0.9641360760298971,14.48556753173317,88.89632415771484,4,20.0,4.692642020356027,0.6722838013965556,0.8119498850382142,0.18767593391897175,0.9920722959685853,3.041705309468933,0.9124824523925781,-3.8514529290172983,5.185254913585115e-07
95,P02,1618033,scrB_neg,scrB_neg_d045,0.045001,-32.21,C:\StabilityMatrix-win-x64\Data\Packages\ComfyUI\output\benchmark_rotations_clean_v1_steps5\renders\P02_s1618033_scrB_neg_d045_00001_.png,P02_s1618033_scrB_neg_d045_00001_.png,1024,1280,2.0,1.01876962184906,0.50938481092453,0.0,0.0,0,3.337470293045044,3.8927664756774902,0.5008,0.9234336197766205,12.939719863121459,85.25924682617188,2,,,0.14875732805649625,0.9276989592558861,0.42422485113486447,0.9958070604908995,2.5458263326455124,0.9564277648925781,-3.5866411136766305,4.053571719233002e-07
96,P02,1618033,scrB_neg,scrB_neg_d060,0.06,-43.405426,C:\StabilityMatrix-win-x64\Data\Packages\ComfyUI\output\benchmark_rotations_clean_v1_steps5\renders\P02_s1618033_scrB_neg_d060_00001_.png,P02_s1618033_scrB_neg_d060_00001_.png,1024,1280,2.0,0.6847591400146484,0.3423795700073242,0.0,0.0,0,3.9258906841278076,4.043712615966797,0.47145000000000004,0.9316757705367139,13.238824123947701,38.635498046875,1,24.5,4.609018936341611,0.22552366381700317,0.8891260223333153,0.5088529345127188,0.8025716883934271,2.9348018200867054,0.9166519165039061,-3.5812574251161107,2.6008326230359806e-07
97,P02,1618033,scrB_pos,scrB_pos_d030,0.03,21.3119,C:\StabilityMatrix-win-x64\Data\Packages\ComfyUI\output\benchmark_rotations_clean_v1_steps5\renders\P02_s1618033_scrB_pos_d030_00001_.png,P02_s1618033_scrB_pos_d030_00001_.png,1024,1280,2.799999952316284,1.393523097038269,0.49768682884636656,0.02730712890625,42.05875440658049,851,3.2136597633361816,3.786133050918579,0.7134,0.7482417550169983,7.9610957822537705,45.89866638183594,1,21.0,5.304240633005725,1.1946474721830889,0.8771848537090701,0.5870340091604409,0.9596851770489483,2.546707772737003,0.9333091735839844,-3.0967448715001606,2.6152886095319325e-05
98,P02,1618033,scrB_pos,scrB_pos_d045,0.045001,32.21,C:\StabilityMatrix-win-x64\Data\Packages\ComfyUI\output\benchmark_rotations_clean_v1_steps5\renders\P02_s1618033_scrB_pos_d045_00001_.png,P02_s1618033_scrB_pos_d045_00001_.png,1024,1280,2.799999952316284,1.213050365447998,0.4332322807521868,0.16557998657226564,47.10853049706968,4607,3.4906554222106934,3.9121925830841064,0.41080000000000005,0.9699594772355697,14.721348330024385,67.05093383789062,1,25.0,2.8308573103017722,3.8860639573499474,0.6065069241127856,0.11621613089462934,0.9672108106340354,3.0730440871272515,0.8993705749511718,-3.4703846245490655,4.158957027791035e-06
99,P02,1618033,scrB_pos,scrB_pos_d060,0.06,43.405426,C:\StabilityMatrix-win-x64\Data\Packages\ComfyUI\output\benchmark_rotations_clean_v1_steps5\renders\P02_s1618033_scrB_pos_d060_00001_.png,P02_s1618033_scrB_pos_d060_00001_.png,1024,1280,2.0,0.25705695152282715,0.12852847576141357,1.6021728515625e-05,21.0,1,3.233473777770996,3.5110952854156494,0.48069999999999996,0.9292406021663987,13.149740358312936,26.999940872192383,1,19.0,3.8843201367921747,0.2523127249529385,0.8778574867096975,0.6013964347309432,0.6124363362035593,3.0242025924808633,0.8388565063476563,-3.5583480407787955,3.5871232698064275e-08
100,P02,2718281,B1_neg,B1_neg_d030,0.03,-15.7296,C:\StabilityMatrix-win-x64\Data\Packages\ComfyUI\output\benchmark_rotations_clean_v1_steps5\renders\P02_s2718281_B1_neg_d030_00001_.png,P02_s2718281_B1_neg_d030_00001_.png,1024,1280,4.0,2.281548261642456,0.570387065410614,0.13958816528320311,52.007106310403636,3518,3.1390814781188965,3.9549198150634766,0.38744999999999996,0.9664825532513485,14.580115194201957,35.438316345214844,4,20.0,6.004950696241968,14.655504374636276,0.644947075935674,0.12238006883314173,0.9021396982112962,3.125543710521795,0.8888618469238282,-3.577355318631509,9.103937940169484e-06
101,P02,2718281,B1_neg,B1_neg_d045,0.045001,-23.69,C:\StabilityMatrix-win-x64\Data\Packages\ComfyUI\output\benchmark_rotations_clean_v1_steps5\renders\P02_s2718281_B1_neg_d045_00001_.png,P02_s2718281_B1_neg_d045_00001_.png,1024,1280,4.0,1.9747087955474854,0.49367719888687134,0.16703262329101562,46.013661202185794,4758,3.4684529304504395,3.9983036518096924,0.41755000000000003,0.9536711777135841,14.071309709603694,47.95215606689453,2,22.0,4.9704621264023325,17.854896383392138,0.5843170785282344,0.11069962571244021,0.88950353137601,2.9024617786440183,0.9446853637695313,-3.3982837528943257,1.7524897829688905e-05
102,P02,2718281,B1_neg,B1_neg_d060,0.06,-31.7657,C:\StabilityMatrix-win-x64\Data\Packages\ComfyUI\output\benchmark_rotations_clean_v1_steps5\renders\P02_s2718281_B1_neg_d060_00001_.png,P02_s2718281_B1_neg_d060_00001_.png,1024,1280,4.0,1.682207703590393,0.42055192589759827,0.10892181396484375,41.74444444444445,3420,4.020180702209473,4.107112407684326,0.362,0.9788795442265559,15.089971509714683,34.57575225830078,2,24.0,3.081938490567721,1.873976228920426,0.6533364943655555,0.14047364535512,0.9628258976574676,2.4695726642362397,0.9701408386230468,-3.9594088792043545,2.2796183615225238e-06
103,P02,2718281,B1_pos,B1_pos_d030,0.03,15.7296,C:\StabilityMatrix-win-x64\Data\Packages\ComfyUI\output\benchmark_rotations_clean_v1_steps5\renders\P02_s2718281_B1_pos_d030_00001_.png,P02_s2718281_B1_pos_d030_00001_.png,1024,1280,2.799999952316284,2.286698341369629,0.8166779929685251,0.14570999145507812,43.8441230486685,4356,2.912712812423706,3.9483015537261963,0.4817,0.9189343571462399,12.779304609954162,46.7744140625,5,18.0,6.497533065518021,19.644373739454196,0.6641342271447213,0.2012901408806176,0.9010605897312072,2.9810758228801273,0.9248649597167968,-3.4904682072246804,1.3644638685244864e-05
104,P02,2718281,B1_pos,B1_pos_d045,0.045001,23.69,C:\StabilityMatrix-win-x64\Data\Packages\ComfyUI\output\benchmark_rotations_clean_v1_steps5\renders\P02_s2718281_B1_pos_d045_00001_.png,P02_s2718281_B1_pos_d045_00001_.png,1024,1280,4.0,2.5182602405548096,0.6295650601387024,0.13327865600585936,44.62094508301405,3915,3.221323013305664,3.9970571994781494,0.49544999999999995,0.9239904355186853,12.959711903081333,49.48445129394531,2,18.0,6.066616278380876,16.849068501139435,0.6736211337322049,0.20934975299702654,0.9218114520920376,2.9086605444505955,0.9473228454589844,-3.35666481167015,1.5141741894741048e-05
105,P02,2718281,B1_pos,B1_pos_d060,0.06,31.7657,C:\StabilityMatrix-win-x64\Data\Packages\ComfyUI\output\benchmark_rotations_clean_v1_steps5\renders\P02_s2718281_B1_pos_d060_00001_.png,P02_s2718281_B1_pos_d060_00001_.png,1024,1280,4.393799781799316,2.670335531234741,0.6077508452470278,0.14089813232421874,43.99190090519295,4198,3.4123191833496094,4.029379367828369,0.5527,0.9086951299677689,12.421612131164387,58.84619140625,2,21.0,5.558794271242641,18.575194171765226,0.6240424165611943,0.18124835752583238,0.9157442029847999,2.8634055125504467,0.954248809814453,-3.450366917071469,1.3786037384730228e-05
106,P02,2718281,B6_neg,B6_neg_d030,0.03,-21.3119,C:\StabilityMatrix-win-x64\Data\Packages\ComfyUI\output\benchmark_rotations_clean_v1_steps5\renders\P02_s2718281_B6_neg_d030_00001_.png,P02_s2718281_B6_neg_d030_00001_.png,1024,1280,2.0,0.5728643536567688,0.2864321768283844,0.3474296569824219,26.331849196253035,17294,1.6382948160171509,1.847150206565857,0.34235,0.9798480435241902,15.130546311550988,25.620914459228516,1,26.0,2.182415161581315,21.5042760542866,0.259360073057257,0.07386962822825631,0.47713923245218315,2.607916218062208,0.8819175720214845,-2.6149295533538646,7.194970090525422e-05
107,P02,2718281,B6_neg,B6_neg_d045,0.045001,-32.21,C:\StabilityMatrix-win-x64\Data\Packages\ComfyUI\output\benchmark_rotations_clean_v1_steps5\renders\P02_s2718281_B6_neg_d045_00001_.png,P02_s2718281_B6_neg_d045_00001_.png,1024,1280,2.0,0.4596976041793823,0.22984880208969116,0.14068756103515626,44.954168698196,4102,3.905283212661743,3.9933905601501465,0.35750000000000004,0.9719479639264594,14.802735035407693,20.320053100585938,1,27.0,1.9934113779027147,3.0737872646547855,0.5226160730339782,0.16156649510844004,0.6311127249395165,2.8927500015207297,0.7608558654785156,-1.798167806242907,5.363653677987629e-05
108,P02,2718281,B6_neg,B6_neg_d060,0.06,-43.405426,C:\StabilityMatrix-win-x64\Data\Packages\ComfyUI\output\benchmark_rotations_clean_v1_steps5\renders\P02_s2718281_B6_neg_d060_00001_.png,P02_s2718281_B6_neg_d060_00001_.png,1024,1280,2.0,0.748700737953186,0.374350368976593,0.27437820434570315,39.83970311288357,9027,3.8184430599212646,3.9434149265289307,0.3464,0.9767206935903502,14.999918681089603,22.3819522857666,1,26.0,2.4921849725692513,5.7559912437738525,0.4567061168421096,0.11744762455980118,0.7510305630858581,3.0154771205574935,0.7658775329589844,-1.8915005418158153,0.00010192079317077195
109,P02,2718281,B6_pos,B6_pos_d030,0.03,21.3119,C:\StabilityMatrix-win-x64\Data\Packages\ComfyUI\output\benchmark_rotations_clean_v1_steps5\renders\P02_s2718281_B6_pos_d030_00001_.png,P02_s2718281_B6_pos_d030_00001_.png,1024,1280,6.0,2.4663970470428467,0.4110661745071411,0.005028533935546875,67.25510204081633,98,3.3916618824005127,4.0126166343688965,0.63105,0.8218775686616029,9.764257044611425,39.710079193115234,2,15.0,4.573058281821713,0.382352006043058,0.9006511080362778,0.3929513349080275,0.995644249314868,2.3615085171299386,0.9867851257324218,-3.8082850444658356,1.7048902480693917e-06
110,P02,2718281,B6_pos,B6_pos_d045,0.045001,32.21,C:\StabilityMatrix-win-x64\Data\Packages\ComfyUI\output\benchmark_rotations_clean_v1_steps5\renders\P02_s2718281_B6_pos_d045_00001_.png,P02_s2718281_B6_pos_d045_00001_.png,1024,1280,2.799999952316284,1.2054585218429565,0.43052090798992615,7.7056884765625e-05,50.5,2,3.240720748901367,3.880037307739258,0.95165,0.3304373363984395,2.499690270265864,5.26153039932251,0,15.0,4.51838525551756,0.016018954528621177,0.9933173479232182,0.9590041557581204,0.9661411902077953,0.8232908662777073,0.9953178405761719,-3.344041196829749,1.2976002979603297e-05
111,P02,2718281,B6_pos,B6_pos_d060,0.06,43.405426,C:\StabilityMatrix-win-x64\Data\Packages\ComfyUI\output\benchmark_rotations_clean_v1_steps5\renders\P02_s2718281_B6_pos_d060_00001_.png,P02_s2718281_B6_pos_d060_00001_.png,1024,1280,,,,0.0,0.0,0,2.660539150238037,3.123518705368042,0.8631,0.5184422647555356,4.209850668472807,2.6307733058929443,0,,,5.733806635775373e-07,0.9999997133096683,0.9999994266194461,0.2499997133095586,0.8743294538289182,0.994708251953125,-2.286429078532271,0.0013196598331262658
112,P02,2718281,baseline,baseline,0.0,0.0,C:\StabilityMatrix-win-x64\Data\Packages\ComfyUI\output\benchmark_rotations_clean_v1_steps5\renders\P02_s2718281_baseline_00001_.png,P02_s2718281_baseline_00001_.png,1024,1280,2.799999952316284,2.3113980293273926,0.825499310246524,0.14174270629882812,48.826544021024965,3805,2.9091086387634277,3.8762145042419434,0.47314999999999996,0.9275295062297414,13.087503563995798,35.27031707763672,4,16.0,6.362985989179491,16.26196330727152,0.6685497960917428,0.15776534434259484,0.9050281396117199,3.1622661073097027,0.8238365173339843,-3.452721867266247,1.2675564034694155e-05
113,P02,2718281,scrA_neg,scrA_neg_d030,0.03,-15.7296,C:\StabilityMatrix-win-x64\Data\Packages\ComfyUI\output\benchmark_rotations_clean_v1_steps5\renders\P02_s2718281_scrA_neg_d030_00001_.png,P02_s2718281_scrA_neg_d030_00001_.png,1024,1280,4.0,1.9901036024093628,0.4975259006023407,0.14840011596679686,50.97248427672956,3816,3.1806960105895996,4.002742767333984,0.41505,0.9510843529031067,13.970748497572506,34.81505584716797,2,20.0,5.771073497085039,15.489344777981373,0.6448908549641366,0.1362815156199879,0.9078405312120241,3.0399576518982188,0.9164344787597656,-3.3848472140284556,1.3253115866572062e-05
114,P02,2718281,scrA_neg,scrA_neg_d045,0.045001,-23.69,C:\StabilityMatrix-win-x64\Data\Packages\ComfyUI\output\benchmark_rotations_clean_v1_steps5\renders\P02_s2718281_scrA_neg_d045_00001_.png,P02_s2718281_scrA_neg_d045_00001_.png,1024,1280,4.0,2.362250804901123,0.5905627012252808,0.12647247314453125,51.803125,3200,3.487055540084839,4.049371719360352,0.44425000000000003,0.9362280429374493,13.406977941126694,45.259239196777344,3,19.0,5.546502719080061,14.547587553577063,0.6595602788555427,0.137554343916586,0.9115059167087032,2.762694948921422,0.96307373046875,-3.3290444774187677,1.872216376307128e-05
115,P02,2718281,scrA_neg,scrA_neg_d060,0.06,-31.7657,C:\StabilityMatrix-win-x64\Data\Packages\ComfyUI\output\benchmark_rotations_clean_v1_steps5\renders\P02_s2718281_scrA_neg_d060_00001_.png,P02_s2718281_scrA_neg_d060_00001_.png,1024,1280,4.0,1.71743643283844,0.42935910820961,0.09956436157226563,44.46371379897786,2935,3.9349217414855957,4.098301887512207,0.51045,0.9081832534363876,12.403995596165977,32.58292770385742,1,23.0,3.426208999518433,3.9337348537406225,0.648679504604568,0.13671163037975023,0.93157353807219,2.480125234191363,0.9706199645996094,-3.735179543181377,4.8811449088048655e-06
116,P02,2718281,scrA_pos,scrA_pos_d030,0.03,15.7296,C:\StabilityMatrix-win-x64\Data\Packages\ComfyUI\output\benchmark_rotations_clean_v1_steps5\renders\P02_s2718281_scrA_pos_d030_00001_.png,P02_s2718281_scrA_pos_d030_00001_.png,1024,1280,4.0,2.6138083934783936,0.6534520983695984,0.14067764282226564,52.39812446717818,3519,3.0728759765625,3.93461275100708,0.44165,0.9466103559859386,13.798518031323267,40.28712463378906,3,18.0,6.383951679263552,18.877710859495302,0.6463249453640981,0.1445232948775235,0.8964063888434768,2.9837095444910036,0.9270164489746093,-3.4635288762424508,1.3454470624703e-05
117,P02,2718281,scrA_pos,scrA_pos_d045,0.045001,23.69,C:\StabilityMatrix-win-x64\Data\Packages\ComfyUI\output\benchmark_rotations_clean_v1_steps5\renders\P02_s2718281_scrA_pos_d045_00001_.png,P02_s2718281_scrA_pos_d045_00001_.png,1024,1280,4.393799781799316,2.6220154762268066,0.5967535177838846,0.08550567626953125,53.11563981042654,2110,3.4555652141571045,4.037101745605469,0.552,0.8749328080491429,11.31160100067563,60.4229736328125,2,18.0,6.643701904811805,8.20352572404122,0.7497170803959814,0.252515786657319,0.9577522660407518,2.864920313552055,0.9524703979492187,-3.617524488298324,9.165762501737514e-06
118,P02,2718281,scrA_pos,scrA_pos_d060,0.06,31.7657,C:\StabilityMatrix-win-x64\Data\Packages\ComfyUI\output\benchmark_rotations_clean_v1_steps5\renders\P02_s2718281_scrA_pos_d060_00001_.png,P02_s2718281_scrA_pos_d060_00001_.png,1024,1280,4.0,2.3024563789367676,0.5756140947341919,0.05408554077148438,40.85936599423631,1735,3.742131471633911,4.0624589920043945,0.60665,0.833072231510929,10.072074302992164,53.50735855102539,2,20.0,5.256408305495162,2.276993258344395,0.7741041502562129,0.3376799277063741,0.9819748120455867,2.6041596509104483,0.9758193969726563,-3.843533599716564,4.000008170709083e-06
119,P02,2718281,scrB_neg,scrB_neg_d030,0.03,-21.3119,C:\StabilityMatrix-win-x64\Data\Packages\ComfyUI\output\benchmark_rotations_clean_v1_steps5\renders\P02_s2718281_scrB_neg_d030_00001_.png,P02_s2718281_scrB_neg_d030_00001_.png,1024,1280,2.0,1.779003620147705,0.8895018100738525,0.02030792236328125,50.79770992366412,524,3.403176784515381,4.045115947723389,0.45485000000000003,0.9419123514432656,13.619949091648472,92.29054260253906,5,23.0,5.007798374799503,0.7784210940212528,0.8156114809045091,0.165380544216973,0.9913090231595016,3.080758581516058,0.8945335388183593,-3.8288728610348954,4.4835087975043495e-07
120,P02,2718281,scrB_neg,scrB_neg_d045,0.045001,-32.21,C:\StabilityMatrix-win-x64\Data\Packages\ComfyUI\output\benchmark_rotations_clean_v1_steps5\renders\P02_s2718281_scrB_neg_d045_00001_.png,P02_s2718281_scrB_neg_d045_00001_.png,1024,1280,2.0,1.240558385848999,0.6202791929244995,0.00121917724609375,45.65714285714286,35,3.7254726886749268,3.999220848083496,0.6061,0.8696781765015377,11.147997709381874,65.68168640136719,2,21.0,4.539416679808216,0.23237909189792055,0.903724321542574,0.35928645246251795,0.9935676803593176,2.7896964623432057,0.9429183959960937,-3.828316975862649,1.72512569526519e-07
121,P02,2718281,scrB_neg,scrB_neg_d060,0.06,-43.405426,C:\StabilityMatrix-win-x64\Data\Packages\ComfyUI\output\benchmark_rotations_clean_v1_steps5\renders\P02_s2718281_scrB_neg_d060_00001_.png,P02_s2718281_scrB_neg_d060_00001_.png,1024,1280,2.0,0.8053431510925293,0.40267157554626465,0.0,0.0,0,3.8975698947906494,4.02002477645874,0.48464999999999997,0.9162787658744214,12.685557894000796,36.18589782714844,1,,,0.10459229028236017,0.9477600905281787,0.7245725047598677,0.8001949743601879,2.674323997536177,0.9439254760742187,-3.437253291266945,1.93981342101302e-07
122,P02,2718281,scrB_pos,scrB_pos_d030,0.03,21.3119,C:\StabilityMatrix-win-x64\Data\Packages\ComfyUI\output\benchmark_rotations_clean_v1_steps5\renders\P02_s2718281_scrB_pos_d030_00001_.png,P02_s2718281_scrB_pos_d030_00001_.png,1024,1280,2.799999952316284,1.5033462047576904,0.5369093679855443,0.03209762573242188,32.91940532081377,1278,3.2610087394714355,3.8286139965057373,0.71295,0.7322773380319122,7.616400547320313,43.99208068847656,1,20.0,6.274693531137596,1.3037097587967021,0.8820316667659925,0.5580702103371581,0.9650282842545789,2.5724188604387686,0.9163414001464845,-2.918747329870932,3.034804950318813e-05
123,P02,2718281,scrB_pos,scrB_pos_d045,0.045001,32.21,C:\StabilityMatrix-win-x64\Data\Packages\ComfyUI\output\benchmark_rotations_clean_v1_steps5\renders\P02_s2718281_scrB_pos_d045_00001_.png,P02_s2718281_scrB_pos_d045_00001_.png,1024,1280,2.799999952316284,1.3122954368591309,0.46867694971692475,0.0903564453125,46.2625,2560,3.583479404449463,3.9253220558166504,0.6062,0.8571491180206557,10.767388448801018,45.3892822265625,1,24.0,3.4176172387616415,1.878718156891722,0.7539407684914119,0.3214166774590057,0.9765238449919631,3.0200006484383404,0.909130859375,-3.3572706400419756,7.150655377130177e-06
124,P02,2718281,scrB_pos,scrB_pos_d060,0.06,43.405426,C:\StabilityMatrix-win-x64\Data\Packages\ComfyUI\output\benchmark_rotations_clean_v1_steps5\renders\P02_s2718281_scrB_pos_d060_00001_.png,P02_s2718281_scrB_pos_d060_00001_.png,1024,1280,2.0,0.3444749414920807,0.17223747074604034,0.0005157470703125,26.0,26,3.326498508453369,3.593550205230713,0.4523,0.9393395940532063,13.52314098252646,29.410030364990234,1,22.0,3.642250748230209,0.34710871097130463,0.8486731078224924,0.5719339563018595,0.5909422150601336,3.0646437619980724,0.8420135498046875,-3.617889700207559,4.87110267064563e-08
125,P02,3141592,B1_neg,B1_neg_d030,0.03,-15.7296,C:\StabilityMatrix-win-x64\Data\Packages\ComfyUI\output\benchmark_rotations_clean_v1_steps5\renders\P02_s3141592_B1_neg_d030_00001_.png,P02_s3141592_B1_neg_d030_00001_.png,1024,1280,4.0,2.0209169387817383,0.5052292346954346,0.15122146606445314,63.732797427652734,3110,3.1624093055725098,3.9194931983947754,0.39254999999999995,0.9656592944789665,14.546873188637946,35.988868713378906,5,19.0,5.6365099769977,15.12109119075556,0.626579061175842,0.12136964625697574,0.8989017033318113,3.130312388674898,0.8862731933593752,-3.5652175657688265,9.886909051927805e-06
126,P02,3141592,B1_neg,B1_neg_d045,0.045001,-23.69,C:\StabilityMatrix-win-x64\Data\Packages\ComfyUI\output\benchmark_rotations_clean_v1_steps5\renders\P02_s3141592_B1_neg_d045_00001_.png,P02_s3141592_B1_neg_d045_00001_.png,1024,1280,4.0,1.9646010398864746,0.49115025997161865,0.16468963623046876,44.425190368388556,4859,3.478080987930298,4.044431209564209,0.39270000000000005,0.9612336754299937,14.369467570372995,48.60373306274414,2,22.0,4.916792018176079,18.853528608081906,0.584339741386112,0.10917571415743782,0.8828636367700615,2.9171764986691273,0.9431449890136718,-3.376349327913442,1.7193725946615276e-05
127,P02,3141592,B1_neg,B1_neg_d060,0.06,-31.7657,C:\StabilityMatrix-win-x64\Data\Packages\ComfyUI\output\benchmark_rotations_clean_v1_steps5\renders\P02_s3141592_B1_neg_d060_00001_.png,P02_s3141592_B1_neg_d060_00001_.png,1024,1280,2.799999952316284,1.5292468070983887,0.5461595832647526,0.15937728881835939,44.24888794746876,4721,3.997579574584961,4.101802825927734,0.39590000000000003,0.9727614608032963,14.83616017069699,45.69292068481445,2,24.0,3.283273371302837,4.529293826985024,0.5840554298677956,0.10930898884287825,0.9340515481318483,2.5410544219815603,0.9668441772460938,-3.819294552592096,3.0962272589882156e-06
128,P02,3141592,B1_pos,B1_pos_d030,0.03,15.7296,C:\StabilityMatrix-win-x64\Data\Packages\ComfyUI\output\benchmark_rotations_clean_v1_steps5\renders\P02_s3141592_B1_pos_d030_00001_.png,P02_s3141592_B1_pos_d030_00001_.png,1024,1280,2.799999952316284,2.365840196609497,0.8449429417498272,0.1590484619140625,51.170348551791854,4074,2.9936349391937256,3.9738271236419678,0.46819999999999995,0.9387499726399573,13.501051713915498,46.4560432434082,4,19.0,5.900568287392508,19.861098586809835,0.6328188124570912,0.18689056018132694,0.8898422592739695,3.01911779725586,0.9209197998046874,-3.5301830647361756,1.1926100375873905e-05
129,P02,3141592,B1_pos,B1_pos_d045,0.045001,23.69,C:\StabilityMatrix-win-x64\Data\Packages\ComfyUI\output\benchmark_rotations_clean_v1_steps5\renders\P02_s3141592_B1_pos_d045_00001_.png,P02_s3141592_B1_pos_d045_00001_.png,1024,1280,4.0,2.7115743160247803,0.6778935790061951,0.14570846557617187,44.653495440729486,4277,3.122523784637451,3.934774875640869,0.4714,0.9325603114184122,13.271331763115398,51.45998001098633,3,18.0,6.097708457896294,19.76937360722312,0.6423501561283923,0.19908919775145673,0.9021565132049039,2.9294132262171093,0.9439361572265624,-3.3480669959317986,1.9024120553348384e-05
130,P02,3141592,B1_pos,B1_pos_d060,0.06,31.7657,C:\StabilityMatrix-win-x64\Data\Packages\ComfyUI\output\benchmark_rotations_clean_v1_steps5\renders\P02_s3141592_B1_pos_d060_00001_.png,P02_s3141592_B1_pos_d060_00001_.png,1024,1280,4.0,2.47784423828125,0.6194610595703125,0.14884414672851562,42.51318370015254,4589,3.383129119873047,4.026229381561279,0.5207499999999999,0.9236944451968168,12.949080756192075,55.82384490966797,2,20.0,5.677006115682808,21.889048925061246,0.6076524826266958,0.17506405832097763,0.8960496966607836,2.8834257589898544,0.9526344299316406,-3.3455001667251083,1.8358565626750376e-05
131,P02,3141592,B6_neg,B6_neg_d030,0.03,-21.3119,C:\StabilityMatrix-win-x64\Data\Packages\ComfyUI\output\benchmark_rotations_clean_v1_steps5\renders\P02_s3141592_B6_neg_d030_00001_.png,P02_s3141592_B6_neg_d030_00001_.png,1024,1280,2.0,0.6124370694160461,0.30621853470802307,0.34950408935546873,29.44289478758275,15559,1.6492390632629395,1.850987195968628,0.32999999999999996,0.986304537936875,15.403840147745473,31.9578857421875,1,25.0,2.2240078546399067,20.257393065652384,0.2659219846039945,0.0735653734373178,0.5024308941462898,2.623030832961062,0.8823745727539063,-2.6317285445019527,5.7210346620297016e-05
132,P02,3141592,B6_neg,B6_neg_d045,0.045001,-32.21,C:\StabilityMatrix-win-x64\Data\Packages\ComfyUI\output\benchmark_rotations_clean_v1_steps5\renders\P02_s3141592_B6_neg_d045_00001_.png,P02_s3141592_B6_neg_d045_00001_.png,1024,1280,2.0,0.37738969922065735,0.18869484961032867,0.0322418212890625,36.21251071122536,1167,3.7695822715759277,3.909597396850586,0.3765,0.9749570632742882,14.926750790608871,23.190250396728516,2,26.0,2.1403212170722625,1.5868697098706501,0.6158796902642409,0.18239048836562696,0.8646118944208478,2.9785821857969044,0.7643722534179687,-2.1188425552294077,1.3809476123906448e-05
133,P02,3141592,B6_neg,B6_neg_d060,0.06,-43.405426,C:\StabilityMatrix-win-x64\Data\Packages\ComfyUI\output\benchmark_rotations_clean_v1_steps5\renders\P02_s3141592_B6_neg_d060_00001_.png,P02_s3141592_B6_neg_d060_00001_.png,1024,1280,2.0,0.6926535367965698,0.3463267683982849,0.21348953247070312,49.43904593639576,5660,3.8453292846679688,3.9719324111938477,0.33454999999999996,0.979964372162651,15.135427175984827,29.311534881591797,2,25.0,2.708462336357161,3.6917653720286863,0.5300743449397988,0.12991594254248884,0.8534380228080489,3.0010266484585815,0.7592628479003907,-1.9473457305429456,5.1308113177400615e-05
134,P02,3141592,B6_pos,B6_pos_d030,0.03,21.3119,C:\StabilityMatrix-win-x64\Data\Packages\ComfyUI\output\benchmark_rotations_clean_v1_steps5\renders\P02_s3141592_B6_pos_d030_00001_.png,P02_s3141592_B6_pos_d030_00001_.png,1024,1280,6.0,2.4563724994659424,0.40939541657765705,0.004337310791015625,65.34482758620689,87,3.4136013984680176,4.021783828735352,0.6608,0.7995179620579473,9.177313225469199,40.397789001464844,2,14.0,5.121223496254007,0.3876012294625333,0.8898876678016336,0.37747943552648316,0.9948396495627404,2.38396883244237,0.9860626220703126,-3.8066817468138403,1.6979685082147398e-06
135,P02,3141592,B6_pos,B6_pos_d045,0.045001,32.21,C:\StabilityMatrix-win-x64\Data\Packages\ComfyUI\output\benchmark_rotations_clean_v1_steps5\renders\P02_s3141592_B6_pos_d045_00001_.png,P02_s3141592_B6_pos_d045_00001_.png,1024,1280,5.599999904632568,2.148509979248047,0.38366250282802755,0.000220489501953125,57.8,5,3.3225104808807373,3.991442918777466,0.9238500000000001,0.3471954425765801,2.6185747167256164,8.298294067382812,0,15.0,4.034463038224879,0.03434873333208364,0.987047239787463,0.920526692967526,0.9797520763041064,0.9996486008276886,0.9954795837402344,-3.5451755073142404,4.356848400236749e-06
136,P02,3141592,B6_pos,B6_pos_d060,0.06,43.405426,C:\StabilityMatrix-win-x64\Data\Packages\ComfyUI\output\benchmark_rotations_clean_v1_steps5\renders\P02_s3141592_B6_pos_d060_00001_.png,P02_s3141592_B6_pos_d060_00001_.png,1024,1280,,,,0.0,0.0,0,2.704610586166382,3.1114261150360107,0.5032000000000001,0.8767641520167397,11.369182437518962,5.851278305053711,0,,,5.733806635775373e-07,0.9999997133096683,0.9999994266194461,0.2499997133095586,1.6141783951117858,0.9923309326171875,-2.4142482316376834,0.00038461145047472944
137,P02,3141592,baseline,baseline,0.0,0.0,C:\StabilityMatrix-win-x64\Data\Packages\ComfyUI\output\benchmark_rotations_clean_v1_steps5\renders\P02_s3141592_baseline_00001_.png,P02_s3141592_baseline_00001_.png,1024,1280,2.799999952316284,2.3306362628936768,0.8323701080657773,0.15154190063476564,52.367255470603745,3793,2.8819870948791504,3.9053561687469482,0.41635,0.9552996449960816,14.134986302205702,32.063873291015625,4,17.0,6.373053462736165,17.525787640009256,0.6465173047662599,0.1417106019447204,0.8937172654941127,3.1657362679386076,0.8323440551757812,-3.3946503579735263,1.5176296965904843e-05
138,P02,3141592,scrA_neg,scrA_neg_d030,0.03,-15.7296,C:\StabilityMatrix-win-x64\Data\Packages\ComfyUI\output\benchmark_rotations_clean_v1_steps5\renders\P02_s3141592_scrA_neg_d030_00001_.png,P02_s3141592_scrA_neg_d030_00001_.png,1024,1280,4.0,2.051386594772339,0.5128466486930847,0.14977569580078126,50.609435421500386,3879,3.1541483402252197,3.983928680419922,0.42555,0.9533167531064534,14.057488995807066,35.14989471435547,2,19.0,5.949342411868242,16.688009398215208,0.6325515240054695,0.13426904191637168,0.8958315286420496,3.0615888189998217,0.9073684692382813,-3.4901072728069833,1.1728201592926012e-05
139,P02,3141592,scrA_neg,scrA_neg_d045,0.045001,-23.69,C:\StabilityMatrix-win-x64\Data\Packages\ComfyUI\output\benchmark_rotations_clean_v1_steps5\renders\P02_s3141592_scrA_neg_d045_00001_.png,P02_s3141592_scrA_neg_d045_00001_.png,1024,1280,4.393799781799316,2.42838716506958,0.5526849846751836,0.12094192504882813,56.81756272401434,2790,3.3644299507141113,4.0225725173950195,0.43505,0.9419598511026372,13.621742916472915,46.151588439941406,3,18.0,5.622233431389625,15.239628270530526,0.6679381619317897,0.15066977954721314,0.9145038522840685,2.7378212937989077,0.9662353515625001,-3.387740937620581,1.6439333909969834e-05
140,P02,3141592,scrA_neg,scrA_neg_d060,0.06,-31.7657,C:\StabilityMatrix-win-x64\Data\Packages\ComfyUI\output\benchmark_rotations_clean_v1_steps5\renders\P02_s3141592_scrA_neg_d060_00001_.png,P02_s3141592_scrA_neg_d060_00001_.png,1024,1280,4.0,1.6828970909118652,0.4207242727279663,0.12393951416015625,45.786358511837655,3548,3.902822494506836,4.092526912689209,0.51,0.9182936850224416,12.75662462111637,30.191936492919922,2,22.0,3.4285102664135123,4.198152841936912,0.6252332283790426,0.13840940854846429,0.9123279049343491,2.478540132581729,0.9708786010742186,-3.6617880841833887,6.147374915345872e-06
141,P02,3141592,scrA_pos,scrA_pos_d030,0.03,15.7296,C:\StabilityMatrix-win-x64\Data\Packages\ComfyUI\output\benchmark_rotations_clean_v1_steps5\renders\P02_s3141592_scrA_pos_d030_00001_.png,P02_s3141592_scrA_pos_d030_00001_.png,1024,1280,4.0,2.517221689224243,0.6293054223060608,0.133294677734375,50.67053364269142,3448,3.1342380046844482,3.9666800498962402,0.42945000000000005,0.9464734528539529,13.79328143784781,43.93437194824219,3,18.0,6.175263330119969,16.920384307128252,0.6579912845885639,0.13772179206645188,0.9060939034526592,3.063237133714712,0.9085296630859374,-3.5366207274397,1.2038897662315242e-05
142,P02,3141592,scrA_pos,scrA_pos_d045,0.045001,23.69,C:\StabilityMatrix-win-x64\Data\Packages\ComfyUI\output\benchmark_rotations_clean_v1_steps5\renders\P02_s3141592_scrA_pos_d045_00001_.png,P02_s3141592_scrA_pos_d045_00001_.png,1024,1280,4.393799781799316,2.6627566814422607,0.6060259487636072,0.08779449462890625,52.44940747493163,2194,3.4031314849853516,4.019098281860352,0.56195,0.862355129947251,10.923933410185287,59.90233612060547,2,18.0,6.321768399293428,9.004599833706223,0.7462460648116165,0.24933420557533417,0.9539695835315252,2.8188863350414444,0.958684539794922,-3.58872644040283,8.997586119332585e-06
143,P02,3141592,scrA_pos,scrA_pos_d060,0.06,31.7657,C:\StabilityMatrix-win-x64\Data\Packages\ComfyUI\output\benchmark_rotations_clean_v1_steps5\renders\P02_s3141592_scrA_pos_d060_00001_.png,P02_s3141592_scrA_pos_d060_00001_.png,1024,1280,4.393799781799316,2.4221031665802,0.5512547878520578,0.052103424072265626,39.79778554778555,1716,3.71504545211792,4.056154251098633,0.6559999999999999,0.8068829178374988,9.366640350984197,47.83269119262695,1,20.0,5.564680021875922,2.3539626389785457,0.7868180968843226,0.35692026618229994,0.9760372263119201,2.6223218579732115,0.9743980407714843,-3.884700468373508,3.961194429944965e-06
144,P02,3141592,scrB_neg,scrB_neg_d030,0.03,-21.3119,C:\StabilityMatrix-win-x64\Data\Packages\ComfyUI\output\benchmark_rotations_clean_v1_steps5\renders\P02_s3141592_scrB_neg_d030_00001_.png,P02_s3141592_scrB_neg_d030_00001_.png,1024,1280,2.0,2.4173424243927,1.20867121219635,0.05409317016601563,51.04463642908567,1389,3.2431819438934326,3.9890224933624268,0.39180000000000004,0.9642551483263346,14.490350564848304,84.0025634765625,3,22.0,5.486559906466801,1.303650298024814,0.7750227745443672,0.14975954463187172,0.9859451202881153,3.0333322621214447,0.9129135131835937,-3.9891440326665153,4.533945294150178e-07
145,P02,3141592,scrB_neg,scrB_neg_d045,0.045001,-32.21,C:\StabilityMatrix-win-x64\Data\Packages\ComfyUI\output\benchmark_rotations_clean_v1_steps5\renders\P02_s3141592_scrB_neg_d045_00001_.png,P02_s3141592_scrB_neg_d045_00001_.png,1024,1280,4.0,1.1378846168518066,0.28447115421295166,0.0,0.0,0,3.0502865314483643,3.5437824726104736,0.401,0.9500967041617618,13.932544117812222,69.68647766113281,2,9.0,3.0633798084982655,0.2214389199807488,0.892292849929812,0.34151834535609826,0.9827448229186576,2.6526600453328686,0.9443695068359375,-3.642266220253055,1.902293224683569e-07
146,P02,3141592,scrB_neg,scrB_neg_d060,0.06,-43.405426,C:\StabilityMatrix-win-x64\Data\Packages\ComfyUI\output\benchmark_rotations_clean_v1_steps5\renders\P02_s3141592_scrB_neg_d060_00001_.png,P02_s3141592_scrB_neg_d060_00001_.png,1024,1280,2.0,0.5642614364624023,0.28213071823120117,0.000270843505859375,35.5,10,3.976288318634033,4.0839667320251465,0.3654,0.9574920364278922,14.221168895910452,31.122230529785156,1,23.0,5.343910786168909,0.243716165882154,0.8811051943395032,0.49995847728789955,0.7725964905492357,2.8990384400065126,0.9259475708007814,-3.54136064863008,5.032013053459552e-07
147,P02,3141592,scrB_pos,scrB_pos_d030,0.03,21.3119,C:\StabilityMatrix-win-x64\Data\Packages\ComfyUI\output\benchmark_rotations_clean_v1_steps5\renders\P02_s3141592_scrB_pos_d030_00001_.png,P02_s3141592_scrB_pos_d030_00001_.png,1024,1280,2.799999952316284,1.61516535282135,0.5768447786883759,0.03347091674804688,41.11621368322399,1067,3.225048303604126,3.7812259197235107,0.64805,0.8065319045403855,9.357529025688715,53.70831298828125,1,20.0,5.7321559239873165,1.082994097692599,0.874486637041821,0.5310545602378568,0.9689491375522301,2.6531036549038842,0.9240089416503906,-3.0821693809613357,2.0232761313611354e-05
148,P02,3141592,scrB_pos,scrB_pos_d045,0.045001,32.21,C:\StabilityMatrix-win-x64\Data\Packages\ComfyUI\output\benchmark_rotations_clean_v1_steps5\renders\P02_s3141592_scrB_pos_d045_00001_.png,P02_s3141592_scrB_pos_d045_00001_.png,1024,1280,2.799999952316284,1.2928717136383057,0.46173990559135003,0.15164260864257811,48.99211239832388,4057,3.4553780555725098,3.9790492057800293,0.357,0.9831462681904979,15.269543987599533,52.79274368286133,2,25.0,2.823319700357895,3.526653458961546,0.6243235451622928,0.11111115104870083,0.9663739684015629,3.003312175933022,0.9212760925292969,-3.57024231253079,2.719893148546604e-06
149,P02,3141592,scrB_pos,scrB_pos_d060,0.06,43.405426,C:\StabilityMatrix-win-x64\Data\Packages\ComfyUI\output\benchmark_rotations_clean_v1_steps5\renders\P02_s3141592_scrB_pos_d060_00001_.png,P02_s3141592_scrB_pos_d060_00001_.png,1024,1280,2.0,0.3923646807670593,0.19618234038352966,0.00056610107421875,28.53846153846154,26,3.350538492202759,3.645892381668091,0.42955,0.9518389285605496,14.000007687409363,26.865921020507812,1,22.0,3.372829855026855,0.41223225508220807,0.8209218895496593,0.4708887879593555,0.69491872382251,3.0649652857572702,0.8118530273437501,-3.5280126525528974,7.485986277371658e-08
