run_id,prompt_id,prompt_sha1,seed,condition,cond_tag,dose_target_D,angle_deg,measured_D,checkpoint,checkpoint_sha256,vae,text_encoder,tuner_node,tuner_version,tuner_mode,sampler,steps,cfg,scheduler,denoise,width,height,image_path,baseline_path,renders_root,suite_git_sha,timestamp
0,P01,52e5b19ca6,1618033,B1_neg,B1_neg_d030,0.03,-15.7296,0.03,krea2_turbo_bf16.safetensors,not recorded,qwen_image_vae.safetensors,qwen3vl_4b_bf16.safetensors,ArthemyKrea2ModelRotator,not recorded,Default,euler_ancestral,9,1.0,simple,1.0,1024,1280,C:\StabilityMatrix-win-x64\Data\Packages\ComfyUI\output\benchmark_rotations_clean_v1\renders\P01_s1618033_B1_neg_d030_00001_.png,C:\StabilityMatrix-win-x64\Data\Packages\ComfyUI\output\benchmark_rotations_clean_v1\renders\P01_s1618033_baseline_00001_.png,benchmark_rotations_clean_v1/renders,not recorded,2026-09-22T01:17:57.174122
1,P01,52e5b19ca6,1618033,B1_neg,B1_neg_d045,0.045001,-23.69,0.045002,krea2_turbo_bf16.safetensors,not recorded,qwen_image_vae.safetensors,qwen3vl_4b_bf16.safetensors,ArthemyKrea2ModelRotator,not recorded,Default,euler_ancestral,9,1.0,simple,1.0,1024,1280,C:\StabilityMatrix-win-x64\Data\Packages\ComfyUI\output\benchmark_rotations_clean_v1\renders\P01_s1618033_B1_neg_d045_00001_.png,C:\StabilityMatrix-win-x64\Data\Packages\ComfyUI\output\benchmark_rotations_clean_v1\renders\P01_s1618033_baseline_00001_.png,benchmark_rotations_clean_v1/renders,not recorded,2026-09-22T00:50:44.486247
2,P01,52e5b19ca6,1618033,B1_neg,B1_neg_d060,0.06,-31.7657,0.059995,krea2_turbo_bf16.safetensors,not recorded,qwen_image_vae.safetensors,qwen3vl_4b_bf16.safetensors,ArthemyKrea2ModelRotator,not recorded,Default,euler_ancestral,9,1.0,simple,1.0,1024,1280,C:\StabilityMatrix-win-x64\Data\Packages\ComfyUI\output\benchmark_rotations_clean_v1\renders\P01_s1618033_B1_neg_d060_00001_.png,C:\StabilityMatrix-win-x64\Data\Packages\ComfyUI\output\benchmark_rotations_clean_v1\renders\P01_s1618033_baseline_00001_.png,benchmark_rotations_clean_v1/renders,not recorded,2026-09-22T01:31:32.707640
3,P01,52e5b19ca6,1618033,B1_pos,B1_pos_d030,0.03,15.7296,0.03,krea2_turbo_bf16.safetensors,not recorded,qwen_image_vae.safetensors,qwen3vl_4b_bf16.safetensors,ArthemyKrea2ModelRotator,not recorded,Default,euler_ancestral,9,1.0,simple,1.0,1024,1280,C:\StabilityMatrix-win-x64\Data\Packages\ComfyUI\output\benchmark_rotations_clean_v1\renders\P01_s1618033_B1_pos_d030_00001_.png,C:\StabilityMatrix-win-x64\Data\Packages\ComfyUI\output\benchmark_rotations_clean_v1\renders\P01_s1618033_baseline_00001_.png,benchmark_rotations_clean_v1/renders,not recorded,2026-09-22T01:14:32.446838
4,P01,52e5b19ca6,1618033,B1_pos,B1_pos_d045,0.045001,23.69,0.045002,krea2_turbo_bf16.safetensors,not recorded,qwen_image_vae.safetensors,qwen3vl_4b_bf16.safetensors,ArthemyKrea2ModelRotator,not recorded,Default,euler_ancestral,9,1.0,simple,1.0,1024,1280,C:\StabilityMatrix-win-x64\Data\Packages\ComfyUI\output\benchmark_rotations_clean_v1\renders\P01_s1618033_B1_pos_d045_00001_.png,C:\StabilityMatrix-win-x64\Data\Packages\ComfyUI\output\benchmark_rotations_clean_v1\renders\P01_s1618033_baseline_00001_.png,benchmark_rotations_clean_v1/renders,not recorded,2026-09-22T00:47:16.124328
5,P01,52e5b19ca6,1618033,B1_pos,B1_pos_d060,0.06,31.7657,0.059995,krea2_turbo_bf16.safetensors,not recorded,qwen_image_vae.safetensors,qwen3vl_4b_bf16.safetensors,ArthemyKrea2ModelRotator,not recorded,Default,euler_ancestral,9,1.0,simple,1.0,1024,1280,C:\StabilityMatrix-win-x64\Data\Packages\ComfyUI\output\benchmark_rotations_clean_v1\renders\P01_s1618033_B1_pos_d060_00001_.png,C:\StabilityMatrix-win-x64\Data\Packages\ComfyUI\output\benchmark_rotations_clean_v1\renders\P01_s1618033_baseline_00001_.png,benchmark_rotations_clean_v1/renders,not recorded,2026-09-22T01:28:08.364563
6,P01,52e5b19ca6,1618033,B6_neg,B6_neg_d030,0.03,-21.3119,0.029999,krea2_turbo_bf16.safetensors,not recorded,qwen_image_vae.safetensors,qwen3vl_4b_bf16.safetensors,ArthemyKrea2ModelRotator,not recorded,Default,euler_ancestral,9,1.0,simple,1.0,1024,1280,C:\StabilityMatrix-win-x64\Data\Packages\ComfyUI\output\benchmark_rotations_clean_v1\renders\P01_s1618033_B6_neg_d030_00001_.png,C:\StabilityMatrix-win-x64\Data\Packages\ComfyUI\output\benchmark_rotations_clean_v1\renders\P01_s1618033_baseline_00001_.png,benchmark_rotations_clean_v1/renders,not recorded,2026-09-22T01:24:44.044779
7,P01,52e5b19ca6,1618033,B6_neg,B6_neg_d045,0.045001,-32.21,0.045001,krea2_turbo_bf16.safetensors,not recorded,qwen_image_vae.safetensors,qwen3vl_4b_bf16.safetensors,ArthemyKrea2ModelRotator,not recorded,Default,euler_ancestral,9,1.0,simple,1.0,1024,1280,C:\StabilityMatrix-win-x64\Data\Packages\ComfyUI\output\benchmark_rotations_clean_v1\renders\P01_s1618033_B6_neg_d045_00001_.png,C:\StabilityMatrix-win-x64\Data\Packages\ComfyUI\output\benchmark_rotations_clean_v1\renders\P01_s1618033_baseline_00001_.png,benchmark_rotations_clean_v1/renders,not recorded,2026-09-22T00:57:31.974017
8,P01,52e5b19ca6,1618033,B6_neg,B6_neg_d060,0.06,-43.405426,0.059995,krea2_turbo_bf16.safetensors,not recorded,qwen_image_vae.safetensors,qwen3vl_4b_bf16.safetensors,ArthemyKrea2ModelRotator,not recorded,Default,euler_ancestral,9,1.0,simple,1.0,1024,1280,C:\StabilityMatrix-win-x64\Data\Packages\ComfyUI\output\benchmark_rotations_clean_v1\renders\P01_s1618033_B6_neg_d060_00001_.png,C:\StabilityMatrix-win-x64\Data\Packages\ComfyUI\output\benchmark_rotations_clean_v1\renders\P01_s1618033_baseline_00001_.png,benchmark_rotations_clean_v1/renders,not recorded,2026-09-22T01:38:19.261043
9,P01,52e5b19ca6,1618033,B6_pos,B6_pos_d030,0.03,21.3119,0.029999,krea2_turbo_bf16.safetensors,not recorded,qwen_image_vae.safetensors,qwen3vl_4b_bf16.safetensors,ArthemyKrea2ModelRotator,not recorded,Default,euler_ancestral,9,1.0,simple,1.0,1024,1280,C:\StabilityMatrix-win-x64\Data\Packages\ComfyUI\output\benchmark_rotations_clean_v1\renders\P01_s1618033_B6_pos_d030_00001_.png,C:\StabilityMatrix-win-x64\Data\Packages\ComfyUI\output\benchmark_rotations_clean_v1\renders\P01_s1618033_baseline_00001_.png,benchmark_rotations_clean_v1/renders,not recorded,2026-09-22T01:21:20.695813
10,P01,52e5b19ca6,1618033,B6_pos,B6_pos_d045,0.045001,32.21,0.045001,krea2_turbo_bf16.safetensors,not recorded,qwen_image_vae.safetensors,qwen3vl_4b_bf16.safetensors,ArthemyKrea2ModelRotator,not recorded,Default,euler_ancestral,9,1.0,simple,1.0,1024,1280,C:\StabilityMatrix-win-x64\Data\Packages\ComfyUI\output\benchmark_rotations_clean_v1\renders\P01_s1618033_B6_pos_d045_00001_.png,C:\StabilityMatrix-win-x64\Data\Packages\ComfyUI\output\benchmark_rotations_clean_v1\renders\P01_s1618033_baseline_00001_.png,benchmark_rotations_clean_v1/renders,not recorded,2026-09-22T00:54:08.543472
11,P01,52e5b19ca6,1618033,B6_pos,B6_pos_d060,0.06,43.405426,0.059995,krea2_turbo_bf16.safetensors,not recorded,qwen_image_vae.safetensors,qwen3vl_4b_bf16.safetensors,ArthemyKrea2ModelRotator,not recorded,Default,euler_ancestral,9,1.0,simple,1.0,1024,1280,C:\StabilityMatrix-win-x64\Data\Packages\ComfyUI\output\benchmark_rotations_clean_v1\renders\P01_s1618033_B6_pos_d060_00001_.png,C:\StabilityMatrix-win-x64\Data\Packages\ComfyUI\output\benchmark_rotations_clean_v1\renders\P01_s1618033_baseline_00001_.png,benchmark_rotations_clean_v1/renders,not recorded,2026-09-22T01:34:56.058962
12,P01,52e5b19ca6,1618033,baseline,baseline,0.0,0.0,0.0,krea2_turbo_bf16.safetensors,not recorded,qwen_image_vae.safetensors,qwen3vl_4b_bf16.safetensors,none,not recorded,none,euler_ancestral,9,1.0,simple,1.0,1024,1280,C:\StabilityMatrix-win-x64\Data\Packages\ComfyUI\output\benchmark_rotations_clean_v1\renders\P01_s1618033_baseline_00001_.png,C:\StabilityMatrix-win-x64\Data\Packages\ComfyUI\output\benchmark_rotations_clean_v1\renders\P01_s1618033_baseline_00001_.png,benchmark_rotations_clean_v1/renders,not recorded,2026-09-22T00:43:48.246825
13,P01,52e5b19ca6,1618033,scrA_neg,scrA_neg_d030,0.03,-15.7296,0.03,krea2_turbo_bf16.safetensors,not recorded,qwen_image_vae.safetensors,qwen3vl_4b_bf16.safetensors,ArthemyKrea2ModelScrambleRotator,not recorded,Default,euler_ancestral,9,1.0,simple,1.0,1024,1280,C:\StabilityMatrix-win-x64\Data\Packages\ComfyUI\output\benchmark_rotations_clean_v1\renders\P01_s1618033_scrA_neg_d030_00001_.png,C:\StabilityMatrix-win-x64\Data\Packages\ComfyUI\output\benchmark_rotations_clean_v1\renders\P01_s1618033_baseline_00001_.png,benchmark_rotations_clean_v1/renders,not recorded,2026-09-22T01:45:08.082097
14,P01,52e5b19ca6,1618033,scrA_neg,scrA_neg_d045,0.045001,-23.69,0.045001,krea2_turbo_bf16.safetensors,not recorded,qwen_image_vae.safetensors,qwen3vl_4b_bf16.safetensors,ArthemyKrea2ModelScrambleRotator,not recorded,Default,euler_ancestral,9,1.0,simple,1.0,1024,1280,C:\StabilityMatrix-win-x64\Data\Packages\ComfyUI\output\benchmark_rotations_clean_v1\renders\P01_s1618033_scrA_neg_d045_00001_.png,C:\StabilityMatrix-win-x64\Data\Packages\ComfyUI\output\benchmark_rotations_clean_v1\renders\P01_s1618033_baseline_00001_.png,benchmark_rotations_clean_v1/renders,not recorded,2026-09-22T01:04:21.246639
15,P01,52e5b19ca6,1618033,scrA_neg,scrA_neg_d060,0.06,-31.7657,0.059995,krea2_turbo_bf16.safetensors,not recorded,qwen_image_vae.safetensors,qwen3vl_4b_bf16.safetensors,ArthemyKrea2ModelScrambleRotator,not recorded,Default,euler_ancestral,9,1.0,simple,1.0,1024,1280,C:\StabilityMatrix-win-x64\Data\Packages\ComfyUI\output\benchmark_rotations_clean_v1\renders\P01_s1618033_scrA_neg_d060_00001_.png,C:\StabilityMatrix-win-x64\Data\Packages\ComfyUI\output\benchmark_rotations_clean_v1\renders\P01_s1618033_baseline_00001_.png,benchmark_rotations_clean_v1/renders,not recorded,2026-09-22T01:58:43.819141
16,P01,52e5b19ca6,1618033,scrA_pos,scrA_pos_d030,0.03,15.7296,0.03,krea2_turbo_bf16.safetensors,not recorded,qwen_image_vae.safetensors,qwen3vl_4b_bf16.safetensors,ArthemyKrea2ModelScrambleRotator,not recorded,Default,euler_ancestral,9,1.0,simple,1.0,1024,1280,C:\StabilityMatrix-win-x64\Data\Packages\ComfyUI\output\benchmark_rotations_clean_v1\renders\P01_s1618033_scrA_pos_d030_00001_.png,C:\StabilityMatrix-win-x64\Data\Packages\ComfyUI\output\benchmark_rotations_clean_v1\renders\P01_s1618033_baseline_00001_.png,benchmark_rotations_clean_v1/renders,not recorded,2026-09-22T01:41:43.703696
17,P01,52e5b19ca6,1618033,scrA_pos,scrA_pos_d045,0.045001,23.69,0.045001,krea2_turbo_bf16.safetensors,not recorded,qwen_image_vae.safetensors,qwen3vl_4b_bf16.safetensors,ArthemyKrea2ModelScrambleRotator,not recorded,Default,euler_ancestral,9,1.0,simple,1.0,1024,1280,C:\StabilityMatrix-win-x64\Data\Packages\ComfyUI\output\benchmark_rotations_clean_v1\renders\P01_s1618033_scrA_pos_d045_00001_.png,C:\StabilityMatrix-win-x64\Data\Packages\ComfyUI\output\benchmark_rotations_clean_v1\renders\P01_s1618033_baseline_00001_.png,benchmark_rotations_clean_v1/renders,not recorded,2026-09-22T01:00:56.810926
18,P01,52e5b19ca6,1618033,scrA_pos,scrA_pos_d060,0.06,31.7657,0.059995,krea2_turbo_bf16.safetensors,not recorded,qwen_image_vae.safetensors,qwen3vl_4b_bf16.safetensors,ArthemyKrea2ModelScrambleRotator,not recorded,Default,euler_ancestral,9,1.0,simple,1.0,1024,1280,C:\StabilityMatrix-win-x64\Data\Packages\ComfyUI\output\benchmark_rotations_clean_v1\renders\P01_s1618033_scrA_pos_d060_00001_.png,C:\StabilityMatrix-win-x64\Data\Packages\ComfyUI\output\benchmark_rotations_clean_v1\renders\P01_s1618033_baseline_00001_.png,benchmark_rotations_clean_v1/renders,not recorded,2026-09-22T01:55:19.336743
19,P01,52e5b19ca6,1618033,scrB_neg,scrB_neg_d030,0.03,-21.3119,0.029999,krea2_turbo_bf16.safetensors,not recorded,qwen_image_vae.safetensors,qwen3vl_4b_bf16.safetensors,ArthemyKrea2ModelScrambleRotator,not recorded,Default,euler_ancestral,9,1.0,simple,1.0,1024,1280,C:\StabilityMatrix-win-x64\Data\Packages\ComfyUI\output\benchmark_rotations_clean_v1\renders\P01_s1618033_scrB_neg_d030_00001_.png,C:\StabilityMatrix-win-x64\Data\Packages\ComfyUI\output\benchmark_rotations_clean_v1\renders\P01_s1618033_baseline_00001_.png,benchmark_rotations_clean_v1/renders,not recorded,2026-09-22T01:51:54.757253
20,P01,52e5b19ca6,1618033,scrB_neg,scrB_neg_d045,0.045001,-32.21,0.045001,krea2_turbo_bf16.safetensors,not recorded,qwen_image_vae.safetensors,qwen3vl_4b_bf16.safetensors,ArthemyKrea2ModelScrambleRotator,not recorded,Default,euler_ancestral,9,1.0,simple,1.0,1024,1280,C:\StabilityMatrix-win-x64\Data\Packages\ComfyUI\output\benchmark_rotations_clean_v1\renders\P01_s1618033_scrB_neg_d045_00001_.png,C:\StabilityMatrix-win-x64\Data\Packages\ComfyUI\output\benchmark_rotations_clean_v1\renders\P01_s1618033_baseline_00001_.png,benchmark_rotations_clean_v1/renders,not recorded,2026-09-22T01:11:08.014568
21,P01,52e5b19ca6,1618033,scrB_neg,scrB_neg_d060,0.06,-43.405426,0.059995,krea2_turbo_bf16.safetensors,not recorded,qwen_image_vae.safetensors,qwen3vl_4b_bf16.safetensors,ArthemyKrea2ModelScrambleRotator,not recorded,Default,euler_ancestral,9,1.0,simple,1.0,1024,1280,C:\StabilityMatrix-win-x64\Data\Packages\ComfyUI\output\benchmark_rotations_clean_v1\renders\P01_s1618033_scrB_neg_d060_00001_.png,C:\StabilityMatrix-win-x64\Data\Packages\ComfyUI\output\benchmark_rotations_clean_v1\renders\P01_s1618033_baseline_00001_.png,benchmark_rotations_clean_v1/renders,not recorded,2026-09-22T02:05:30.965025
22,P01,52e5b19ca6,1618033,scrB_pos,scrB_pos_d030,0.03,21.3119,0.029999,krea2_turbo_bf16.safetensors,not recorded,qwen_image_vae.safetensors,qwen3vl_4b_bf16.safetensors,ArthemyKrea2ModelScrambleRotator,not recorded,Default,euler_ancestral,9,1.0,simple,1.0,1024,1280,C:\StabilityMatrix-win-x64\Data\Packages\ComfyUI\output\benchmark_rotations_clean_v1\renders\P01_s1618033_scrB_pos_d030_00001_.png,C:\StabilityMatrix-win-x64\Data\Packages\ComfyUI\output\benchmark_rotations_clean_v1\renders\P01_s1618033_baseline_00001_.png,benchmark_rotations_clean_v1/renders,not recorded,2026-09-22T01:48:31.330034
23,P01,52e5b19ca6,1618033,scrB_pos,scrB_pos_d045,0.045001,32.21,0.045001,krea2_turbo_bf16.safetensors,not recorded,qwen_image_vae.safetensors,qwen3vl_4b_bf16.safetensors,ArthemyKrea2ModelScrambleRotator,not recorded,Default,euler_ancestral,9,1.0,simple,1.0,1024,1280,C:\StabilityMatrix-win-x64\Data\Packages\ComfyUI\output\benchmark_rotations_clean_v1\renders\P01_s1618033_scrB_pos_d045_00001_.png,C:\StabilityMatrix-win-x64\Data\Packages\ComfyUI\output\benchmark_rotations_clean_v1\renders\P01_s1618033_baseline_00001_.png,benchmark_rotations_clean_v1/renders,not recorded,2026-09-22T01:07:44.617896
24,P01,52e5b19ca6,1618033,scrB_pos,scrB_pos_d060,0.06,43.405426,0.059995,krea2_turbo_bf16.safetensors,not recorded,qwen_image_vae.safetensors,qwen3vl_4b_bf16.safetensors,ArthemyKrea2ModelScrambleRotator,not recorded,Default,euler_ancestral,9,1.0,simple,1.0,1024,1280,C:\StabilityMatrix-win-x64\Data\Packages\ComfyUI\output\benchmark_rotations_clean_v1\renders\P01_s1618033_scrB_pos_d060_00001_.png,C:\StabilityMatrix-win-x64\Data\Packages\ComfyUI\output\benchmark_rotations_clean_v1\renders\P01_s1618033_baseline_00001_.png,benchmark_rotations_clean_v1/renders,not recorded,2026-09-22T02:02:07.316796
25,P01,52e5b19ca6,2718281,B1_neg,B1_neg_d030,0.03,-15.7296,0.03,krea2_turbo_bf16.safetensors,not recorded,qwen_image_vae.safetensors,qwen3vl_4b_bf16.safetensors,ArthemyKrea2ModelRotator,not recorded,Default,euler_ancestral,9,1.0,simple,1.0,1024,1280,C:\StabilityMatrix-win-x64\Data\Packages\ComfyUI\output\benchmark_rotations_clean_v1\renders\P01_s2718281_B1_neg_d030_00001_.png,C:\StabilityMatrix-win-x64\Data\Packages\ComfyUI\output\benchmark_rotations_clean_v1\renders\P01_s2718281_baseline_00001_.png,benchmark_rotations_clean_v1/renders,not recorded,2026-09-22T01:16:51.309913
26,P01,52e5b19ca6,2718281,B1_neg,B1_neg_d045,0.045001,-23.69,0.045002,krea2_turbo_bf16.safetensors,not recorded,qwen_image_vae.safetensors,qwen3vl_4b_bf16.safetensors,ArthemyKrea2ModelRotator,not recorded,Default,euler_ancestral,9,1.0,simple,1.0,1024,1280,C:\StabilityMatrix-win-x64\Data\Packages\ComfyUI\output\benchmark_rotations_clean_v1\renders\P01_s2718281_B1_neg_d045_00001_.png,C:\StabilityMatrix-win-x64\Data\Packages\ComfyUI\output\benchmark_rotations_clean_v1\renders\P01_s2718281_baseline_00001_.png,benchmark_rotations_clean_v1/renders,not recorded,2026-09-22T00:49:37.770003
27,P01,52e5b19ca6,2718281,B1_neg,B1_neg_d060,0.06,-31.7657,0.059995,krea2_turbo_bf16.safetensors,not recorded,qwen_image_vae.safetensors,qwen3vl_4b_bf16.safetensors,ArthemyKrea2ModelRotator,not recorded,Default,euler_ancestral,9,1.0,simple,1.0,1024,1280,C:\StabilityMatrix-win-x64\Data\Packages\ComfyUI\output\benchmark_rotations_clean_v1\renders\P01_s2718281_B1_neg_d060_00001_.png,C:\StabilityMatrix-win-x64\Data\Packages\ComfyUI\output\benchmark_rotations_clean_v1\renders\P01_s2718281_baseline_00001_.png,benchmark_rotations_clean_v1/renders,not recorded,2026-09-22T01:30:27.009765
28,P01,52e5b19ca6,2718281,B1_pos,B1_pos_d030,0.03,15.7296,0.03,krea2_turbo_bf16.safetensors,not recorded,qwen_image_vae.safetensors,qwen3vl_4b_bf16.safetensors,ArthemyKrea2ModelRotator,not recorded,Default,euler_ancestral,9,1.0,simple,1.0,1024,1280,C:\StabilityMatrix-win-x64\Data\Packages\ComfyUI\output\benchmark_rotations_clean_v1\renders\P01_s2718281_B1_pos_d030_00001_.png,C:\StabilityMatrix-win-x64\Data\Packages\ComfyUI\output\benchmark_rotations_clean_v1\renders\P01_s2718281_baseline_00001_.png,benchmark_rotations_clean_v1/renders,not recorded,2026-09-22T01:13:26.700226
29,P01,52e5b19ca6,2718281,B1_pos,B1_pos_d045,0.045001,23.69,0.045002,krea2_turbo_bf16.safetensors,not recorded,qwen_image_vae.safetensors,qwen3vl_4b_bf16.safetensors,ArthemyKrea2ModelRotator,not recorded,Default,euler_ancestral,9,1.0,simple,1.0,1024,1280,C:\StabilityMatrix-win-x64\Data\Packages\ComfyUI\output\benchmark_rotations_clean_v1\renders\P01_s2718281_B1_pos_d045_00001_.png,C:\StabilityMatrix-win-x64\Data\Packages\ComfyUI\output\benchmark_rotations_clean_v1\renders\P01_s2718281_baseline_00001_.png,benchmark_rotations_clean_v1/renders,not recorded,2026-09-22T00:46:09.622942
30,P01,52e5b19ca6,2718281,B1_pos,B1_pos_d060,0.06,31.7657,0.059995,krea2_turbo_bf16.safetensors,not recorded,qwen_image_vae.safetensors,qwen3vl_4b_bf16.safetensors,ArthemyKrea2ModelRotator,not recorded,Default,euler_ancestral,9,1.0,simple,1.0,1024,1280,C:\StabilityMatrix-win-x64\Data\Packages\ComfyUI\output\benchmark_rotations_clean_v1\renders\P01_s2718281_B1_pos_d060_00001_.png,C:\StabilityMatrix-win-x64\Data\Packages\ComfyUI\output\benchmark_rotations_clean_v1\renders\P01_s2718281_baseline_00001_.png,benchmark_rotations_clean_v1/renders,not recorded,2026-09-22T01:27:02.578460
31,P01,52e5b19ca6,2718281,B6_neg,B6_neg_d030,0.03,-21.3119,0.029999,krea2_turbo_bf16.safetensors,not recorded,qwen_image_vae.safetensors,qwen3vl_4b_bf16.safetensors,ArthemyKrea2ModelRotator,not recorded,Default,euler_ancestral,9,1.0,simple,1.0,1024,1280,C:\StabilityMatrix-win-x64\Data\Packages\ComfyUI\output\benchmark_rotations_clean_v1\renders\P01_s2718281_B6_neg_d030_00001_.png,C:\StabilityMatrix-win-x64\Data\Packages\ComfyUI\output\benchmark_rotations_clean_v1\renders\P01_s2718281_baseline_00001_.png,benchmark_rotations_clean_v1/renders,not recorded,2026-09-22T01:23:38.277750
32,P01,52e5b19ca6,2718281,B6_neg,B6_neg_d045,0.045001,-32.21,0.045001,krea2_turbo_bf16.safetensors,not recorded,qwen_image_vae.safetensors,qwen3vl_4b_bf16.safetensors,ArthemyKrea2ModelRotator,not recorded,Default,euler_ancestral,9,1.0,simple,1.0,1024,1280,C:\StabilityMatrix-win-x64\Data\Packages\ComfyUI\output\benchmark_rotations_clean_v1\renders\P01_s2718281_B6_neg_d045_00001_.png,C:\StabilityMatrix-win-x64\Data\Packages\ComfyUI\output\benchmark_rotations_clean_v1\renders\P01_s2718281_baseline_00001_.png,benchmark_rotations_clean_v1/renders,not recorded,2026-09-22T00:56:26.101753
33,P01,52e5b19ca6,2718281,B6_neg,B6_neg_d060,0.06,-43.405426,0.059995,krea2_turbo_bf16.safetensors,not recorded,qwen_image_vae.safetensors,qwen3vl_4b_bf16.safetensors,ArthemyKrea2ModelRotator,not recorded,Default,euler_ancestral,9,1.0,simple,1.0,1024,1280,C:\StabilityMatrix-win-x64\Data\Packages\ComfyUI\output\benchmark_rotations_clean_v1\renders\P01_s2718281_B6_neg_d060_00001_.png,C:\StabilityMatrix-win-x64\Data\Packages\ComfyUI\output\benchmark_rotations_clean_v1\renders\P01_s2718281_baseline_00001_.png,benchmark_rotations_clean_v1/renders,not recorded,2026-09-22T01:37:13.494634
34,P01,52e5b19ca6,2718281,B6_pos,B6_pos_d030,0.03,21.3119,0.029999,krea2_turbo_bf16.safetensors,not recorded,qwen_image_vae.safetensors,qwen3vl_4b_bf16.safetensors,ArthemyKrea2ModelRotator,not recorded,Default,euler_ancestral,9,1.0,simple,1.0,1024,1280,C:\StabilityMatrix-win-x64\Data\Packages\ComfyUI\output\benchmark_rotations_clean_v1\renders\P01_s2718281_B6_pos_d030_00001_.png,C:\StabilityMatrix-win-x64\Data\Packages\ComfyUI\output\benchmark_rotations_clean_v1\renders\P01_s2718281_baseline_00001_.png,benchmark_rotations_clean_v1/renders,not recorded,2026-09-22T01:20:14.987225
35,P01,52e5b19ca6,2718281,B6_pos,B6_pos_d045,0.045001,32.21,0.045001,krea2_turbo_bf16.safetensors,not recorded,qwen_image_vae.safetensors,qwen3vl_4b_bf16.safetensors,ArthemyKrea2ModelRotator,not recorded,Default,euler_ancestral,9,1.0,simple,1.0,1024,1280,C:\StabilityMatrix-win-x64\Data\Packages\ComfyUI\output\benchmark_rotations_clean_v1\renders\P01_s2718281_B6_pos_d045_00001_.png,C:\StabilityMatrix-win-x64\Data\Packages\ComfyUI\output\benchmark_rotations_clean_v1\renders\P01_s2718281_baseline_00001_.png,benchmark_rotations_clean_v1/renders,not recorded,2026-09-22T00:53:02.819766
36,P01,52e5b19ca6,2718281,B6_pos,B6_pos_d060,0.06,43.405426,0.059995,krea2_turbo_bf16.safetensors,not recorded,qwen_image_vae.safetensors,qwen3vl_4b_bf16.safetensors,ArthemyKrea2ModelRotator,not recorded,Default,euler_ancestral,9,1.0,simple,1.0,1024,1280,C:\StabilityMatrix-win-x64\Data\Packages\ComfyUI\output\benchmark_rotations_clean_v1\renders\P01_s2718281_B6_pos_d060_00001_.png,C:\StabilityMatrix-win-x64\Data\Packages\ComfyUI\output\benchmark_rotations_clean_v1\renders\P01_s2718281_baseline_00001_.png,benchmark_rotations_clean_v1/renders,not recorded,2026-09-22T01:33:50.383534
37,P01,52e5b19ca6,2718281,baseline,baseline,0.0,0.0,0.0,krea2_turbo_bf16.safetensors,not recorded,qwen_image_vae.safetensors,qwen3vl_4b_bf16.safetensors,none,not recorded,none,euler_ancestral,9,1.0,simple,1.0,1024,1280,C:\StabilityMatrix-win-x64\Data\Packages\ComfyUI\output\benchmark_rotations_clean_v1\renders\P01_s2718281_baseline_00001_.png,C:\StabilityMatrix-win-x64\Data\Packages\ComfyUI\output\benchmark_rotations_clean_v1\renders\P01_s2718281_baseline_00001_.png,benchmark_rotations_clean_v1/renders,not recorded,2026-09-22T00:42:43.641224
38,P01,52e5b19ca6,2718281,scrA_neg,scrA_neg_d030,0.03,-15.7296,0.03,krea2_turbo_bf16.safetensors,not recorded,qwen_image_vae.safetensors,qwen3vl_4b_bf16.safetensors,ArthemyKrea2ModelScrambleRotator,not recorded,Default,euler_ancestral,9,1.0,simple,1.0,1024,1280,C:\StabilityMatrix-win-x64\Data\Packages\ComfyUI\output\benchmark_rotations_clean_v1\renders\P01_s2718281_scrA_neg_d030_00001_.png,C:\StabilityMatrix-win-x64\Data\Packages\ComfyUI\output\benchmark_rotations_clean_v1\renders\P01_s2718281_baseline_00001_.png,benchmark_rotations_clean_v1/renders,not recorded,2026-09-22T01:44:02.276797
39,P01,52e5b19ca6,2718281,scrA_neg,scrA_neg_d045,0.045001,-23.69,0.045001,krea2_turbo_bf16.safetensors,not recorded,qwen_image_vae.safetensors,qwen3vl_4b_bf16.safetensors,ArthemyKrea2ModelScrambleRotator,not recorded,Default,euler_ancestral,9,1.0,simple,1.0,1024,1280,C:\StabilityMatrix-win-x64\Data\Packages\ComfyUI\output\benchmark_rotations_clean_v1\renders\P01_s2718281_scrA_neg_d045_00001_.png,C:\StabilityMatrix-win-x64\Data\Packages\ComfyUI\output\benchmark_rotations_clean_v1\renders\P01_s2718281_baseline_00001_.png,benchmark_rotations_clean_v1/renders,not recorded,2026-09-22T01:03:15.402179
40,P01,52e5b19ca6,2718281,scrA_neg,scrA_neg_d060,0.06,-31.7657,0.059995,krea2_turbo_bf16.safetensors,not recorded,qwen_image_vae.safetensors,qwen3vl_4b_bf16.safetensors,ArthemyKrea2ModelScrambleRotator,not recorded,Default,euler_ancestral,9,1.0,simple,1.0,1024,1280,C:\StabilityMatrix-win-x64\Data\Packages\ComfyUI\output\benchmark_rotations_clean_v1\renders\P01_s2718281_scrA_neg_d060_00001_.png,C:\StabilityMatrix-win-x64\Data\Packages\ComfyUI\output\benchmark_rotations_clean_v1\renders\P01_s2718281_baseline_00001_.png,benchmark_rotations_clean_v1/renders,not recorded,2026-09-22T01:57:38.056823
41,P01,52e5b19ca6,2718281,scrA_pos,scrA_pos_d030,0.03,15.7296,0.03,krea2_turbo_bf16.safetensors,not recorded,qwen_image_vae.safetensors,qwen3vl_4b_bf16.safetensors,ArthemyKrea2ModelScrambleRotator,not recorded,Default,euler_ancestral,9,1.0,simple,1.0,1024,1280,C:\StabilityMatrix-win-x64\Data\Packages\ComfyUI\output\benchmark_rotations_clean_v1\renders\P01_s2718281_scrA_pos_d030_00001_.png,C:\StabilityMatrix-win-x64\Data\Packages\ComfyUI\output\benchmark_rotations_clean_v1\renders\P01_s2718281_baseline_00001_.png,benchmark_rotations_clean_v1/renders,not recorded,2026-09-22T01:40:37.839119
42,P01,52e5b19ca6,2718281,scrA_pos,scrA_pos_d045,0.045001,23.69,0.045001,krea2_turbo_bf16.safetensors,not recorded,qwen_image_vae.safetensors,qwen3vl_4b_bf16.safetensors,ArthemyKrea2ModelScrambleRotator,not recorded,Default,euler_ancestral,9,1.0,simple,1.0,1024,1280,C:\StabilityMatrix-win-x64\Data\Packages\ComfyUI\output\benchmark_rotations_clean_v1\renders\P01_s2718281_scrA_pos_d045_00001_.png,C:\StabilityMatrix-win-x64\Data\Packages\ComfyUI\output\benchmark_rotations_clean_v1\renders\P01_s2718281_baseline_00001_.png,benchmark_rotations_clean_v1/renders,not recorded,2026-09-22T00:59:50.897877
43,P01,52e5b19ca6,2718281,scrA_pos,scrA_pos_d060,0.06,31.7657,0.059995,krea2_turbo_bf16.safetensors,not recorded,qwen_image_vae.safetensors,qwen3vl_4b_bf16.safetensors,ArthemyKrea2ModelScrambleRotator,not recorded,Default,euler_ancestral,9,1.0,simple,1.0,1024,1280,C:\StabilityMatrix-win-x64\Data\Packages\ComfyUI\output\benchmark_rotations_clean_v1\renders\P01_s2718281_scrA_pos_d060_00001_.png,C:\StabilityMatrix-win-x64\Data\Packages\ComfyUI\output\benchmark_rotations_clean_v1\renders\P01_s2718281_baseline_00001_.png,benchmark_rotations_clean_v1/renders,not recorded,2026-09-22T01:54:13.467311
44,P01,52e5b19ca6,2718281,scrB_neg,scrB_neg_d030,0.03,-21.3119,0.029999,krea2_turbo_bf16.safetensors,not recorded,qwen_image_vae.safetensors,qwen3vl_4b_bf16.safetensors,ArthemyKrea2ModelScrambleRotator,not recorded,Default,euler_ancestral,9,1.0,simple,1.0,1024,1280,C:\StabilityMatrix-win-x64\Data\Packages\ComfyUI\output\benchmark_rotations_clean_v1\renders\P01_s2718281_scrB_neg_d030_00001_.png,C:\StabilityMatrix-win-x64\Data\Packages\ComfyUI\output\benchmark_rotations_clean_v1\renders\P01_s2718281_baseline_00001_.png,benchmark_rotations_clean_v1/renders,not recorded,2026-09-22T01:50:48.880494
45,P01,52e5b19ca6,2718281,scrB_neg,scrB_neg_d045,0.045001,-32.21,0.045001,krea2_turbo_bf16.safetensors,not recorded,qwen_image_vae.safetensors,qwen3vl_4b_bf16.safetensors,ArthemyKrea2ModelScrambleRotator,not recorded,Default,euler_ancestral,9,1.0,simple,1.0,1024,1280,C:\StabilityMatrix-win-x64\Data\Packages\ComfyUI\output\benchmark_rotations_clean_v1\renders\P01_s2718281_scrB_neg_d045_00001_.png,C:\StabilityMatrix-win-x64\Data\Packages\ComfyUI\output\benchmark_rotations_clean_v1\renders\P01_s2718281_baseline_00001_.png,benchmark_rotations_clean_v1/renders,not recorded,2026-09-22T01:10:02.278356
46,P01,52e5b19ca6,2718281,scrB_neg,scrB_neg_d060,0.06,-43.405426,0.059995,krea2_turbo_bf16.safetensors,not recorded,qwen_image_vae.safetensors,qwen3vl_4b_bf16.safetensors,ArthemyKrea2ModelScrambleRotator,not recorded,Default,euler_ancestral,9,1.0,simple,1.0,1024,1280,C:\StabilityMatrix-win-x64\Data\Packages\ComfyUI\output\benchmark_rotations_clean_v1\renders\P01_s2718281_scrB_neg_d060_00001_.png,C:\StabilityMatrix-win-x64\Data\Packages\ComfyUI\output\benchmark_rotations_clean_v1\renders\P01_s2718281_baseline_00001_.png,benchmark_rotations_clean_v1/renders,not recorded,2026-09-22T02:04:25.054438
47,P01,52e5b19ca6,2718281,scrB_pos,scrB_pos_d030,0.03,21.3119,0.029999,krea2_turbo_bf16.safetensors,not recorded,qwen_image_vae.safetensors,qwen3vl_4b_bf16.safetensors,ArthemyKrea2ModelScrambleRotator,not recorded,Default,euler_ancestral,9,1.0,simple,1.0,1024,1280,C:\StabilityMatrix-win-x64\Data\Packages\ComfyUI\output\benchmark_rotations_clean_v1\renders\P01_s2718281_scrB_pos_d030_00001_.png,C:\StabilityMatrix-win-x64\Data\Packages\ComfyUI\output\benchmark_rotations_clean_v1\renders\P01_s2718281_baseline_00001_.png,benchmark_rotations_clean_v1/renders,not recorded,2026-09-22T01:47:25.589124
48,P01,52e5b19ca6,2718281,scrB_pos,scrB_pos_d045,0.045001,32.21,0.045001,krea2_turbo_bf16.safetensors,not recorded,qwen_image_vae.safetensors,qwen3vl_4b_bf16.safetensors,ArthemyKrea2ModelScrambleRotator,not recorded,Default,euler_ancestral,9,1.0,simple,1.0,1024,1280,C:\StabilityMatrix-win-x64\Data\Packages\ComfyUI\output\benchmark_rotations_clean_v1\renders\P01_s2718281_scrB_pos_d045_00001_.png,C:\StabilityMatrix-win-x64\Data\Packages\ComfyUI\output\benchmark_rotations_clean_v1\renders\P01_s2718281_baseline_00001_.png,benchmark_rotations_clean_v1/renders,not recorded,2026-09-22T01:06:38.879146
49,P01,52e5b19ca6,2718281,scrB_pos,scrB_pos_d060,0.06,43.405426,0.059995,krea2_turbo_bf16.safetensors,not recorded,qwen_image_vae.safetensors,qwen3vl_4b_bf16.safetensors,ArthemyKrea2ModelScrambleRotator,not recorded,Default,euler_ancestral,9,1.0,simple,1.0,1024,1280,C:\StabilityMatrix-win-x64\Data\Packages\ComfyUI\output\benchmark_rotations_clean_v1\renders\P01_s2718281_scrB_pos_d060_00001_.png,C:\StabilityMatrix-win-x64\Data\Packages\ComfyUI\output\benchmark_rotations_clean_v1\renders\P01_s2718281_baseline_00001_.png,benchmark_rotations_clean_v1/renders,not recorded,2026-09-22T02:01:01.531870
50,P01,52e5b19ca6,3141592,B1_neg,B1_neg_d030,0.03,-15.7296,0.03,krea2_turbo_bf16.safetensors,not recorded,qwen_image_vae.safetensors,qwen3vl_4b_bf16.safetensors,ArthemyKrea2ModelRotator,not recorded,Default,euler_ancestral,9,1.0,simple,1.0,1024,1280,C:\StabilityMatrix-win-x64\Data\Packages\ComfyUI\output\benchmark_rotations_clean_v1\renders\P01_s3141592_B1_neg_d030_00001_.png,C:\StabilityMatrix-win-x64\Data\Packages\ComfyUI\output\benchmark_rotations_clean_v1\renders\P01_s3141592_baseline_00001_.png,benchmark_rotations_clean_v1/renders,not recorded,2026-09-22T01:17:24.207908
51,P01,52e5b19ca6,3141592,B1_neg,B1_neg_d045,0.045001,-23.69,0.045002,krea2_turbo_bf16.safetensors,not recorded,qwen_image_vae.safetensors,qwen3vl_4b_bf16.safetensors,ArthemyKrea2ModelRotator,not recorded,Default,euler_ancestral,9,1.0,simple,1.0,1024,1280,C:\StabilityMatrix-win-x64\Data\Packages\ComfyUI\output\benchmark_rotations_clean_v1\renders\P01_s3141592_B1_neg_d045_00001_.png,C:\StabilityMatrix-win-x64\Data\Packages\ComfyUI\output\benchmark_rotations_clean_v1\renders\P01_s3141592_baseline_00001_.png,benchmark_rotations_clean_v1/renders,not recorded,2026-09-22T00:50:11.165845
52,P01,52e5b19ca6,3141592,B1_neg,B1_neg_d060,0.06,-31.7657,0.059995,krea2_turbo_bf16.safetensors,not recorded,qwen_image_vae.safetensors,qwen3vl_4b_bf16.safetensors,ArthemyKrea2ModelRotator,not recorded,Default,euler_ancestral,9,1.0,simple,1.0,1024,1280,C:\StabilityMatrix-win-x64\Data\Packages\ComfyUI\output\benchmark_rotations_clean_v1\renders\P01_s3141592_B1_neg_d060_00001_.png,C:\StabilityMatrix-win-x64\Data\Packages\ComfyUI\output\benchmark_rotations_clean_v1\renders\P01_s3141592_baseline_00001_.png,benchmark_rotations_clean_v1/renders,not recorded,2026-09-22T01:30:59.779261
53,P01,52e5b19ca6,3141592,B1_pos,B1_pos_d030,0.03,15.7296,0.03,krea2_turbo_bf16.safetensors,not recorded,qwen_image_vae.safetensors,qwen3vl_4b_bf16.safetensors,ArthemyKrea2ModelRotator,not recorded,Default,euler_ancestral,9,1.0,simple,1.0,1024,1280,C:\StabilityMatrix-win-x64\Data\Packages\ComfyUI\output\benchmark_rotations_clean_v1\renders\P01_s3141592_B1_pos_d030_00001_.png,C:\StabilityMatrix-win-x64\Data\Packages\ComfyUI\output\benchmark_rotations_clean_v1\renders\P01_s3141592_baseline_00001_.png,benchmark_rotations_clean_v1/renders,not recorded,2026-09-22T01:13:59.544449
54,P01,52e5b19ca6,3141592,B1_pos,B1_pos_d045,0.045001,23.69,0.045002,krea2_turbo_bf16.safetensors,not recorded,qwen_image_vae.safetensors,qwen3vl_4b_bf16.safetensors,ArthemyKrea2ModelRotator,not recorded,Default,euler_ancestral,9,1.0,simple,1.0,1024,1280,C:\StabilityMatrix-win-x64\Data\Packages\ComfyUI\output\benchmark_rotations_clean_v1\renders\P01_s3141592_B1_pos_d045_00001_.png,C:\StabilityMatrix-win-x64\Data\Packages\ComfyUI\output\benchmark_rotations_clean_v1\renders\P01_s3141592_baseline_00001_.png,benchmark_rotations_clean_v1/renders,not recorded,2026-09-22T00:46:42.863441
55,P01,52e5b19ca6,3141592,B1_pos,B1_pos_d060,0.06,31.7657,0.059995,krea2_turbo_bf16.safetensors,not recorded,qwen_image_vae.safetensors,qwen3vl_4b_bf16.safetensors,ArthemyKrea2ModelRotator,not recorded,Default,euler_ancestral,9,1.0,simple,1.0,1024,1280,C:\StabilityMatrix-win-x64\Data\Packages\ComfyUI\output\benchmark_rotations_clean_v1\renders\P01_s3141592_B1_pos_d060_00001_.png,C:\StabilityMatrix-win-x64\Data\Packages\ComfyUI\output\benchmark_rotations_clean_v1\renders\P01_s3141592_baseline_00001_.png,benchmark_rotations_clean_v1/renders,not recorded,2026-09-22T01:27:35.435944
56,P01,52e5b19ca6,3141592,B6_neg,B6_neg_d030,0.03,-21.3119,0.029999,krea2_turbo_bf16.safetensors,not recorded,qwen_image_vae.safetensors,qwen3vl_4b_bf16.safetensors,ArthemyKrea2ModelRotator,not recorded,Default,euler_ancestral,9,1.0,simple,1.0,1024,1280,C:\StabilityMatrix-win-x64\Data\Packages\ComfyUI\output\benchmark_rotations_clean_v1\renders\P01_s3141592_B6_neg_d030_00001_.png,C:\StabilityMatrix-win-x64\Data\Packages\ComfyUI\output\benchmark_rotations_clean_v1\renders\P01_s3141592_baseline_00001_.png,benchmark_rotations_clean_v1/renders,not recorded,2026-09-22T01:24:11.122616
57,P01,52e5b19ca6,3141592,B6_neg,B6_neg_d045,0.045001,-32.21,0.045001,krea2_turbo_bf16.safetensors,not recorded,qwen_image_vae.safetensors,qwen3vl_4b_bf16.safetensors,ArthemyKrea2ModelRotator,not recorded,Default,euler_ancestral,9,1.0,simple,1.0,1024,1280,C:\StabilityMatrix-win-x64\Data\Packages\ComfyUI\output\benchmark_rotations_clean_v1\renders\P01_s3141592_B6_neg_d045_00001_.png,C:\StabilityMatrix-win-x64\Data\Packages\ComfyUI\output\benchmark_rotations_clean_v1\renders\P01_s3141592_baseline_00001_.png,benchmark_rotations_clean_v1/renders,not recorded,2026-09-22T00:56:59.033441
58,P01,52e5b19ca6,3141592,B6_neg,B6_neg_d060,0.06,-43.405426,0.059995,krea2_turbo_bf16.safetensors,not recorded,qwen_image_vae.safetensors,qwen3vl_4b_bf16.safetensors,ArthemyKrea2ModelRotator,not recorded,Default,euler_ancestral,9,1.0,simple,1.0,1024,1280,C:\StabilityMatrix-win-x64\Data\Packages\ComfyUI\output\benchmark_rotations_clean_v1\renders\P01_s3141592_B6_neg_d060_00001_.png,C:\StabilityMatrix-win-x64\Data\Packages\ComfyUI\output\benchmark_rotations_clean_v1\renders\P01_s3141592_baseline_00001_.png,benchmark_rotations_clean_v1/renders,not recorded,2026-09-22T01:37:46.354008
59,P01,52e5b19ca6,3141592,B6_pos,B6_pos_d030,0.03,21.3119,0.029999,krea2_turbo_bf16.safetensors,not recorded,qwen_image_vae.safetensors,qwen3vl_4b_bf16.safetensors,ArthemyKrea2ModelRotator,not recorded,Default,euler_ancestral,9,1.0,simple,1.0,1024,1280,C:\StabilityMatrix-win-x64\Data\Packages\ComfyUI\output\benchmark_rotations_clean_v1\renders\P01_s3141592_B6_pos_d030_00001_.png,C:\StabilityMatrix-win-x64\Data\Packages\ComfyUI\output\benchmark_rotations_clean_v1\renders\P01_s3141592_baseline_00001_.png,benchmark_rotations_clean_v1/renders,not recorded,2026-09-22T01:20:47.826883
60,P01,52e5b19ca6,3141592,B6_pos,B6_pos_d045,0.045001,32.21,0.045001,krea2_turbo_bf16.safetensors,not recorded,qwen_image_vae.safetensors,qwen3vl_4b_bf16.safetensors,ArthemyKrea2ModelRotator,not recorded,Default,euler_ancestral,9,1.0,simple,1.0,1024,1280,C:\StabilityMatrix-win-x64\Data\Packages\ComfyUI\output\benchmark_rotations_clean_v1\renders\P01_s3141592_B6_pos_d045_00001_.png,C:\StabilityMatrix-win-x64\Data\Packages\ComfyUI\output\benchmark_rotations_clean_v1\renders\P01_s3141592_baseline_00001_.png,benchmark_rotations_clean_v1/renders,not recorded,2026-09-22T00:53:35.676864
61,P01,52e5b19ca6,3141592,B6_pos,B6_pos_d060,0.06,43.405426,0.059995,krea2_turbo_bf16.safetensors,not recorded,qwen_image_vae.safetensors,qwen3vl_4b_bf16.safetensors,ArthemyKrea2ModelRotator,not recorded,Default,euler_ancestral,9,1.0,simple,1.0,1024,1280,C:\StabilityMatrix-win-x64\Data\Packages\ComfyUI\output\benchmark_rotations_clean_v1\renders\P01_s3141592_B6_pos_d060_00001_.png,C:\StabilityMatrix-win-x64\Data\Packages\ComfyUI\output\benchmark_rotations_clean_v1\renders\P01_s3141592_baseline_00001_.png,benchmark_rotations_clean_v1/renders,not recorded,2026-09-22T01:34:23.233869
62,P01,52e5b19ca6,3141592,baseline,baseline,0.0,0.0,0.0,krea2_turbo_bf16.safetensors,not recorded,qwen_image_vae.safetensors,qwen3vl_4b_bf16.safetensors,none,not recorded,none,euler_ancestral,9,1.0,simple,1.0,1024,1280,C:\StabilityMatrix-win-x64\Data\Packages\ComfyUI\output\benchmark_rotations_clean_v1\renders\P01_s3141592_baseline_00001_.png,C:\StabilityMatrix-win-x64\Data\Packages\ComfyUI\output\benchmark_rotations_clean_v1\renders\P01_s3141592_baseline_00001_.png,benchmark_rotations_clean_v1/renders,not recorded,2026-09-22T00:43:15.893678
63,P01,52e5b19ca6,3141592,scrA_neg,scrA_neg_d030,0.03,-15.7296,0.03,krea2_turbo_bf16.safetensors,not recorded,qwen_image_vae.safetensors,qwen3vl_4b_bf16.safetensors,ArthemyKrea2ModelScrambleRotator,not recorded,Default,euler_ancestral,9,1.0,simple,1.0,1024,1280,C:\StabilityMatrix-win-x64\Data\Packages\ComfyUI\output\benchmark_rotations_clean_v1\renders\P01_s3141592_scrA_neg_d030_00001_.png,C:\StabilityMatrix-win-x64\Data\Packages\ComfyUI\output\benchmark_rotations_clean_v1\renders\P01_s3141592_baseline_00001_.png,benchmark_rotations_clean_v1/renders,not recorded,2026-09-22T01:44:35.164610
64,P01,52e5b19ca6,3141592,scrA_neg,scrA_neg_d045,0.045001,-23.69,0.045001,krea2_turbo_bf16.safetensors,not recorded,qwen_image_vae.safetensors,qwen3vl_4b_bf16.safetensors,ArthemyKrea2ModelScrambleRotator,not recorded,Default,euler_ancestral,9,1.0,simple,1.0,1024,1280,C:\StabilityMatrix-win-x64\Data\Packages\ComfyUI\output\benchmark_rotations_clean_v1\renders\P01_s3141592_scrA_neg_d045_00001_.png,C:\StabilityMatrix-win-x64\Data\Packages\ComfyUI\output\benchmark_rotations_clean_v1\renders\P01_s3141592_baseline_00001_.png,benchmark_rotations_clean_v1/renders,not recorded,2026-09-22T01:03:48.330265
65,P01,52e5b19ca6,3141592,scrA_neg,scrA_neg_d060,0.06,-31.7657,0.059995,krea2_turbo_bf16.safetensors,not recorded,qwen_image_vae.safetensors,qwen3vl_4b_bf16.safetensors,ArthemyKrea2ModelScrambleRotator,not recorded,Default,euler_ancestral,9,1.0,simple,1.0,1024,1280,C:\StabilityMatrix-win-x64\Data\Packages\ComfyUI\output\benchmark_rotations_clean_v1\renders\P01_s3141592_scrA_neg_d060_00001_.png,C:\StabilityMatrix-win-x64\Data\Packages\ComfyUI\output\benchmark_rotations_clean_v1\renders\P01_s3141592_baseline_00001_.png,benchmark_rotations_clean_v1/renders,not recorded,2026-09-22T01:58:10.895911
66,P01,52e5b19ca6,3141592,scrA_pos,scrA_pos_d030,0.03,15.7296,0.03,krea2_turbo_bf16.safetensors,not recorded,qwen_image_vae.safetensors,qwen3vl_4b_bf16.safetensors,ArthemyKrea2ModelScrambleRotator,not recorded,Default,euler_ancestral,9,1.0,simple,1.0,1024,1280,C:\StabilityMatrix-win-x64\Data\Packages\ComfyUI\output\benchmark_rotations_clean_v1\renders\P01_s3141592_scrA_pos_d030_00001_.png,C:\StabilityMatrix-win-x64\Data\Packages\ComfyUI\output\benchmark_rotations_clean_v1\renders\P01_s3141592_baseline_00001_.png,benchmark_rotations_clean_v1/renders,not recorded,2026-09-22T01:41:10.721192
67,P01,52e5b19ca6,3141592,scrA_pos,scrA_pos_d045,0.045001,23.69,0.045001,krea2_turbo_bf16.safetensors,not recorded,qwen_image_vae.safetensors,qwen3vl_4b_bf16.safetensors,ArthemyKrea2ModelScrambleRotator,not recorded,Default,euler_ancestral,9,1.0,simple,1.0,1024,1280,C:\StabilityMatrix-win-x64\Data\Packages\ComfyUI\output\benchmark_rotations_clean_v1\renders\P01_s3141592_scrA_pos_d045_00001_.png,C:\StabilityMatrix-win-x64\Data\Packages\ComfyUI\output\benchmark_rotations_clean_v1\renders\P01_s3141592_baseline_00001_.png,benchmark_rotations_clean_v1/renders,not recorded,2026-09-22T01:00:23.883395
68,P01,52e5b19ca6,3141592,scrA_pos,scrA_pos_d060,0.06,31.7657,0.059995,krea2_turbo_bf16.safetensors,not recorded,qwen_image_vae.safetensors,qwen3vl_4b_bf16.safetensors,ArthemyKrea2ModelScrambleRotator,not recorded,Default,euler_ancestral,9,1.0,simple,1.0,1024,1280,C:\StabilityMatrix-win-x64\Data\Packages\ComfyUI\output\benchmark_rotations_clean_v1\renders\P01_s3141592_scrA_pos_d060_00001_.png,C:\StabilityMatrix-win-x64\Data\Packages\ComfyUI\output\benchmark_rotations_clean_v1\renders\P01_s3141592_baseline_00001_.png,benchmark_rotations_clean_v1/renders,not recorded,2026-09-22T01:54:46.342596
69,P01,52e5b19ca6,3141592,scrB_neg,scrB_neg_d030,0.03,-21.3119,0.029999,krea2_turbo_bf16.safetensors,not recorded,qwen_image_vae.safetensors,qwen3vl_4b_bf16.safetensors,ArthemyKrea2ModelScrambleRotator,not recorded,Default,euler_ancestral,9,1.0,simple,1.0,1024,1280,C:\StabilityMatrix-win-x64\Data\Packages\ComfyUI\output\benchmark_rotations_clean_v1\renders\P01_s3141592_scrB_neg_d030_00001_.png,C:\StabilityMatrix-win-x64\Data\Packages\ComfyUI\output\benchmark_rotations_clean_v1\renders\P01_s3141592_baseline_00001_.png,benchmark_rotations_clean_v1/renders,not recorded,2026-09-22T01:51:21.815381
70,P01,52e5b19ca6,3141592,scrB_neg,scrB_neg_d045,0.045001,-32.21,0.045001,krea2_turbo_bf16.safetensors,not recorded,qwen_image_vae.safetensors,qwen3vl_4b_bf16.safetensors,ArthemyKrea2ModelScrambleRotator,not recorded,Default,euler_ancestral,9,1.0,simple,1.0,1024,1280,C:\StabilityMatrix-win-x64\Data\Packages\ComfyUI\output\benchmark_rotations_clean_v1\renders\P01_s3141592_scrB_neg_d045_00001_.png,C:\StabilityMatrix-win-x64\Data\Packages\ComfyUI\output\benchmark_rotations_clean_v1\renders\P01_s3141592_baseline_00001_.png,benchmark_rotations_clean_v1/renders,not recorded,2026-09-22T01:10:35.107761
71,P01,52e5b19ca6,3141592,scrB_neg,scrB_neg_d060,0.06,-43.405426,0.059995,krea2_turbo_bf16.safetensors,not recorded,qwen_image_vae.safetensors,qwen3vl_4b_bf16.safetensors,ArthemyKrea2ModelScrambleRotator,not recorded,Default,euler_ancestral,9,1.0,simple,1.0,1024,1280,C:\StabilityMatrix-win-x64\Data\Packages\ComfyUI\output\benchmark_rotations_clean_v1\renders\P01_s3141592_scrB_neg_d060_00001_.png,C:\StabilityMatrix-win-x64\Data\Packages\ComfyUI\output\benchmark_rotations_clean_v1\renders\P01_s3141592_baseline_00001_.png,benchmark_rotations_clean_v1/renders,not recorded,2026-09-22T02:04:57.984035
72,P01,52e5b19ca6,3141592,scrB_pos,scrB_pos_d030,0.03,21.3119,0.029999,krea2_turbo_bf16.safetensors,not recorded,qwen_image_vae.safetensors,qwen3vl_4b_bf16.safetensors,ArthemyKrea2ModelScrambleRotator,not recorded,Default,euler_ancestral,9,1.0,simple,1.0,1024,1280,C:\StabilityMatrix-win-x64\Data\Packages\ComfyUI\output\benchmark_rotations_clean_v1\renders\P01_s3141592_scrB_pos_d030_00001_.png,C:\StabilityMatrix-win-x64\Data\Packages\ComfyUI\output\benchmark_rotations_clean_v1\renders\P01_s3141592_baseline_00001_.png,benchmark_rotations_clean_v1/renders,not recorded,2026-09-22T01:47:58.467987
73,P01,52e5b19ca6,3141592,scrB_pos,scrB_pos_d045,0.045001,32.21,0.045001,krea2_turbo_bf16.safetensors,not recorded,qwen_image_vae.safetensors,qwen3vl_4b_bf16.safetensors,ArthemyKrea2ModelScrambleRotator,not recorded,Default,euler_ancestral,9,1.0,simple,1.0,1024,1280,C:\StabilityMatrix-win-x64\Data\Packages\ComfyUI\output\benchmark_rotations_clean_v1\renders\P01_s3141592_scrB_pos_d045_00001_.png,C:\StabilityMatrix-win-x64\Data\Packages\ComfyUI\output\benchmark_rotations_clean_v1\renders\P01_s3141592_baseline_00001_.png,benchmark_rotations_clean_v1/renders,not recorded,2026-09-22T01:07:11.753399
74,P01,52e5b19ca6,3141592,scrB_pos,scrB_pos_d060,0.06,43.405426,0.059995,krea2_turbo_bf16.safetensors,not recorded,qwen_image_vae.safetensors,qwen3vl_4b_bf16.safetensors,ArthemyKrea2ModelScrambleRotator,not recorded,Default,euler_ancestral,9,1.0,simple,1.0,1024,1280,C:\StabilityMatrix-win-x64\Data\Packages\ComfyUI\output\benchmark_rotations_clean_v1\renders\P01_s3141592_scrB_pos_d060_00001_.png,C:\StabilityMatrix-win-x64\Data\Packages\ComfyUI\output\benchmark_rotations_clean_v1\renders\P01_s3141592_baseline_00001_.png,benchmark_rotations_clean_v1/renders,not recorded,2026-09-22T02:01:34.428106
75,P02,7919c95fcf,1618033,B1_neg,B1_neg_d030,0.03,-15.7296,0.03,krea2_turbo_bf16.safetensors,not recorded,qwen_image_vae.safetensors,qwen3vl_4b_bf16.safetensors,ArthemyKrea2ModelRotator,not recorded,Default,euler_ancestral,9,1.0,simple,1.0,1024,1280,C:\StabilityMatrix-win-x64\Data\Packages\ComfyUI\output\benchmark_rotations_clean_v1\renders\P02_s1618033_B1_neg_d030_00001_.png,C:\StabilityMatrix-win-x64\Data\Packages\ComfyUI\output\benchmark_rotations_clean_v1\renders\P02_s1618033_baseline_00001_.png,benchmark_rotations_clean_v1/renders,not recorded,2026-09-22T01:19:37.106710
76,P02,7919c95fcf,1618033,B1_neg,B1_neg_d045,0.045001,-23.69,0.045002,krea2_turbo_bf16.safetensors,not recorded,qwen_image_vae.safetensors,qwen3vl_4b_bf16.safetensors,ArthemyKrea2ModelRotator,not recorded,Default,euler_ancestral,9,1.0,simple,1.0,1024,1280,C:\StabilityMatrix-win-x64\Data\Packages\ComfyUI\output\benchmark_rotations_clean_v1\renders\P02_s1618033_B1_neg_d045_00001_.png,C:\StabilityMatrix-win-x64\Data\Packages\ComfyUI\output\benchmark_rotations_clean_v1\renders\P02_s1618033_baseline_00001_.png,benchmark_rotations_clean_v1/renders,not recorded,2026-09-22T00:52:24.490330
77,P02,7919c95fcf,1618033,B1_neg,B1_neg_d060,0.06,-31.7657,0.059995,krea2_turbo_bf16.safetensors,not recorded,qwen_image_vae.safetensors,qwen3vl_4b_bf16.safetensors,ArthemyKrea2ModelRotator,not recorded,Default,euler_ancestral,9,1.0,simple,1.0,1024,1280,C:\StabilityMatrix-win-x64\Data\Packages\ComfyUI\output\benchmark_rotations_clean_v1\renders\P02_s1618033_B1_neg_d060_00001_.png,C:\StabilityMatrix-win-x64\Data\Packages\ComfyUI\output\benchmark_rotations_clean_v1\renders\P02_s1618033_baseline_00001_.png,benchmark_rotations_clean_v1/renders,not recorded,2026-09-22T01:33:12.567320
78,P02,7919c95fcf,1618033,B1_pos,B1_pos_d030,0.03,15.7296,0.03,krea2_turbo_bf16.safetensors,not recorded,qwen_image_vae.safetensors,qwen3vl_4b_bf16.safetensors,ArthemyKrea2ModelRotator,not recorded,Default,euler_ancestral,9,1.0,simple,1.0,1024,1280,C:\StabilityMatrix-win-x64\Data\Packages\ComfyUI\output\benchmark_rotations_clean_v1\renders\P02_s1618033_B1_pos_d030_00001_.png,C:\StabilityMatrix-win-x64\Data\Packages\ComfyUI\output\benchmark_rotations_clean_v1\renders\P02_s1618033_baseline_00001_.png,benchmark_rotations_clean_v1/renders,not recorded,2026-09-22T01:16:12.380686
79,P02,7919c95fcf,1618033,B1_pos,B1_pos_d045,0.045001,23.69,0.045002,krea2_turbo_bf16.safetensors,not recorded,qwen_image_vae.safetensors,qwen3vl_4b_bf16.safetensors,ArthemyKrea2ModelRotator,not recorded,Default,euler_ancestral,9,1.0,simple,1.0,1024,1280,C:\StabilityMatrix-win-x64\Data\Packages\ComfyUI\output\benchmark_rotations_clean_v1\renders\P02_s1618033_B1_pos_d045_00001_.png,C:\StabilityMatrix-win-x64\Data\Packages\ComfyUI\output\benchmark_rotations_clean_v1\renders\P02_s1618033_baseline_00001_.png,benchmark_rotations_clean_v1/renders,not recorded,2026-09-22T00:48:57.811642
80,P02,7919c95fcf,1618033,B1_pos,B1_pos_d060,0.06,31.7657,0.059995,krea2_turbo_bf16.safetensors,not recorded,qwen_image_vae.safetensors,qwen3vl_4b_bf16.safetensors,ArthemyKrea2ModelRotator,not recorded,Default,euler_ancestral,9,1.0,simple,1.0,1024,1280,C:\StabilityMatrix-win-x64\Data\Packages\ComfyUI\output\benchmark_rotations_clean_v1\renders\P02_s1618033_B1_pos_d060_00001_.png,C:\StabilityMatrix-win-x64\Data\Packages\ComfyUI\output\benchmark_rotations_clean_v1\renders\P02_s1618033_baseline_00001_.png,benchmark_rotations_clean_v1/renders,not recorded,2026-09-22T01:29:48.207669
81,P02,7919c95fcf,1618033,B6_neg,B6_neg_d030,0.03,-21.3119,0.029999,krea2_turbo_bf16.safetensors,not recorded,qwen_image_vae.safetensors,qwen3vl_4b_bf16.safetensors,ArthemyKrea2ModelRotator,not recorded,Default,euler_ancestral,9,1.0,simple,1.0,1024,1280,C:\StabilityMatrix-win-x64\Data\Packages\ComfyUI\output\benchmark_rotations_clean_v1\renders\P02_s1618033_B6_neg_d030_00001_.png,C:\StabilityMatrix-win-x64\Data\Packages\ComfyUI\output\benchmark_rotations_clean_v1\renders\P02_s1618033_baseline_00001_.png,benchmark_rotations_clean_v1/renders,not recorded,2026-09-22T01:26:23.669844
82,P02,7919c95fcf,1618033,B6_neg,B6_neg_d045,0.045001,-32.21,0.045001,krea2_turbo_bf16.safetensors,not recorded,qwen_image_vae.safetensors,qwen3vl_4b_bf16.safetensors,ArthemyKrea2ModelRotator,not recorded,Default,euler_ancestral,9,1.0,simple,1.0,1024,1280,C:\StabilityMatrix-win-x64\Data\Packages\ComfyUI\output\benchmark_rotations_clean_v1\renders\P02_s1618033_B6_neg_d045_00001_.png,C:\StabilityMatrix-win-x64\Data\Packages\ComfyUI\output\benchmark_rotations_clean_v1\renders\P02_s1618033_baseline_00001_.png,benchmark_rotations_clean_v1/renders,not recorded,2026-09-22T00:59:11.802257
83,P02,7919c95fcf,1618033,B6_neg,B6_neg_d060,0.06,-43.405426,0.059995,krea2_turbo_bf16.safetensors,not recorded,qwen_image_vae.safetensors,qwen3vl_4b_bf16.safetensors,ArthemyKrea2ModelRotator,not recorded,Default,euler_ancestral,9,1.0,simple,1.0,1024,1280,C:\StabilityMatrix-win-x64\Data\Packages\ComfyUI\output\benchmark_rotations_clean_v1\renders\P02_s1618033_B6_neg_d060_00001_.png,C:\StabilityMatrix-win-x64\Data\Packages\ComfyUI\output\benchmark_rotations_clean_v1\renders\P02_s1618033_baseline_00001_.png,benchmark_rotations_clean_v1/renders,not recorded,2026-09-22T01:39:59.059931
84,P02,7919c95fcf,1618033,B6_pos,B6_pos_d030,0.03,21.3119,0.029999,krea2_turbo_bf16.safetensors,not recorded,qwen_image_vae.safetensors,qwen3vl_4b_bf16.safetensors,ArthemyKrea2ModelRotator,not recorded,Default,euler_ancestral,9,1.0,simple,1.0,1024,1280,C:\StabilityMatrix-win-x64\Data\Packages\ComfyUI\output\benchmark_rotations_clean_v1\renders\P02_s1618033_B6_pos_d030_00001_.png,C:\StabilityMatrix-win-x64\Data\Packages\ComfyUI\output\benchmark_rotations_clean_v1\renders\P02_s1618033_baseline_00001_.png,benchmark_rotations_clean_v1/renders,not recorded,2026-09-22T01:23:00.432783
85,P02,7919c95fcf,1618033,B6_pos,B6_pos_d045,0.045001,32.21,0.045001,krea2_turbo_bf16.safetensors,not recorded,qwen_image_vae.safetensors,qwen3vl_4b_bf16.safetensors,ArthemyKrea2ModelRotator,not recorded,Default,euler_ancestral,9,1.0,simple,1.0,1024,1280,C:\StabilityMatrix-win-x64\Data\Packages\ComfyUI\output\benchmark_rotations_clean_v1\renders\P02_s1618033_B6_pos_d045_00001_.png,C:\StabilityMatrix-win-x64\Data\Packages\ComfyUI\output\benchmark_rotations_clean_v1\renders\P02_s1618033_baseline_00001_.png,benchmark_rotations_clean_v1/renders,not recorded,2026-09-22T00:55:48.236485
86,P02,7919c95fcf,1618033,B6_pos,B6_pos_d060,0.06,43.405426,0.059995,krea2_turbo_bf16.safetensors,not recorded,qwen_image_vae.safetensors,qwen3vl_4b_bf16.safetensors,ArthemyKrea2ModelRotator,not recorded,Default,euler_ancestral,9,1.0,simple,1.0,1024,1280,C:\StabilityMatrix-win-x64\Data\Packages\ComfyUI\output\benchmark_rotations_clean_v1\renders\P02_s1618033_B6_pos_d060_00001_.png,C:\StabilityMatrix-win-x64\Data\Packages\ComfyUI\output\benchmark_rotations_clean_v1\renders\P02_s1618033_baseline_00001_.png,benchmark_rotations_clean_v1/renders,not recorded,2026-09-22T01:36:35.756830
87,P02,7919c95fcf,1618033,baseline,baseline,0.0,0.0,0.0,krea2_turbo_bf16.safetensors,not recorded,qwen_image_vae.safetensors,qwen3vl_4b_bf16.safetensors,none,not recorded,none,euler_ancestral,9,1.0,simple,1.0,1024,1280,C:\StabilityMatrix-win-x64\Data\Packages\ComfyUI\output\benchmark_rotations_clean_v1\renders\P02_s1618033_baseline_00001_.png,C:\StabilityMatrix-win-x64\Data\Packages\ComfyUI\output\benchmark_rotations_clean_v1\renders\P02_s1618033_baseline_00001_.png,benchmark_rotations_clean_v1/renders,not recorded,2026-09-22T00:45:28.670934
88,P02,7919c95fcf,1618033,scrA_neg,scrA_neg_d030,0.03,-15.7296,0.03,krea2_turbo_bf16.safetensors,not recorded,qwen_image_vae.safetensors,qwen3vl_4b_bf16.safetensors,ArthemyKrea2ModelScrambleRotator,not recorded,Default,euler_ancestral,9,1.0,simple,1.0,1024,1280,C:\StabilityMatrix-win-x64\Data\Packages\ComfyUI\output\benchmark_rotations_clean_v1\renders\P02_s1618033_scrA_neg_d030_00001_.png,C:\StabilityMatrix-win-x64\Data\Packages\ComfyUI\output\benchmark_rotations_clean_v1\renders\P02_s1618033_baseline_00001_.png,benchmark_rotations_clean_v1/renders,not recorded,2026-09-22T01:46:47.847525
89,P02,7919c95fcf,1618033,scrA_neg,scrA_neg_d045,0.045001,-23.69,0.045001,krea2_turbo_bf16.safetensors,not recorded,qwen_image_vae.safetensors,qwen3vl_4b_bf16.safetensors,ArthemyKrea2ModelScrambleRotator,not recorded,Default,euler_ancestral,9,1.0,simple,1.0,1024,1280,C:\StabilityMatrix-win-x64\Data\Packages\ComfyUI\output\benchmark_rotations_clean_v1\renders\P02_s1618033_scrA_neg_d045_00001_.png,C:\StabilityMatrix-win-x64\Data\Packages\ComfyUI\output\benchmark_rotations_clean_v1\renders\P02_s1618033_baseline_00001_.png,benchmark_rotations_clean_v1/renders,not recorded,2026-09-22T01:06:01.033803
90,P02,7919c95fcf,1618033,scrA_neg,scrA_neg_d060,0.06,-31.7657,0.059995,krea2_turbo_bf16.safetensors,not recorded,qwen_image_vae.safetensors,qwen3vl_4b_bf16.safetensors,ArthemyKrea2ModelScrambleRotator,not recorded,Default,euler_ancestral,9,1.0,simple,1.0,1024,1280,C:\StabilityMatrix-win-x64\Data\Packages\ComfyUI\output\benchmark_rotations_clean_v1\renders\P02_s1618033_scrA_neg_d060_00001_.png,C:\StabilityMatrix-win-x64\Data\Packages\ComfyUI\output\benchmark_rotations_clean_v1\renders\P02_s1618033_baseline_00001_.png,benchmark_rotations_clean_v1/renders,not recorded,2026-09-22T02:00:23.721398
91,P02,7919c95fcf,1618033,scrA_pos,scrA_pos_d030,0.03,15.7296,0.03,krea2_turbo_bf16.safetensors,not recorded,qwen_image_vae.safetensors,qwen3vl_4b_bf16.safetensors,ArthemyKrea2ModelScrambleRotator,not recorded,Default,euler_ancestral,9,1.0,simple,1.0,1024,1280,C:\StabilityMatrix-win-x64\Data\Packages\ComfyUI\output\benchmark_rotations_clean_v1\renders\P02_s1618033_scrA_pos_d030_00001_.png,C:\StabilityMatrix-win-x64\Data\Packages\ComfyUI\output\benchmark_rotations_clean_v1\renders\P02_s1618033_baseline_00001_.png,benchmark_rotations_clean_v1/renders,not recorded,2026-09-22T01:43:23.644664
92,P02,7919c95fcf,1618033,scrA_pos,scrA_pos_d045,0.045001,23.69,0.045001,krea2_turbo_bf16.safetensors,not recorded,qwen_image_vae.safetensors,qwen3vl_4b_bf16.safetensors,ArthemyKrea2ModelScrambleRotator,not recorded,Default,euler_ancestral,9,1.0,simple,1.0,1024,1280,C:\StabilityMatrix-win-x64\Data\Packages\ComfyUI\output\benchmark_rotations_clean_v1\renders\P02_s1618033_scrA_pos_d045_00001_.png,C:\StabilityMatrix-win-x64\Data\Packages\ComfyUI\output\benchmark_rotations_clean_v1\renders\P02_s1618033_baseline_00001_.png,benchmark_rotations_clean_v1/renders,not recorded,2026-09-22T01:02:36.693497
93,P02,7919c95fcf,1618033,scrA_pos,scrA_pos_d060,0.06,31.7657,0.059995,krea2_turbo_bf16.safetensors,not recorded,qwen_image_vae.safetensors,qwen3vl_4b_bf16.safetensors,ArthemyKrea2ModelScrambleRotator,not recorded,Default,euler_ancestral,9,1.0,simple,1.0,1024,1280,C:\StabilityMatrix-win-x64\Data\Packages\ComfyUI\output\benchmark_rotations_clean_v1\renders\P02_s1618033_scrA_pos_d060_00001_.png,C:\StabilityMatrix-win-x64\Data\Packages\ComfyUI\output\benchmark_rotations_clean_v1\renders\P02_s1618033_baseline_00001_.png,benchmark_rotations_clean_v1/renders,not recorded,2026-09-22T01:56:59.220980
94,P02,7919c95fcf,1618033,scrB_neg,scrB_neg_d030,0.03,-21.3119,0.029999,krea2_turbo_bf16.safetensors,not recorded,qwen_image_vae.safetensors,qwen3vl_4b_bf16.safetensors,ArthemyKrea2ModelScrambleRotator,not recorded,Default,euler_ancestral,9,1.0,simple,1.0,1024,1280,C:\StabilityMatrix-win-x64\Data\Packages\ComfyUI\output\benchmark_rotations_clean_v1\renders\P02_s1618033_scrB_neg_d030_00001_.png,C:\StabilityMatrix-win-x64\Data\Packages\ComfyUI\output\benchmark_rotations_clean_v1\renders\P02_s1618033_baseline_00001_.png,benchmark_rotations_clean_v1/renders,not recorded,2026-09-22T01:53:34.637365
95,P02,7919c95fcf,1618033,scrB_neg,scrB_neg_d045,0.045001,-32.21,0.045001,krea2_turbo_bf16.safetensors,not recorded,qwen_image_vae.safetensors,qwen3vl_4b_bf16.safetensors,ArthemyKrea2ModelScrambleRotator,not recorded,Default,euler_ancestral,9,1.0,simple,1.0,1024,1280,C:\StabilityMatrix-win-x64\Data\Packages\ComfyUI\output\benchmark_rotations_clean_v1\renders\P02_s1618033_scrB_neg_d045_00001_.png,C:\StabilityMatrix-win-x64\Data\Packages\ComfyUI\output\benchmark_rotations_clean_v1\renders\P02_s1618033_baseline_00001_.png,benchmark_rotations_clean_v1/renders,not recorded,2026-09-22T01:12:47.873965
96,P02,7919c95fcf,1618033,scrB_neg,scrB_neg_d060,0.06,-43.405426,0.059995,krea2_turbo_bf16.safetensors,not recorded,qwen_image_vae.safetensors,qwen3vl_4b_bf16.safetensors,ArthemyKrea2ModelScrambleRotator,not recorded,Default,euler_ancestral,9,1.0,simple,1.0,1024,1280,C:\StabilityMatrix-win-x64\Data\Packages\ComfyUI\output\benchmark_rotations_clean_v1\renders\P02_s1618033_scrB_neg_d060_00001_.png,C:\StabilityMatrix-win-x64\Data\Packages\ComfyUI\output\benchmark_rotations_clean_v1\renders\P02_s1618033_baseline_00001_.png,benchmark_rotations_clean_v1/renders,not recorded,2026-09-22T02:07:10.841145
97,P02,7919c95fcf,1618033,scrB_pos,scrB_pos_d030,0.03,21.3119,0.029999,krea2_turbo_bf16.safetensors,not recorded,qwen_image_vae.safetensors,qwen3vl_4b_bf16.safetensors,ArthemyKrea2ModelScrambleRotator,not recorded,Default,euler_ancestral,9,1.0,simple,1.0,1024,1280,C:\StabilityMatrix-win-x64\Data\Packages\ComfyUI\output\benchmark_rotations_clean_v1\renders\P02_s1618033_scrB_pos_d030_00001_.png,C:\StabilityMatrix-win-x64\Data\Packages\ComfyUI\output\benchmark_rotations_clean_v1\renders\P02_s1618033_baseline_00001_.png,benchmark_rotations_clean_v1/renders,not recorded,2026-09-22T01:50:11.107692
98,P02,7919c95fcf,1618033,scrB_pos,scrB_pos_d045,0.045001,32.21,0.045001,krea2_turbo_bf16.safetensors,not recorded,qwen_image_vae.safetensors,qwen3vl_4b_bf16.safetensors,ArthemyKrea2ModelScrambleRotator,not recorded,Default,euler_ancestral,9,1.0,simple,1.0,1024,1280,C:\StabilityMatrix-win-x64\Data\Packages\ComfyUI\output\benchmark_rotations_clean_v1\renders\P02_s1618033_scrB_pos_d045_00001_.png,C:\StabilityMatrix-win-x64\Data\Packages\ComfyUI\output\benchmark_rotations_clean_v1\renders\P02_s1618033_baseline_00001_.png,benchmark_rotations_clean_v1/renders,not recorded,2026-09-22T01:09:24.436107
99,P02,7919c95fcf,1618033,scrB_pos,scrB_pos_d060,0.06,43.405426,0.059995,krea2_turbo_bf16.safetensors,not recorded,qwen_image_vae.safetensors,qwen3vl_4b_bf16.safetensors,ArthemyKrea2ModelScrambleRotator,not recorded,Default,euler_ancestral,9,1.0,simple,1.0,1024,1280,C:\StabilityMatrix-win-x64\Data\Packages\ComfyUI\output\benchmark_rotations_clean_v1\renders\P02_s1618033_scrB_pos_d060_00001_.png,C:\StabilityMatrix-win-x64\Data\Packages\ComfyUI\output\benchmark_rotations_clean_v1\renders\P02_s1618033_baseline_00001_.png,benchmark_rotations_clean_v1/renders,not recorded,2026-09-22T02:03:47.263228
100,P02,7919c95fcf,2718281,B1_neg,B1_neg_d030,0.03,-15.7296,0.03,krea2_turbo_bf16.safetensors,not recorded,qwen_image_vae.safetensors,qwen3vl_4b_bf16.safetensors,ArthemyKrea2ModelRotator,not recorded,Default,euler_ancestral,9,1.0,simple,1.0,1024,1280,C:\StabilityMatrix-win-x64\Data\Packages\ComfyUI\output\benchmark_rotations_clean_v1\renders\P02_s2718281_B1_neg_d030_00001_.png,C:\StabilityMatrix-win-x64\Data\Packages\ComfyUI\output\benchmark_rotations_clean_v1\renders\P02_s2718281_baseline_00001_.png,benchmark_rotations_clean_v1/renders,not recorded,2026-09-22T01:18:31.236619
101,P02,7919c95fcf,2718281,B1_neg,B1_neg_d045,0.045001,-23.69,0.045002,krea2_turbo_bf16.safetensors,not recorded,qwen_image_vae.safetensors,qwen3vl_4b_bf16.safetensors,ArthemyKrea2ModelRotator,not recorded,Default,euler_ancestral,9,1.0,simple,1.0,1024,1280,C:\StabilityMatrix-win-x64\Data\Packages\ComfyUI\output\benchmark_rotations_clean_v1\renders\P02_s2718281_B1_neg_d045_00001_.png,C:\StabilityMatrix-win-x64\Data\Packages\ComfyUI\output\benchmark_rotations_clean_v1\renders\P02_s2718281_baseline_00001_.png,benchmark_rotations_clean_v1/renders,not recorded,2026-09-22T00:51:18.784570
102,P02,7919c95fcf,2718281,B1_neg,B1_neg_d060,0.06,-31.7657,0.059995,krea2_turbo_bf16.safetensors,not recorded,qwen_image_vae.safetensors,qwen3vl_4b_bf16.safetensors,ArthemyKrea2ModelRotator,not recorded,Default,euler_ancestral,9,1.0,simple,1.0,1024,1280,C:\StabilityMatrix-win-x64\Data\Packages\ComfyUI\output\benchmark_rotations_clean_v1\renders\P02_s2718281_B1_neg_d060_00001_.png,C:\StabilityMatrix-win-x64\Data\Packages\ComfyUI\output\benchmark_rotations_clean_v1\renders\P02_s2718281_baseline_00001_.png,benchmark_rotations_clean_v1/renders,not recorded,2026-09-22T01:32:06.751972
103,P02,7919c95fcf,2718281,B1_pos,B1_pos_d030,0.03,15.7296,0.03,krea2_turbo_bf16.safetensors,not recorded,qwen_image_vae.safetensors,qwen3vl_4b_bf16.safetensors,ArthemyKrea2ModelRotator,not recorded,Default,euler_ancestral,9,1.0,simple,1.0,1024,1280,C:\StabilityMatrix-win-x64\Data\Packages\ComfyUI\output\benchmark_rotations_clean_v1\renders\P02_s2718281_B1_pos_d030_00001_.png,C:\StabilityMatrix-win-x64\Data\Packages\ComfyUI\output\benchmark_rotations_clean_v1\renders\P02_s2718281_baseline_00001_.png,benchmark_rotations_clean_v1/renders,not recorded,2026-09-22T01:15:06.494889
104,P02,7919c95fcf,2718281,B1_pos,B1_pos_d045,0.045001,23.69,0.045002,krea2_turbo_bf16.safetensors,not recorded,qwen_image_vae.safetensors,qwen3vl_4b_bf16.safetensors,ArthemyKrea2ModelRotator,not recorded,Default,euler_ancestral,9,1.0,simple,1.0,1024,1280,C:\StabilityMatrix-win-x64\Data\Packages\ComfyUI\output\benchmark_rotations_clean_v1\renders\P02_s2718281_B1_pos_d045_00001_.png,C:\StabilityMatrix-win-x64\Data\Packages\ComfyUI\output\benchmark_rotations_clean_v1\renders\P02_s2718281_baseline_00001_.png,benchmark_rotations_clean_v1/renders,not recorded,2026-09-22T00:47:51.414447
105,P02,7919c95fcf,2718281,B1_pos,B1_pos_d060,0.06,31.7657,0.059995,krea2_turbo_bf16.safetensors,not recorded,qwen_image_vae.safetensors,qwen3vl_4b_bf16.safetensors,ArthemyKrea2ModelRotator,not recorded,Default,euler_ancestral,9,1.0,simple,1.0,1024,1280,C:\StabilityMatrix-win-x64\Data\Packages\ComfyUI\output\benchmark_rotations_clean_v1\renders\P02_s2718281_B1_pos_d060_00001_.png,C:\StabilityMatrix-win-x64\Data\Packages\ComfyUI\output\benchmark_rotations_clean_v1\renders\P02_s2718281_baseline_00001_.png,benchmark_rotations_clean_v1/renders,not recorded,2026-09-22T01:28:42.376791
106,P02,7919c95fcf,2718281,B6_neg,B6_neg_d030,0.03,-21.3119,0.029999,krea2_turbo_bf16.safetensors,not recorded,qwen_image_vae.safetensors,qwen3vl_4b_bf16.safetensors,ArthemyKrea2ModelRotator,not recorded,Default,euler_ancestral,9,1.0,simple,1.0,1024,1280,C:\StabilityMatrix-win-x64\Data\Packages\ComfyUI\output\benchmark_rotations_clean_v1\renders\P02_s2718281_B6_neg_d030_00001_.png,C:\StabilityMatrix-win-x64\Data\Packages\ComfyUI\output\benchmark_rotations_clean_v1\renders\P02_s2718281_baseline_00001_.png,benchmark_rotations_clean_v1/renders,not recorded,2026-09-22T01:25:17.991829
107,P02,7919c95fcf,2718281,B6_neg,B6_neg_d045,0.045001,-32.21,0.045001,krea2_turbo_bf16.safetensors,not recorded,qwen_image_vae.safetensors,qwen3vl_4b_bf16.safetensors,ArthemyKrea2ModelRotator,not recorded,Default,euler_ancestral,9,1.0,simple,1.0,1024,1280,C:\StabilityMatrix-win-x64\Data\Packages\ComfyUI\output\benchmark_rotations_clean_v1\renders\P02_s2718281_B6_neg_d045_00001_.png,C:\StabilityMatrix-win-x64\Data\Packages\ComfyUI\output\benchmark_rotations_clean_v1\renders\P02_s2718281_baseline_00001_.png,benchmark_rotations_clean_v1/renders,not recorded,2026-09-22T00:58:05.982059
108,P02,7919c95fcf,2718281,B6_neg,B6_neg_d060,0.06,-43.405426,0.059995,krea2_turbo_bf16.safetensors,not recorded,qwen_image_vae.safetensors,qwen3vl_4b_bf16.safetensors,ArthemyKrea2ModelRotator,not recorded,Default,euler_ancestral,9,1.0,simple,1.0,1024,1280,C:\StabilityMatrix-win-x64\Data\Packages\ComfyUI\output\benchmark_rotations_clean_v1\renders\P02_s2718281_B6_neg_d060_00001_.png,C:\StabilityMatrix-win-x64\Data\Packages\ComfyUI\output\benchmark_rotations_clean_v1\renders\P02_s2718281_baseline_00001_.png,benchmark_rotations_clean_v1/renders,not recorded,2026-09-22T01:38:53.284525
109,P02,7919c95fcf,2718281,B6_pos,B6_pos_d030,0.03,21.3119,0.029999,krea2_turbo_bf16.safetensors,not recorded,qwen_image_vae.safetensors,qwen3vl_4b_bf16.safetensors,ArthemyKrea2ModelRotator,not recorded,Default,euler_ancestral,9,1.0,simple,1.0,1024,1280,C:\StabilityMatrix-win-x64\Data\Packages\ComfyUI\output\benchmark_rotations_clean_v1\renders\P02_s2718281_B6_pos_d030_00001_.png,C:\StabilityMatrix-win-x64\Data\Packages\ComfyUI\output\benchmark_rotations_clean_v1\renders\P02_s2718281_baseline_00001_.png,benchmark_rotations_clean_v1/renders,not recorded,2026-09-22T01:21:54.696737
110,P02,7919c95fcf,2718281,B6_pos,B6_pos_d045,0.045001,32.21,0.045001,krea2_turbo_bf16.safetensors,not recorded,qwen_image_vae.safetensors,qwen3vl_4b_bf16.safetensors,ArthemyKrea2ModelRotator,not recorded,Default,euler_ancestral,9,1.0,simple,1.0,1024,1280,C:\StabilityMatrix-win-x64\Data\Packages\ComfyUI\output\benchmark_rotations_clean_v1\renders\P02_s2718281_B6_pos_d045_00001_.png,C:\StabilityMatrix-win-x64\Data\Packages\ComfyUI\output\benchmark_rotations_clean_v1\renders\P02_s2718281_baseline_00001_.png,benchmark_rotations_clean_v1/renders,not recorded,2026-09-22T00:54:42.499859
111,P02,7919c95fcf,2718281,B6_pos,B6_pos_d060,0.06,43.405426,0.059995,krea2_turbo_bf16.safetensors,not recorded,qwen_image_vae.safetensors,qwen3vl_4b_bf16.safetensors,ArthemyKrea2ModelRotator,not recorded,Default,euler_ancestral,9,1.0,simple,1.0,1024,1280,C:\StabilityMatrix-win-x64\Data\Packages\ComfyUI\output\benchmark_rotations_clean_v1\renders\P02_s2718281_B6_pos_d060_00001_.png,C:\StabilityMatrix-win-x64\Data\Packages\ComfyUI\output\benchmark_rotations_clean_v1\renders\P02_s2718281_baseline_00001_.png,benchmark_rotations_clean_v1/renders,not recorded,2026-09-22T01:35:30.064279
112,P02,7919c95fcf,2718281,baseline,baseline,0.0,0.0,0.0,krea2_turbo_bf16.safetensors,not recorded,qwen_image_vae.safetensors,qwen3vl_4b_bf16.safetensors,none,not recorded,none,euler_ancestral,9,1.0,simple,1.0,1024,1280,C:\StabilityMatrix-win-x64\Data\Packages\ComfyUI\output\benchmark_rotations_clean_v1\renders\P02_s2718281_baseline_00001_.png,C:\StabilityMatrix-win-x64\Data\Packages\ComfyUI\output\benchmark_rotations_clean_v1\renders\P02_s2718281_baseline_00001_.png,benchmark_rotations_clean_v1/renders,not recorded,2026-09-22T00:44:23.135331
113,P02,7919c95fcf,2718281,scrA_neg,scrA_neg_d030,0.03,-15.7296,0.03,krea2_turbo_bf16.safetensors,not recorded,qwen_image_vae.safetensors,qwen3vl_4b_bf16.safetensors,ArthemyKrea2ModelScrambleRotator,not recorded,Default,euler_ancestral,9,1.0,simple,1.0,1024,1280,C:\StabilityMatrix-win-x64\Data\Packages\ComfyUI\output\benchmark_rotations_clean_v1\renders\P02_s2718281_scrA_neg_d030_00001_.png,C:\StabilityMatrix-win-x64\Data\Packages\ComfyUI\output\benchmark_rotations_clean_v1\renders\P02_s2718281_baseline_00001_.png,benchmark_rotations_clean_v1/renders,not recorded,2026-09-22T01:45:42.062883
114,P02,7919c95fcf,2718281,scrA_neg,scrA_neg_d045,0.045001,-23.69,0.045001,krea2_turbo_bf16.safetensors,not recorded,qwen_image_vae.safetensors,qwen3vl_4b_bf16.safetensors,ArthemyKrea2ModelScrambleRotator,not recorded,Default,euler_ancestral,9,1.0,simple,1.0,1024,1280,C:\StabilityMatrix-win-x64\Data\Packages\ComfyUI\output\benchmark_rotations_clean_v1\renders\P02_s2718281_scrA_neg_d045_00001_.png,C:\StabilityMatrix-win-x64\Data\Packages\ComfyUI\output\benchmark_rotations_clean_v1\renders\P02_s2718281_baseline_00001_.png,benchmark_rotations_clean_v1/renders,not recorded,2026-09-22T01:04:55.229211
115,P02,7919c95fcf,2718281,scrA_neg,scrA_neg_d060,0.06,-31.7657,0.059995,krea2_turbo_bf16.safetensors,not recorded,qwen_image_vae.safetensors,qwen3vl_4b_bf16.safetensors,ArthemyKrea2ModelScrambleRotator,not recorded,Default,euler_ancestral,9,1.0,simple,1.0,1024,1280,C:\StabilityMatrix-win-x64\Data\Packages\ComfyUI\output\benchmark_rotations_clean_v1\renders\P02_s2718281_scrA_neg_d060_00001_.png,C:\StabilityMatrix-win-x64\Data\Packages\ComfyUI\output\benchmark_rotations_clean_v1\renders\P02_s2718281_baseline_00001_.png,benchmark_rotations_clean_v1/renders,not recorded,2026-09-22T01:59:17.881469
116,P02,7919c95fcf,2718281,scrA_pos,scrA_pos_d030,0.03,15.7296,0.03,krea2_turbo_bf16.safetensors,not recorded,qwen_image_vae.safetensors,qwen3vl_4b_bf16.safetensors,ArthemyKrea2ModelScrambleRotator,not recorded,Default,euler_ancestral,9,1.0,simple,1.0,1024,1280,C:\StabilityMatrix-win-x64\Data\Packages\ComfyUI\output\benchmark_rotations_clean_v1\renders\P02_s2718281_scrA_pos_d030_00001_.png,C:\StabilityMatrix-win-x64\Data\Packages\ComfyUI\output\benchmark_rotations_clean_v1\renders\P02_s2718281_baseline_00001_.png,benchmark_rotations_clean_v1/renders,not recorded,2026-09-22T01:42:17.775507
117,P02,7919c95fcf,2718281,scrA_pos,scrA_pos_d045,0.045001,23.69,0.045001,krea2_turbo_bf16.safetensors,not recorded,qwen_image_vae.safetensors,qwen3vl_4b_bf16.safetensors,ArthemyKrea2ModelScrambleRotator,not recorded,Default,euler_ancestral,9,1.0,simple,1.0,1024,1280,C:\StabilityMatrix-win-x64\Data\Packages\ComfyUI\output\benchmark_rotations_clean_v1\renders\P02_s2718281_scrA_pos_d045_00001_.png,C:\StabilityMatrix-win-x64\Data\Packages\ComfyUI\output\benchmark_rotations_clean_v1\renders\P02_s2718281_baseline_00001_.png,benchmark_rotations_clean_v1/renders,not recorded,2026-09-22T01:01:30.832761
118,P02,7919c95fcf,2718281,scrA_pos,scrA_pos_d060,0.06,31.7657,0.059995,krea2_turbo_bf16.safetensors,not recorded,qwen_image_vae.safetensors,qwen3vl_4b_bf16.safetensors,ArthemyKrea2ModelScrambleRotator,not recorded,Default,euler_ancestral,9,1.0,simple,1.0,1024,1280,C:\StabilityMatrix-win-x64\Data\Packages\ComfyUI\output\benchmark_rotations_clean_v1\renders\P02_s2718281_scrA_pos_d060_00001_.png,C:\StabilityMatrix-win-x64\Data\Packages\ComfyUI\output\benchmark_rotations_clean_v1\renders\P02_s2718281_baseline_00001_.png,benchmark_rotations_clean_v1/renders,not recorded,2026-09-22T01:55:53.388401
119,P02,7919c95fcf,2718281,scrB_neg,scrB_neg_d030,0.03,-21.3119,0.029999,krea2_turbo_bf16.safetensors,not recorded,qwen_image_vae.safetensors,qwen3vl_4b_bf16.safetensors,ArthemyKrea2ModelScrambleRotator,not recorded,Default,euler_ancestral,9,1.0,simple,1.0,1024,1280,C:\StabilityMatrix-win-x64\Data\Packages\ComfyUI\output\benchmark_rotations_clean_v1\renders\P02_s2718281_scrB_neg_d030_00001_.png,C:\StabilityMatrix-win-x64\Data\Packages\ComfyUI\output\benchmark_rotations_clean_v1\renders\P02_s2718281_baseline_00001_.png,benchmark_rotations_clean_v1/renders,not recorded,2026-09-22T01:52:28.813145
120,P02,7919c95fcf,2718281,scrB_neg,scrB_neg_d045,0.045001,-32.21,0.045001,krea2_turbo_bf16.safetensors,not recorded,qwen_image_vae.safetensors,qwen3vl_4b_bf16.safetensors,ArthemyKrea2ModelScrambleRotator,not recorded,Default,euler_ancestral,9,1.0,simple,1.0,1024,1280,C:\StabilityMatrix-win-x64\Data\Packages\ComfyUI\output\benchmark_rotations_clean_v1\renders\P02_s2718281_scrB_neg_d045_00001_.png,C:\StabilityMatrix-win-x64\Data\Packages\ComfyUI\output\benchmark_rotations_clean_v1\renders\P02_s2718281_baseline_00001_.png,benchmark_rotations_clean_v1/renders,not recorded,2026-09-22T01:11:42.040098
121,P02,7919c95fcf,2718281,scrB_neg,scrB_neg_d060,0.06,-43.405426,0.059995,krea2_turbo_bf16.safetensors,not recorded,qwen_image_vae.safetensors,qwen3vl_4b_bf16.safetensors,ArthemyKrea2ModelScrambleRotator,not recorded,Default,euler_ancestral,9,1.0,simple,1.0,1024,1280,C:\StabilityMatrix-win-x64\Data\Packages\ComfyUI\output\benchmark_rotations_clean_v1\renders\P02_s2718281_scrB_neg_d060_00001_.png,C:\StabilityMatrix-win-x64\Data\Packages\ComfyUI\output\benchmark_rotations_clean_v1\renders\P02_s2718281_baseline_00001_.png,benchmark_rotations_clean_v1/renders,not recorded,2026-09-22T02:06:05.015701
122,P02,7919c95fcf,2718281,scrB_pos,scrB_pos_d030,0.03,21.3119,0.029999,krea2_turbo_bf16.safetensors,not recorded,qwen_image_vae.safetensors,qwen3vl_4b_bf16.safetensors,ArthemyKrea2ModelScrambleRotator,not recorded,Default,euler_ancestral,9,1.0,simple,1.0,1024,1280,C:\StabilityMatrix-win-x64\Data\Packages\ComfyUI\output\benchmark_rotations_clean_v1\renders\P02_s2718281_scrB_pos_d030_00001_.png,C:\StabilityMatrix-win-x64\Data\Packages\ComfyUI\output\benchmark_rotations_clean_v1\renders\P02_s2718281_baseline_00001_.png,benchmark_rotations_clean_v1/renders,not recorded,2026-09-22T01:49:05.312807
123,P02,7919c95fcf,2718281,scrB_pos,scrB_pos_d045,0.045001,32.21,0.045001,krea2_turbo_bf16.safetensors,not recorded,qwen_image_vae.safetensors,qwen3vl_4b_bf16.safetensors,ArthemyKrea2ModelScrambleRotator,not recorded,Default,euler_ancestral,9,1.0,simple,1.0,1024,1280,C:\StabilityMatrix-win-x64\Data\Packages\ComfyUI\output\benchmark_rotations_clean_v1\renders\P02_s2718281_scrB_pos_d045_00001_.png,C:\StabilityMatrix-win-x64\Data\Packages\ComfyUI\output\benchmark_rotations_clean_v1\renders\P02_s2718281_baseline_00001_.png,benchmark_rotations_clean_v1/renders,not recorded,2026-09-22T01:08:18.638362
124,P02,7919c95fcf,2718281,scrB_pos,scrB_pos_d060,0.06,43.405426,0.059995,krea2_turbo_bf16.safetensors,not recorded,qwen_image_vae.safetensors,qwen3vl_4b_bf16.safetensors,ArthemyKrea2ModelScrambleRotator,not recorded,Default,euler_ancestral,9,1.0,simple,1.0,1024,1280,C:\StabilityMatrix-win-x64\Data\Packages\ComfyUI\output\benchmark_rotations_clean_v1\renders\P02_s2718281_scrB_pos_d060_00001_.png,C:\StabilityMatrix-win-x64\Data\Packages\ComfyUI\output\benchmark_rotations_clean_v1\renders\P02_s2718281_baseline_00001_.png,benchmark_rotations_clean_v1/renders,not recorded,2026-09-22T02:02:41.363035
125,P02,7919c95fcf,3141592,B1_neg,B1_neg_d030,0.03,-15.7296,0.03,krea2_turbo_bf16.safetensors,not recorded,qwen_image_vae.safetensors,qwen3vl_4b_bf16.safetensors,ArthemyKrea2ModelRotator,not recorded,Default,euler_ancestral,9,1.0,simple,1.0,1024,1280,C:\StabilityMatrix-win-x64\Data\Packages\ComfyUI\output\benchmark_rotations_clean_v1\renders\P02_s3141592_B1_neg_d030_00001_.png,C:\StabilityMatrix-win-x64\Data\Packages\ComfyUI\output\benchmark_rotations_clean_v1\renders\P02_s3141592_baseline_00001_.png,benchmark_rotations_clean_v1/renders,not recorded,2026-09-22T01:19:04.149883
126,P02,7919c95fcf,3141592,B1_neg,B1_neg_d045,0.045001,-23.69,0.045002,krea2_turbo_bf16.safetensors,not recorded,qwen_image_vae.safetensors,qwen3vl_4b_bf16.safetensors,ArthemyKrea2ModelRotator,not recorded,Default,euler_ancestral,9,1.0,simple,1.0,1024,1280,C:\StabilityMatrix-win-x64\Data\Packages\ComfyUI\output\benchmark_rotations_clean_v1\renders\P02_s3141592_B1_neg_d045_00001_.png,C:\StabilityMatrix-win-x64\Data\Packages\ComfyUI\output\benchmark_rotations_clean_v1\renders\P02_s3141592_baseline_00001_.png,benchmark_rotations_clean_v1/renders,not recorded,2026-09-22T00:51:51.658743
127,P02,7919c95fcf,3141592,B1_neg,B1_neg_d060,0.06,-31.7657,0.059995,krea2_turbo_bf16.safetensors,not recorded,qwen_image_vae.safetensors,qwen3vl_4b_bf16.safetensors,ArthemyKrea2ModelRotator,not recorded,Default,euler_ancestral,9,1.0,simple,1.0,1024,1280,C:\StabilityMatrix-win-x64\Data\Packages\ComfyUI\output\benchmark_rotations_clean_v1\renders\P02_s3141592_B1_neg_d060_00001_.png,C:\StabilityMatrix-win-x64\Data\Packages\ComfyUI\output\benchmark_rotations_clean_v1\renders\P02_s3141592_baseline_00001_.png,benchmark_rotations_clean_v1/renders,not recorded,2026-09-22T01:32:39.647477
128,P02,7919c95fcf,3141592,B1_pos,B1_pos_d030,0.03,15.7296,0.03,krea2_turbo_bf16.safetensors,not recorded,qwen_image_vae.safetensors,qwen3vl_4b_bf16.safetensors,ArthemyKrea2ModelRotator,not recorded,Default,euler_ancestral,9,1.0,simple,1.0,1024,1280,C:\StabilityMatrix-win-x64\Data\Packages\ComfyUI\output\benchmark_rotations_clean_v1\renders\P02_s3141592_B1_pos_d030_00001_.png,C:\StabilityMatrix-win-x64\Data\Packages\ComfyUI\output\benchmark_rotations_clean_v1\renders\P02_s3141592_baseline_00001_.png,benchmark_rotations_clean_v1/renders,not recorded,2026-09-22T01:15:39.449871
129,P02,7919c95fcf,3141592,B1_pos,B1_pos_d045,0.045001,23.69,0.045002,krea2_turbo_bf16.safetensors,not recorded,qwen_image_vae.safetensors,qwen3vl_4b_bf16.safetensors,ArthemyKrea2ModelRotator,not recorded,Default,euler_ancestral,9,1.0,simple,1.0,1024,1280,C:\StabilityMatrix-win-x64\Data\Packages\ComfyUI\output\benchmark_rotations_clean_v1\renders\P02_s3141592_B1_pos_d045_00001_.png,C:\StabilityMatrix-win-x64\Data\Packages\ComfyUI\output\benchmark_rotations_clean_v1\renders\P02_s3141592_baseline_00001_.png,benchmark_rotations_clean_v1/renders,not recorded,2026-09-22T00:48:24.592624
130,P02,7919c95fcf,3141592,B1_pos,B1_pos_d060,0.06,31.7657,0.059995,krea2_turbo_bf16.safetensors,not recorded,qwen_image_vae.safetensors,qwen3vl_4b_bf16.safetensors,ArthemyKrea2ModelRotator,not recorded,Default,euler_ancestral,9,1.0,simple,1.0,1024,1280,C:\StabilityMatrix-win-x64\Data\Packages\ComfyUI\output\benchmark_rotations_clean_v1\renders\P02_s3141592_B1_pos_d060_00001_.png,C:\StabilityMatrix-win-x64\Data\Packages\ComfyUI\output\benchmark_rotations_clean_v1\renders\P02_s3141592_baseline_00001_.png,benchmark_rotations_clean_v1/renders,not recorded,2026-09-22T01:29:15.292696
131,P02,7919c95fcf,3141592,B6_neg,B6_neg_d030,0.03,-21.3119,0.029999,krea2_turbo_bf16.safetensors,not recorded,qwen_image_vae.safetensors,qwen3vl_4b_bf16.safetensors,ArthemyKrea2ModelRotator,not recorded,Default,euler_ancestral,9,1.0,simple,1.0,1024,1280,C:\StabilityMatrix-win-x64\Data\Packages\ComfyUI\output\benchmark_rotations_clean_v1\renders\P02_s3141592_B6_neg_d030_00001_.png,C:\StabilityMatrix-win-x64\Data\Packages\ComfyUI\output\benchmark_rotations_clean_v1\renders\P02_s3141592_baseline_00001_.png,benchmark_rotations_clean_v1/renders,not recorded,2026-09-22T01:25:50.814086
132,P02,7919c95fcf,3141592,B6_neg,B6_neg_d045,0.045001,-32.21,0.045001,krea2_turbo_bf16.safetensors,not recorded,qwen_image_vae.safetensors,qwen3vl_4b_bf16.safetensors,ArthemyKrea2ModelRotator,not recorded,Default,euler_ancestral,9,1.0,simple,1.0,1024,1280,C:\StabilityMatrix-win-x64\Data\Packages\ComfyUI\output\benchmark_rotations_clean_v1\renders\P02_s3141592_B6_neg_d045_00001_.png,C:\StabilityMatrix-win-x64\Data\Packages\ComfyUI\output\benchmark_rotations_clean_v1\renders\P02_s3141592_baseline_00001_.png,benchmark_rotations_clean_v1/renders,not recorded,2026-09-22T00:58:38.945357
133,P02,7919c95fcf,3141592,B6_neg,B6_neg_d060,0.06,-43.405426,0.059995,krea2_turbo_bf16.safetensors,not recorded,qwen_image_vae.safetensors,qwen3vl_4b_bf16.safetensors,ArthemyKrea2ModelRotator,not recorded,Default,euler_ancestral,9,1.0,simple,1.0,1024,1280,C:\StabilityMatrix-win-x64\Data\Packages\ComfyUI\output\benchmark_rotations_clean_v1\renders\P02_s3141592_B6_neg_d060_00001_.png,C:\StabilityMatrix-win-x64\Data\Packages\ComfyUI\output\benchmark_rotations_clean_v1\renders\P02_s3141592_baseline_00001_.png,benchmark_rotations_clean_v1/renders,not recorded,2026-09-22T01:39:26.210676
134,P02,7919c95fcf,3141592,B6_pos,B6_pos_d030,0.03,21.3119,0.029999,krea2_turbo_bf16.safetensors,not recorded,qwen_image_vae.safetensors,qwen3vl_4b_bf16.safetensors,ArthemyKrea2ModelRotator,not recorded,Default,euler_ancestral,9,1.0,simple,1.0,1024,1280,C:\StabilityMatrix-win-x64\Data\Packages\ComfyUI\output\benchmark_rotations_clean_v1\renders\P02_s3141592_B6_pos_d030_00001_.png,C:\StabilityMatrix-win-x64\Data\Packages\ComfyUI\output\benchmark_rotations_clean_v1\renders\P02_s3141592_baseline_00001_.png,benchmark_rotations_clean_v1/renders,not recorded,2026-09-22T01:22:27.567047
135,P02,7919c95fcf,3141592,B6_pos,B6_pos_d045,0.045001,32.21,0.045001,krea2_turbo_bf16.safetensors,not recorded,qwen_image_vae.safetensors,qwen3vl_4b_bf16.safetensors,ArthemyKrea2ModelRotator,not recorded,Default,euler_ancestral,9,1.0,simple,1.0,1024,1280,C:\StabilityMatrix-win-x64\Data\Packages\ComfyUI\output\benchmark_rotations_clean_v1\renders\P02_s3141592_B6_pos_d045_00001_.png,C:\StabilityMatrix-win-x64\Data\Packages\ComfyUI\output\benchmark_rotations_clean_v1\renders\P02_s3141592_baseline_00001_.png,benchmark_rotations_clean_v1/renders,not recorded,2026-09-22T00:55:15.330024
136,P02,7919c95fcf,3141592,B6_pos,B6_pos_d060,0.06,43.405426,0.059995,krea2_turbo_bf16.safetensors,not recorded,qwen_image_vae.safetensors,qwen3vl_4b_bf16.safetensors,ArthemyKrea2ModelRotator,not recorded,Default,euler_ancestral,9,1.0,simple,1.0,1024,1280,C:\StabilityMatrix-win-x64\Data\Packages\ComfyUI\output\benchmark_rotations_clean_v1\renders\P02_s3141592_B6_pos_d060_00001_.png,C:\StabilityMatrix-win-x64\Data\Packages\ComfyUI\output\benchmark_rotations_clean_v1\renders\P02_s3141592_baseline_00001_.png,benchmark_rotations_clean_v1/renders,not recorded,2026-09-22T01:36:02.903260
137,P02,7919c95fcf,3141592,baseline,baseline,0.0,0.0,0.0,krea2_turbo_bf16.safetensors,not recorded,qwen_image_vae.safetensors,qwen3vl_4b_bf16.safetensors,none,not recorded,none,euler_ancestral,9,1.0,simple,1.0,1024,1280,C:\StabilityMatrix-win-x64\Data\Packages\ComfyUI\output\benchmark_rotations_clean_v1\renders\P02_s3141592_baseline_00001_.png,C:\StabilityMatrix-win-x64\Data\Packages\ComfyUI\output\benchmark_rotations_clean_v1\renders\P02_s3141592_baseline_00001_.png,benchmark_rotations_clean_v1/renders,not recorded,2026-09-22T00:44:55.823901
138,P02,7919c95fcf,3141592,scrA_neg,scrA_neg_d030,0.03,-15.7296,0.03,krea2_turbo_bf16.safetensors,not recorded,qwen_image_vae.safetensors,qwen3vl_4b_bf16.safetensors,ArthemyKrea2ModelScrambleRotator,not recorded,Default,euler_ancestral,9,1.0,simple,1.0,1024,1280,C:\StabilityMatrix-win-x64\Data\Packages\ComfyUI\output\benchmark_rotations_clean_v1\renders\P02_s3141592_scrA_neg_d030_00001_.png,C:\StabilityMatrix-win-x64\Data\Packages\ComfyUI\output\benchmark_rotations_clean_v1\renders\P02_s3141592_baseline_00001_.png,benchmark_rotations_clean_v1/renders,not recorded,2026-09-22T01:46:14.967712
139,P02,7919c95fcf,3141592,scrA_neg,scrA_neg_d045,0.045001,-23.69,0.045001,krea2_turbo_bf16.safetensors,not recorded,qwen_image_vae.safetensors,qwen3vl_4b_bf16.safetensors,ArthemyKrea2ModelScrambleRotator,not recorded,Default,euler_ancestral,9,1.0,simple,1.0,1024,1280,C:\StabilityMatrix-win-x64\Data\Packages\ComfyUI\output\benchmark_rotations_clean_v1\renders\P02_s3141592_scrA_neg_d045_00001_.png,C:\StabilityMatrix-win-x64\Data\Packages\ComfyUI\output\benchmark_rotations_clean_v1\renders\P02_s3141592_baseline_00001_.png,benchmark_rotations_clean_v1/renders,not recorded,2026-09-22T01:05:28.157291
140,P02,7919c95fcf,3141592,scrA_neg,scrA_neg_d060,0.06,-31.7657,0.059995,krea2_turbo_bf16.safetensors,not recorded,qwen_image_vae.safetensors,qwen3vl_4b_bf16.safetensors,ArthemyKrea2ModelScrambleRotator,not recorded,Default,euler_ancestral,9,1.0,simple,1.0,1024,1280,C:\StabilityMatrix-win-x64\Data\Packages\ComfyUI\output\benchmark_rotations_clean_v1\renders\P02_s3141592_scrA_neg_d060_00001_.png,C:\StabilityMatrix-win-x64\Data\Packages\ComfyUI\output\benchmark_rotations_clean_v1\renders\P02_s3141592_baseline_00001_.png,benchmark_rotations_clean_v1/renders,not recorded,2026-09-22T01:59:50.803274
141,P02,7919c95fcf,3141592,scrA_pos,scrA_pos_d030,0.03,15.7296,0.03,krea2_turbo_bf16.safetensors,not recorded,qwen_image_vae.safetensors,qwen3vl_4b_bf16.safetensors,ArthemyKrea2ModelScrambleRotator,not recorded,Default,euler_ancestral,9,1.0,simple,1.0,1024,1280,C:\StabilityMatrix-win-x64\Data\Packages\ComfyUI\output\benchmark_rotations_clean_v1\renders\P02_s3141592_scrA_pos_d030_00001_.png,C:\StabilityMatrix-win-x64\Data\Packages\ComfyUI\output\benchmark_rotations_clean_v1\renders\P02_s3141592_baseline_00001_.png,benchmark_rotations_clean_v1/renders,not recorded,2026-09-22T01:42:50.716071
142,P02,7919c95fcf,3141592,scrA_pos,scrA_pos_d045,0.045001,23.69,0.045001,krea2_turbo_bf16.safetensors,not recorded,qwen_image_vae.safetensors,qwen3vl_4b_bf16.safetensors,ArthemyKrea2ModelScrambleRotator,not recorded,Default,euler_ancestral,9,1.0,simple,1.0,1024,1280,C:\StabilityMatrix-win-x64\Data\Packages\ComfyUI\output\benchmark_rotations_clean_v1\renders\P02_s3141592_scrA_pos_d045_00001_.png,C:\StabilityMatrix-win-x64\Data\Packages\ComfyUI\output\benchmark_rotations_clean_v1\renders\P02_s3141592_baseline_00001_.png,benchmark_rotations_clean_v1/renders,not recorded,2026-09-22T01:02:03.757713
143,P02,7919c95fcf,3141592,scrA_pos,scrA_pos_d060,0.06,31.7657,0.059995,krea2_turbo_bf16.safetensors,not recorded,qwen_image_vae.safetensors,qwen3vl_4b_bf16.safetensors,ArthemyKrea2ModelScrambleRotator,not recorded,Default,euler_ancestral,9,1.0,simple,1.0,1024,1280,C:\StabilityMatrix-win-x64\Data\Packages\ComfyUI\output\benchmark_rotations_clean_v1\renders\P02_s3141592_scrA_pos_d060_00001_.png,C:\StabilityMatrix-win-x64\Data\Packages\ComfyUI\output\benchmark_rotations_clean_v1\renders\P02_s3141592_baseline_00001_.png,benchmark_rotations_clean_v1/renders,not recorded,2026-09-22T01:56:26.318519
144,P02,7919c95fcf,3141592,scrB_neg,scrB_neg_d030,0.03,-21.3119,0.029999,krea2_turbo_bf16.safetensors,not recorded,qwen_image_vae.safetensors,qwen3vl_4b_bf16.safetensors,ArthemyKrea2ModelScrambleRotator,not recorded,Default,euler_ancestral,9,1.0,simple,1.0,1024,1280,C:\StabilityMatrix-win-x64\Data\Packages\ComfyUI\output\benchmark_rotations_clean_v1\renders\P02_s3141592_scrB_neg_d030_00001_.png,C:\StabilityMatrix-win-x64\Data\Packages\ComfyUI\output\benchmark_rotations_clean_v1\renders\P02_s3141592_baseline_00001_.png,benchmark_rotations_clean_v1/renders,not recorded,2026-09-22T01:53:01.709518
145,P02,7919c95fcf,3141592,scrB_neg,scrB_neg_d045,0.045001,-32.21,0.045001,krea2_turbo_bf16.safetensors,not recorded,qwen_image_vae.safetensors,qwen3vl_4b_bf16.safetensors,ArthemyKrea2ModelScrambleRotator,not recorded,Default,euler_ancestral,9,1.0,simple,1.0,1024,1280,C:\StabilityMatrix-win-x64\Data\Packages\ComfyUI\output\benchmark_rotations_clean_v1\renders\P02_s3141592_scrB_neg_d045_00001_.png,C:\StabilityMatrix-win-x64\Data\Packages\ComfyUI\output\benchmark_rotations_clean_v1\renders\P02_s3141592_baseline_00001_.png,benchmark_rotations_clean_v1/renders,not recorded,2026-09-22T01:12:14.998501
146,P02,7919c95fcf,3141592,scrB_neg,scrB_neg_d060,0.06,-43.405426,0.059995,krea2_turbo_bf16.safetensors,not recorded,qwen_image_vae.safetensors,qwen3vl_4b_bf16.safetensors,ArthemyKrea2ModelScrambleRotator,not recorded,Default,euler_ancestral,9,1.0,simple,1.0,1024,1280,C:\StabilityMatrix-win-x64\Data\Packages\ComfyUI\output\benchmark_rotations_clean_v1\renders\P02_s3141592_scrB_neg_d060_00001_.png,C:\StabilityMatrix-win-x64\Data\Packages\ComfyUI\output\benchmark_rotations_clean_v1\renders\P02_s3141592_baseline_00001_.png,benchmark_rotations_clean_v1/renders,not recorded,2026-09-22T02:06:37.920368
147,P02,7919c95fcf,3141592,scrB_pos,scrB_pos_d030,0.03,21.3119,0.029999,krea2_turbo_bf16.safetensors,not recorded,qwen_image_vae.safetensors,qwen3vl_4b_bf16.safetensors,ArthemyKrea2ModelScrambleRotator,not recorded,Default,euler_ancestral,9,1.0,simple,1.0,1024,1280,C:\StabilityMatrix-win-x64\Data\Packages\ComfyUI\output\benchmark_rotations_clean_v1\renders\P02_s3141592_scrB_pos_d030_00001_.png,C:\StabilityMatrix-win-x64\Data\Packages\ComfyUI\output\benchmark_rotations_clean_v1\renders\P02_s3141592_baseline_00001_.png,benchmark_rotations_clean_v1/renders,not recorded,2026-09-22T01:49:38.243631
148,P02,7919c95fcf,3141592,scrB_pos,scrB_pos_d045,0.045001,32.21,0.045001,krea2_turbo_bf16.safetensors,not recorded,qwen_image_vae.safetensors,qwen3vl_4b_bf16.safetensors,ArthemyKrea2ModelScrambleRotator,not recorded,Default,euler_ancestral,9,1.0,simple,1.0,1024,1280,C:\StabilityMatrix-win-x64\Data\Packages\ComfyUI\output\benchmark_rotations_clean_v1\renders\P02_s3141592_scrB_pos_d045_00001_.png,C:\StabilityMatrix-win-x64\Data\Packages\ComfyUI\output\benchmark_rotations_clean_v1\renders\P02_s3141592_baseline_00001_.png,benchmark_rotations_clean_v1/renders,not recorded,2026-09-22T01:08:51.538137
149,P02,7919c95fcf,3141592,scrB_pos,scrB_pos_d060,0.06,43.405426,0.059995,krea2_turbo_bf16.safetensors,not recorded,qwen_image_vae.safetensors,qwen3vl_4b_bf16.safetensors,ArthemyKrea2ModelScrambleRotator,not recorded,Default,euler_ancestral,9,1.0,simple,1.0,1024,1280,C:\StabilityMatrix-win-x64\Data\Packages\ComfyUI\output\benchmark_rotations_clean_v1\renders\P02_s3141592_scrB_pos_d060_00001_.png,C:\StabilityMatrix-win-x64\Data\Packages\ComfyUI\output\benchmark_rotations_clean_v1\renders\P02_s3141592_baseline_00001_.png,benchmark_rotations_clean_v1/renders,not recorded,2026-09-22T02:03:14.315851
