run_id,prompt_id,seed,condition,cond_tag,angle_label,angle_deg,image_path,file,prompt_dir,prompt_sha1,rel_path,width_px,height_px,paper_L,paper_C,paper_hue_deg,paper_frac,paper_hex,ink_L,ink_C,ink_hue_deg,ink_frac,ink_hex,subject_frac,tonal_range,step_regularity,effective_steps,top2_mass_share,chroma_spread,sw1_L,sw1_C,sw1_hue_deg,sw1_share,sw1_hex,sw2_L,sw2_C,sw2_hue_deg,sw2_share,sw2_hex,sw3_L,sw3_C,sw3_hue_deg,sw3_share,sw3_hex,sw4_L,sw4_C,sw4_hue_deg,sw4_share,sw4_hex,sw5_L,sw5_C,sw5_hue_deg,sw5_share,sw5_hex,sw6_L,sw6_C,sw6_hue_deg,sw6_share,sw6_hex
0,P01,1618033,B1_neg,B1_neg_high,high,-15.0,C:\StabilityMatrix-win-x64\Data\Packages\ComfyUI\output\benchmark_rotations_clean_v2\renders\P01_s1618033_B1_neg_high_00001_.png,P01_s1618033_B1_neg_high_00001_.png,,52e5b19ca6,P01_s1618033_B1_neg_high_00001_.png,1024,1280,56.9397,11.3002,77.46,0.0609,#958776,3.4632,1.1803,50.24,0.3038,#0f0c0a,0.9482,81.8456,7.3242,6,0.3259,54.2624,2.5397,0.8444,68.84,0.2879,#0b0907,23.3705,26.921,29.24,0.0379,#5c2825,47.1027,39.275,36.97,0.0308,#a9594a,55.4121,15.963,255.52,0.0208,#6d889f,62.0869,55.1068,48.89,0.0259,#e17a4e,84.3853,31.2295,80.19,0.0146,#f1cd99
1,P01,1618033,B1_neg,B1_neg_low,low,-5.0,C:\StabilityMatrix-win-x64\Data\Packages\ComfyUI\output\benchmark_rotations_clean_v2\renders\P01_s1618033_B1_neg_low_00001_.png,P01_s1618033_B1_neg_low_00001_.png,,52e5b19ca6,P01_s1618033_B1_neg_low_00001_.png,1024,1280,69.6537,49.3291,60.02,0.0334,#e8975d,2.8244,0.9441,32.47,0.3494,#0d0a09,0.9839,82.7489,15.6824,5,0.4017,48.8838,1.8855,0.568,44.26,0.3149,#080706,41.9211,7.2455,263.05,0.0868,#5b646f,47.4492,24.9119,38.12,0.0387,#986458,48.1292,13.4546,64.57,0.0582,#846e5e,54.1552,49.4518,43.87,0.0272,#c66648,84.6344,35.1894,79.33,0.0119,#f6cd92
2,P01,1618033,B1_neg,B1_neg_mid,mid,-10.0,C:\StabilityMatrix-win-x64\Data\Packages\ComfyUI\output\benchmark_rotations_clean_v2\renders\P01_s1618033_B1_neg_mid_00001_.png,P01_s1618033_B1_neg_mid_00001_.png,,52e5b19ca6,P01_s1618033_B1_neg_mid_00001_.png,1024,1280,58.0587,51.7311,45.72,0.0354,#d4704c,3.0956,1.0508,47.07,0.3371,#0e0b09,0.9795,83.7877,6.5576,6,0.3885,48.8897,2.2882,0.818,59.04,0.3147,#0a0807,28.883,25.3525,25.72,0.0479,#693534,47.5182,20.0434,56.97,0.0738,#8c6955,53.6638,20.3741,258.55,0.0154,#6284a2,70.7339,49.7077,60.69,0.0135,#eb9b5f,86.0759,35.1675,81.85,0.0132,#f7d296
3,P01,1618033,B1_pos,B1_pos_high,high,15.0,C:\StabilityMatrix-win-x64\Data\Packages\ComfyUI\output\benchmark_rotations_clean_v2\renders\P01_s1618033_B1_pos_high_00001_.png,P01_s1618033_B1_pos_high_00001_.png,,52e5b19ca6,P01_s1618033_B1_pos_high_00001_.png,1024,1280,59.3794,9.1074,69.79,0.0628,#9b8d80,3.0362,1.3023,8.59,0.3301,#0e0a0b,0.9533,80.8945,11.487,5,0.3875,53.5728,1.8119,0.76,356.26,0.3078,#090607,38.6374,30.4368,29.65,0.0395,#894944,41.1566,15.115,46.85,0.0797,#785b50,50.587,54.3328,39.7,0.0322,#c4573f,65.8364,52.3332,59.04,0.0228,#e08c50,82.7065,20.1437,82.5,0.0178,#e1cba9
4,P01,1618033,B1_pos,B1_pos_low,low,5.0,C:\StabilityMatrix-win-x64\Data\Packages\ComfyUI\output\benchmark_rotations_clean_v2\renders\P01_s1618033_B1_pos_low_00001_.png,P01_s1618033_B1_pos_low_00001_.png,,52e5b19ca6,P01_s1618033_B1_pos_low_00001_.png,1024,1280,69.1491,45.9981,61.27,0.0352,#e29860,2.8649,0.923,7.48,0.3705,#0d0a0a,0.9806,80.6772,12.2396,6,0.3962,45.8864,1.7596,0.5328,358.42,0.3328,#080606,41.3654,28.9469,34.77,0.0348,#8d5148,51.0808,15.7149,56.29,0.0634,#907464,56.702,46.4192,45.9,0.022,#c97050,66.0298,10.2207,85.77,0.033,#a99f8e,82.4368,34.9138,79.95,0.0127,#eec78d
5,P01,1618033,B1_pos,B1_pos_mid,mid,10.0,C:\StabilityMatrix-win-x64\Data\Packages\ComfyUI\output\benchmark_rotations_clean_v2\renders\P01_s1618033_B1_pos_mid_00001_.png,P01_s1618033_B1_pos_mid_00001_.png,,52e5b19ca6,P01_s1618033_B1_pos_mid_00001_.png,1024,1280,66.5122,10.8104,82.73,0.0495,#aca08f,3.1304,1.1412,5.35,0.338,#0e0a0b,0.9686,82.6914,7.4709,6,0.4617,50.3344,2.183,0.7727,354.72,0.3174,#0a0708,32.0874,11.7893,34.32,0.1443,#5e4641,39.0814,26.0575,35.04,0.047,#834e45,55.1907,51.1071,42.17,0.025,#cd674b,71.3344,46.4448,64.97,0.0259,#e6a062,84.8745,21.8545,83.85,0.0131,#e8d1ab
6,P01,1618033,B6_neg,B6_neg_high,high,-15.0,C:\StabilityMatrix-win-x64\Data\Packages\ComfyUI\output\benchmark_rotations_clean_v2\renders\P01_s1618033_B6_neg_high_00001_.png,P01_s1618033_B6_neg_high_00001_.png,,52e5b19ca6,P01_s1618033_B6_neg_high_00001_.png,1024,1280,47.7391,44.494,296.06,0.1728,#6a69b5,5.8399,27.5696,298.95,0.0839,#0f0e33,0.6834,64.7579,9.0338,5,0.2266,20.8066,3.9808,24.7983,296.85,0.0688,#0b092c,32.7355,45.6049,297.67,0.1579,#45458d,43.1552,38.7392,334.74,0.0268,#914f82,54.958,41.8471,353.98,0.0187,#c3668c,55.6396,36.655,310.48,0.0215,#9779b6,68.7387,37.4584,13.68,0.0184,#ea8d99
7,P01,1618033,B6_neg,B6_neg_low,low,-5.0,C:\StabilityMatrix-win-x64\Data\Packages\ComfyUI\output\benchmark_rotations_clean_v2\renders\P01_s1618033_B6_neg_low_00001_.png,P01_s1618033_B6_neg_low_00001_.png,,52e5b19ca6,P01_s1618033_B6_neg_low_00001_.png,1024,1280,55.3251,3.2676,352.08,0.0779,#8a8385,3.2166,4.4415,302.81,0.3201,#0d0a13,0.9368,81.6886,11.5666,5,0.259,39.8176,2.1579,2.0653,317.97,0.1807,#0a070b,38.0826,17.2327,279.77,0.0783,#4f5975,39.2713,20.4114,7.2,0.0573,#7d5059,48.497,33.0315,27.72,0.0243,#a85f5b,65.2677,41.8828,47.97,0.0229,#dc8a68,83.8465,27.45,73.23,0.0103,#f1caa0
8,P01,1618033,B6_neg,B6_neg_mid,mid,-10.0,C:\StabilityMatrix-win-x64\Data\Packages\ComfyUI\output\benchmark_rotations_clean_v2\renders\P01_s1618033_B6_neg_mid_00001_.png,P01_s1618033_B6_neg_mid_00001_.png,,52e5b19ca6,P01_s1618033_B6_neg_mid_00001_.png,1024,1280,47.981,14.9496,303.38,0.0722,#766e87,3.3457,9.746,301.42,0.2231,#0f0919,0.9399,71.0826,9.8007,5,0.242,40.9882,2.2972,7.9846,299.53,0.1631,#0b0615,31.7835,25.0164,293.3,0.0789,#46476f,32.5021,23.6557,342.07,0.0546,#693f58,41.5995,33.7149,7.81,0.0299,#964b5c,53.4215,48.9728,27.04,0.0197,#cc5d5c,73.3798,31.6247,46.4,0.0101,#e8a58b
9,P01,1618033,B6_pos,B6_pos_high,high,15.0,C:\StabilityMatrix-win-x64\Data\Packages\ComfyUI\output\benchmark_rotations_clean_v2\renders\P01_s1618033_B6_pos_high_00001_.png,P01_s1618033_B6_pos_high_00001_.png,,52e5b19ca6,P01_s1618033_B6_pos_high_00001_.png,1024,1280,50.518,55.3433,65.14,0.0337,#ae671e,0.8808,1.3533,66.24,0.4706,#060300,0.9773,80.8055,12.0965,4,0.489,59.4684,0.3171,0.5839,51.73,0.415,#030100,28.6096,30.2234,83.25,0.074,#554013,30.9875,45.4826,57.86,0.0393,#763808,33.2681,16.5721,100.97,0.0249,#534f34,63.5664,58.7474,74.59,0.0094,#cc8e2f,81.1226,60.0523,92.09,0.0098,#e6c854
10,P01,1618033,B6_pos,B6_pos_low,low,5.0,C:\StabilityMatrix-win-x64\Data\Packages\ComfyUI\output\benchmark_rotations_clean_v2\renders\P01_s1618033_B6_pos_low_00001_.png,P01_s1618033_B6_pos_low_00001_.png,,52e5b19ca6,P01_s1618033_B6_pos_low_00001_.png,1024,1280,59.575,23.462,86.81,0.0717,#a18d66,3.0646,2.8915,102.25,0.3609,#0d0b04,0.9446,79.9294,6.1187,6,0.4558,56.3496,2.4045,2.6602,107.12,0.3525,#0a0903,29.2075,19.915,65.28,0.1032,#5a3f29,38.0796,34.9271,48.3,0.0515,#864a30,50.6181,53.1016,50.99,0.0318,#ba5f33,68.4326,59.0098,69.48,0.0251,#e29740,82.3339,44.9757,89.37,0.0119,#e9ca78
11,P01,1618033,B6_pos,B6_pos_mid,mid,10.0,C:\StabilityMatrix-win-x64\Data\Packages\ComfyUI\output\benchmark_rotations_clean_v2\renders\P01_s1618033_B6_pos_mid_00001_.png,P01_s1618033_B6_pos_mid_00001_.png,,52e5b19ca6,P01_s1618033_B6_pos_mid_00001_.png,1024,1280,57.9821,61.0552,63.83,0.0375,#cb7727,3.6317,4.7267,107.35,0.3106,#0e0e02,0.9745,73.1844,12.1706,5,0.4111,55.8685,3.1439,4.547,107.01,0.299,#0d0c01,28.2893,16.3985,92.17,0.0957,#4b4229,36.2103,30.2229,78.05,0.1121,#6c5025,36.6539,49.3949,52.13,0.033,#8d4016,43.6545,38.7095,65.7,0.0415,#8e5c2c,76.3284,60.4156,81.99,0.0203,#e9b449
12,P01,1618033,baseline,baseline,none,0.0,C:\StabilityMatrix-win-x64\Data\Packages\ComfyUI\output\benchmark_rotations_clean_v2\renders\P01_s1618033_baseline_00001_.png,P01_s1618033_baseline_00001_.png,,52e5b19ca6,P01_s1618033_baseline_00001_.png,1024,1280,57.0496,10.2626,66.78,0.0788,#978679,2.479,0.8522,8.61,0.3601,#0b0809,0.9372,80.679,6.207,6,0.4402,47.6897,1.7518,0.5242,359.44,0.3501,#080606,28.0497,11.7683,36.46,0.0901,#543d38,35.5249,28.1762,31.66,0.0333,#7d433d,51.8948,46.9696,42.23,0.0311,#be6247,69.6926,48.2139,61.79,0.0249,#e5995e,82.4309,18.6471,89.3,0.0118,#dbccaa
13,P01,1618033,scrA_neg,scrA_neg_high,high,-15.0,C:\StabilityMatrix-win-x64\Data\Packages\ComfyUI\output\benchmark_rotations_clean_v2\renders\P01_s1618033_scrA_neg_high_00001_.png,P01_s1618033_scrA_neg_high_00001_.png,,52e5b19ca6,P01_s1618033_scrA_neg_high_00001_.png,1024,1280,57.2196,42.184,45.3,0.0383,#c67457,3.162,1.1595,358.3,0.2679,#0e0b0c,0.9768,82.5689,13.2393,4,0.3138,44.1484,2.6552,0.9354,347.91,0.2508,#0c090a,39.8793,16.1486,51.57,0.063,#75584a,41.2568,27.8888,30.73,0.0433,#8c514b,64.4504,10.9189,241.37,0.0184,#88a0ad,67.8132,45.0838,56.68,0.0128,#e19362,85.2241,30.2693,82.71,0.0085,#f0d19c
14,P01,1618033,scrA_neg,scrA_neg_low,low,-5.0,C:\StabilityMatrix-win-x64\Data\Packages\ComfyUI\output\benchmark_rotations_clean_v2\renders\P01_s1618033_scrA_neg_low_00001_.png,P01_s1618033_scrA_neg_low_00001_.png,,52e5b19ca6,P01_s1618033_scrA_neg_low_00001_.png,1024,1280,61.2866,46.6855,52.11,0.0353,#d37f54,3.051,1.0253,2.27,0.3467,#0d0a0b,0.9799,86.4814,13.0418,5,0.3748,46.5851,2.0276,0.6695,350.26,0.3126,#090708,40.4819,23.5816,31.13,0.0434,#84524c,49.0783,13.5405,64.62,0.0622,#867160,49.4468,38.725,39.48,0.0245,#ae604d,72.8861,47.2546,65.74,0.0119,#eaa464,88.5089,30.3333,86.13,0.0068,#f7dba5
15,P01,1618033,scrA_neg,scrA_neg_mid,mid,-10.0,C:\StabilityMatrix-win-x64\Data\Packages\ComfyUI\output\benchmark_rotations_clean_v2\renders\P01_s1618033_scrA_neg_mid_00001_.png,P01_s1618033_scrA_neg_mid_00001_.png,,52e5b19ca6,P01_s1618033_scrA_neg_mid_00001_.png,1024,1280,56.96,43.2834,47.68,0.0394,#c57352,3.6234,1.2305,10.68,0.3135,#100c0d,0.9747,81.4,9.1834,6,0.3525,45.2421,2.5445,0.8612,4.22,0.2839,#0c0909,36.3484,22.9805,30.91,0.0455,#794944,45.7175,14.8425,58.43,0.0686,#816758,54.1821,18.1653,255.99,0.0105,#6685a0,68.1049,46.1034,58.7,0.0143,#e19460,83.9445,33.0438,80.11,0.0099,#f1cc94
16,P01,1618033,scrA_pos,scrA_pos_high,high,15.0,C:\StabilityMatrix-win-x64\Data\Packages\ComfyUI\output\benchmark_rotations_clean_v2\renders\P01_s1618033_scrA_pos_high_00001_.png,P01_s1618033_scrA_pos_high_00001_.png,,52e5b19ca6,P01_s1618033_scrA_pos_high_00001_.png,1024,1280,58.1218,12.1981,68.19,0.0706,#9b8878,2.2992,1.2225,351.9,0.3648,#0b0709,0.9597,87.7977,9.1482,6,0.3912,57.9,1.5775,0.8912,347.45,0.3501,#080506,35.703,37.98,29.25,0.0337,#8a3c38,49.136,23.3962,37.23,0.0411,#9a685e,55.8813,58.7911,43.42,0.0345,#d66442,74.717,51.832,66.41,0.0171,#f3a860,89.3753,26.9925,84.72,0.0102,#f8ddae
17,P01,1618033,scrA_pos,scrA_pos_low,low,5.0,C:\StabilityMatrix-win-x64\Data\Packages\ComfyUI\output\benchmark_rotations_clean_v2\renders\P01_s1618033_scrA_pos_low_00001_.png,P01_s1618033_scrA_pos_low_00001_.png,,52e5b19ca6,P01_s1618033_scrA_pos_low_00001_.png,1024,1280,61.7565,50.3174,51.76,0.036,#d97e50,2.4793,0.9754,21.25,0.3571,#0c0808,0.9821,88.2727,7.2585,6,0.4669,50.4904,1.7186,0.5294,13.65,0.3318,#080606,29.4312,12.5469,40.76,0.1351,#584039,36.4572,30.8289,31.93,0.034,#83443d,51.5077,51.0198,41.1,0.0132,#c25d43,75.0782,44.9399,68.05,0.019,#ecac6c,89.9913,15.4168,94.95,0.008,#ece2c5
18,P01,1618033,scrA_pos,scrA_pos_mid,mid,10.0,C:\StabilityMatrix-win-x64\Data\Packages\ComfyUI\output\benchmark_rotations_clean_v2\renders\P01_s1618033_scrA_pos_mid_00001_.png,P01_s1618033_scrA_pos_mid_00001_.png,,52e5b19ca6,P01_s1618033_scrA_pos_mid_00001_.png,1024,1280,73.9418,47.5547,64.68,0.0323,#efa667,2.1782,0.9899,10.01,0.3475,#0b0708,0.9884,82.8368,12.0576,6,0.3923,52.0625,1.699,0.6902,359.15,0.3317,#080606,37.8251,41.6941,31.07,0.025,#943e38,45.4525,23.7034,35.83,0.0529,#915f55,53.3555,14.7543,65.02,0.0606,#937b69,59.2638,52.7527,47.99,0.0258,#d7744b,84.5359,39.8117,81.55,0.0119,#f6cd89
19,P01,1618033,scrB_neg,scrB_neg_high,high,-15.0,C:\StabilityMatrix-win-x64\Data\Packages\ComfyUI\output\benchmark_rotations_clean_v2\renders\P01_s1618033_scrB_neg_high_00001_.png,P01_s1618033_scrB_neg_high_00001_.png,,52e5b19ca6,P01_s1618033_scrB_neg_high_00001_.png,1024,1280,69.4045,74.8072,75.4,0.043,#e59a0b,12.2205,19.4052,116.38,0.1799,#1d2301,0.9707,67.5264,10.2737,5,0.3537,59.7788,11.6054,18.8867,117.44,0.1692,#1b2101,42.0427,45.9242,75.24,0.1499,#865b14,45.0312,62.6019,54.01,0.0268,#af4e10,50.5543,35.6944,89.68,0.1845,#8b763a,59.1201,75.732,59.53,0.0355,#df7009,79.1319,78.6655,85.74,0.0067,#f1bd16
20,P01,1618033,scrB_neg,scrB_neg_low,low,-5.0,C:\StabilityMatrix-win-x64\Data\Packages\ComfyUI\output\benchmark_rotations_clean_v2\renders\P01_s1618033_scrB_neg_low_00001_.png,P01_s1618033_scrB_neg_low_00001_.png,,52e5b19ca6,P01_s1618033_scrB_neg_low_00001_.png,1024,1280,71.7525,63.4624,69.97,0.0477,#ee9f3f,4.3619,4.3637,110.16,0.2772,#101006,0.9688,79.816,11.8519,6,0.3976,57.7584,3.9542,4.1986,112.56,0.2738,#0e0f05,42.7597,31.499,67.46,0.1238,#855d35,57.0687,61.957,52.1,0.0394,#d56b33,64.3354,15.1711,221.28,0.0178,#79a3ad,77.5296,22.3542,96.95,0.031,#cbc097,83.7702,57.627,86.34,0.0108,#f7cc61
21,P01,1618033,scrB_neg,scrB_neg_mid,mid,-10.0,C:\StabilityMatrix-win-x64\Data\Packages\ComfyUI\output\benchmark_rotations_clean_v2\renders\P01_s1618033_scrB_neg_mid_00001_.png,P01_s1618033_scrB_neg_mid_00001_.png,,52e5b19ca6,P01_s1618033_scrB_neg_mid_00001_.png,1024,1280,72.6942,72.6923,75.85,0.0626,#eea423,9.9881,13.8922,120.32,0.231,#181e07,0.959,77.4393,13.3906,5,0.3642,58.9325,9.026,13.4311,121.95,0.2123,#161c05,44.0561,43.1078,72.47,0.1519,#8d5f21,50.0131,55.2227,60.12,0.0622,#b26223,58.9633,72.3637,58.61,0.0479,#dd7018,59.0208,31.5782,90.27,0.0505,#a08c56,86.4653,65.9021,90.86,0.0129,#fad655
22,P01,1618033,scrB_pos,scrB_pos_high,high,15.0,C:\StabilityMatrix-win-x64\Data\Packages\ComfyUI\output\benchmark_rotations_clean_v2\renders\P01_s1618033_scrB_pos_high_00001_.png,P01_s1618033_scrB_pos_high_00001_.png,,52e5b19ca6,P01_s1618033_scrB_pos_high_00001_.png,1024,1280,25.5789,25.3647,303.84,0.0319,#41375d,0.2192,3.0518,294.98,0.3786,#010008,0.9593,58.0852,3.7029,6,0.2934,44.9961,0.11,1.8736,292.59,0.2559,#000005,11.3599,26.3192,335.59,0.0375,#360f2d,20.8665,34.158,358.14,0.0177,#5d1735,35.3982,46.8697,17.79,0.0078,#962d3f,41.5346,32.5542,293.17,0.0032,#5b5d93,58.1952,34.4756,25.38,0.0034,#c67674
23,P01,1618033,scrB_pos,scrB_pos_low,low,5.0,C:\StabilityMatrix-win-x64\Data\Packages\ComfyUI\output\benchmark_rotations_clean_v2\renders\P01_s1618033_scrB_pos_low_00001_.png,P01_s1618033_scrB_pos_low_00001_.png,,52e5b19ca6,P01_s1618033_scrB_pos_low_00001_.png,1024,1280,45.7703,4.7928,342.62,0.0729,#736a6f,1.4285,2.7842,309.05,0.3845,#07040b,0.9361,79.2328,8.2832,5,0.4608,39.2804,0.9018,2.3714,306.85,0.3719,#050208,25.5755,21.6168,7.66,0.026,#5c2f39,27.7196,16.5297,285.61,0.0889,#3a405a,41.2551,31.3054,24.1,0.0199,#924e4e,55.8878,41.6518,38.19,0.0191,#c56e5b,80.1346,28.3131,69.16,0.0094,#eabf96
24,P01,1618033,scrB_pos,scrB_pos_mid,mid,10.0,C:\StabilityMatrix-win-x64\Data\Packages\ComfyUI\output\benchmark_rotations_clean_v2\renders\P01_s1618033_scrB_pos_mid_00001_.png,P01_s1618033_scrB_pos_mid_00001_.png,,52e5b19ca6,P01_s1618033_scrB_pos_mid_00001_.png,1024,1280,38.0196,13.8866,300.33,0.0396,#5c576d,0.6437,3.5478,300.82,0.415,#04010a,0.9593,70.6664,8.5439,5,0.4645,38.9582,0.3588,2.7373,299.78,0.3569,#020007,12.0185,22.2899,296.56,0.1076,#1c1c3b,13.6745,22.224,351.14,0.0291,#3d1528,28.595,30.8556,10.39,0.0176,#6f2e3c,42.6593,41.6954,26.51,0.0136,#a34948,71.0252,31.3909,54.43,0.0067,#dda180
25,P01,2718281,B1_neg,B1_neg_high,high,-15.0,C:\StabilityMatrix-win-x64\Data\Packages\ComfyUI\output\benchmark_rotations_clean_v2\renders\P01_s2718281_B1_neg_high_00001_.png,P01_s2718281_B1_neg_high_00001_.png,,52e5b19ca6,P01_s2718281_B1_neg_high_00001_.png,1024,1280,58.3052,52.0571,46.88,0.0323,#d4714b,2.9132,0.9072,66.75,0.354,#0c0a09,0.9839,83.8229,9.7236,5,0.4632,53.1896,2.1551,0.7519,85.79,0.3305,#090806,25.9866,13.0811,34.53,0.1327,#513733,37.5941,36.4584,34.88,0.0338,#8c4338,38.8549,20.3271,48.88,0.0715,#785343,68.0484,53.9415,55.92,0.0129,#ec8f56,85.978,33.3497,79.46,0.0113,#f8d199
26,P01,2718281,B1_neg,B1_neg_low,low,-5.0,C:\StabilityMatrix-win-x64\Data\Packages\ComfyUI\output\benchmark_rotations_clean_v2\renders\P01_s2718281_B1_neg_low_00001_.png,P01_s2718281_B1_neg_low_00001_.png,,52e5b19ca6,P01_s2718281_B1_neg_low_00001_.png,1024,1280,69.4317,13.7627,83.48,0.0373,#b6a891,2.7605,0.7871,37.91,0.3511,#0c0a09,0.9744,85.9791,8.29,6,0.4234,50.9344,1.7722,0.3858,53.9,0.3219,#070606,32.9635,14.4809,49.0,0.1015,#62483d,40.6571,32.3629,34.67,0.0436,#8f4d43,59.7284,51.3202,48.18,0.0312,#d6764e,77.842,47.3009,73.59,0.0123,#f1b56c,87.7513,13.8334,91.16,0.007,#e6dbc2
27,P01,2718281,B1_neg,B1_neg_mid,mid,-10.0,C:\StabilityMatrix-win-x64\Data\Packages\ComfyUI\output\benchmark_rotations_clean_v2\renders\P01_s2718281_B1_neg_mid_00001_.png,P01_s2718281_B1_neg_mid_00001_.png,,52e5b19ca6,P01_s2718281_B1_neg_mid_00001_.png,1024,1280,70.9082,14.0973,80.12,0.0388,#bcab95,2.5868,0.8387,27.19,0.3544,#0c0909,0.978,88.1822,8.1561,6,0.4147,52.9032,1.4703,0.6288,50.51,0.3157,#070504,32.6986,16.044,46.58,0.099,#64463b,38.2284,33.3862,34.58,0.0524,#8a473d,54.7598,51.2935,45.0,0.0278,#ca6746,72.2218,53.532,64.87,0.0177,#efa058,89.6525,17.4318,89.32,0.0073,#efe0c0
28,P01,2718281,B1_pos,B1_pos_high,high,15.0,C:\StabilityMatrix-win-x64\Data\Packages\ComfyUI\output\benchmark_rotations_clean_v2\renders\P01_s2718281_B1_pos_high_00001_.png,P01_s2718281_B1_pos_high_00001_.png,,52e5b19ca6,P01_s2718281_B1_pos_high_00001_.png,1024,1280,62.7526,49.1921,51.57,0.0452,#db8155,3.1919,1.3293,2.39,0.3142,#0f0b0b,0.9802,84.5246,11.5435,5,0.3335,56.4905,1.8322,0.8532,358.23,0.2793,#090607,38.6705,34.692,30.88,0.0368,#8e4640,52.4057,24.0975,50.56,0.0542,#a0735e,53.9055,57.3437,40.58,0.0132,#d15e43,73.3435,42.2555,68.69,0.0154,#e4a86c,86.3567,15.5926,85.78,0.012,#e6d6bb
29,P01,2718281,B1_pos,B1_pos_low,low,5.0,C:\StabilityMatrix-win-x64\Data\Packages\ComfyUI\output\benchmark_rotations_clean_v2\renders\P01_s2718281_B1_pos_low_00001_.png,P01_s2718281_B1_pos_low_00001_.png,,52e5b19ca6,P01_s2718281_B1_pos_low_00001_.png,1024,1280,62.5693,9.7331,84.02,0.0542,#a09686,2.6576,0.8501,6.38,0.3414,#0c090a,0.9593,82.0705,9.6328,6,0.3731,45.6687,1.8052,0.4802,1.85,0.3208,#080607,36.4646,16.9581,270.55,0.0328,#455771,43.2477,26.509,30.65,0.0522,#905751,56.4161,46.1489,43.05,0.034,#ca6e52,72.7304,43.1068,67.02,0.0224,#e5a56a,83.8756,16.7297,90.56,0.0102,#ded0b2
30,P01,2718281,B1_pos,B1_pos_mid,mid,10.0,C:\StabilityMatrix-win-x64\Data\Packages\ComfyUI\output\benchmark_rotations_clean_v2\renders\P01_s2718281_B1_pos_mid_00001_.png,P01_s2718281_B1_pos_mid_00001_.png,,52e5b19ca6,P01_s2718281_B1_pos_mid_00001_.png,1024,1280,65.7447,16.1506,81.17,0.0486,#af9d83,3.2203,1.2096,16.16,0.2859,#0f0b0b,0.9677,86.4723,11.4079,6,0.323,48.4388,2.0338,0.6808,8.07,0.2585,#090707,40.5629,27.1991,28.6,0.0559,#8a504b,47.9141,18.474,53.64,0.0646,#8c6a59,56.3894,49.1196,42.83,0.0334,#cd6c4f,69.278,44.5645,62.3,0.0222,#e09a62,88.506,28.5818,92.23,0.0076,#f0dda8
31,P01,2718281,B6_neg,B6_neg_high,high,-15.0,C:\StabilityMatrix-win-x64\Data\Packages\ComfyUI\output\benchmark_rotations_clean_v2\renders\P01_s2718281_B6_neg_high_00001_.png,P01_s2718281_B6_neg_high_00001_.png,,52e5b19ca6,P01_s2718281_B6_neg_high_00001_.png,1024,1280,48.8783,40.9424,327.14,0.0378,#9c5f9a,4.5543,25.1078,297.29,0.0617,#0c0a2e,0.9725,61.7732,5.8801,6,0.2332,24.3556,3.1975,22.1141,294.72,0.0385,#080728,17.186,37.1184,303.29,0.1219,#2c2257,22.3708,42.4626,300.14,0.1113,#312d6d,44.9836,46.4697,295.08,0.0922,#6063b1,53.8772,43.8688,349.46,0.0202,#c06290,64.9707,39.3087,8.75,0.0137,#e18295
32,P01,2718281,B6_neg,B6_neg_low,low,-5.0,C:\StabilityMatrix-win-x64\Data\Packages\ComfyUI\output\benchmark_rotations_clean_v2\renders\P01_s2718281_B6_neg_low_00001_.png,P01_s2718281_B6_neg_low_00001_.png,,52e5b19ca6,P01_s2718281_B6_neg_low_00001_.png,1024,1280,64.339,3.8358,45.0,0.0462,#a39a97,3.3103,4.0778,308.92,0.3315,#0f0a12,0.9629,82.6124,10.003,6,0.3506,36.3071,2.2657,3.4996,306.81,0.2992,#0a070f,36.8221,23.6498,5.74,0.0514,#7b4854,44.5558,27.8191,276.32,0.0173,#4f6a97,51.2549,37.289,25.7,0.0271,#b66260,67.3018,39.8067,48.3,0.0204,#e09070,84.8781,13.6325,75.18,0.0089,#e5d1bb
33,P01,2718281,B6_neg,B6_neg_mid,mid,-10.0,C:\StabilityMatrix-win-x64\Data\Packages\ComfyUI\output\benchmark_rotations_clean_v2\renders\P01_s2718281_B6_neg_mid_00001_.png,P01_s2718281_B6_neg_mid_00001_.png,,52e5b19ca6,P01_s2718281_B6_neg_mid_00001_.png,1024,1280,54.875,13.4381,303.89,0.0469,#878097,3.6318,10.8888,297.91,0.2027,#0f0a1b,0.9583,65.8131,10.7308,4,0.304,30.6018,2.8226,9.4016,296.83,0.1563,#0c0818,27.2552,24.8286,292.34,0.1477,#3a3d64,27.7174,24.0886,340.01,0.0408,#5d344e,44.701,39.8757,13.42,0.0262,#a74d5c,68.2867,40.0034,40.55,0.0132,#e79079,68.6356,12.3765,340.11,0.0076,#b9a1af
34,P01,2718281,B6_pos,B6_pos_high,high,15.0,C:\StabilityMatrix-win-x64\Data\Packages\ComfyUI\output\benchmark_rotations_clean_v2\renders\P01_s2718281_B6_pos_high_00001_.png,P01_s2718281_B6_pos_high_00001_.png,,52e5b19ca6,P01_s2718281_B6_pos_high_00001_.png,1024,1280,64.0981,57.4103,76.27,0.0413,#cb9033,0.7171,1.2086,61.28,0.3458,#050200,0.979,76.4232,11.2955,4,0.4388,56.4646,0.6333,1.0445,61.17,0.3427,#050200,24.2473,40.7286,51.53,0.0258,#632707,25.7312,29.9663,84.56,0.0961,#4d3a0c,46.0559,39.8353,92.98,0.0414,#7d6c27,48.2782,55.2824,62.01,0.034,#ab5f1c,77.0565,57.5091,88.84,0.0087,#dfbb4f
35,P01,2718281,B6_pos,B6_pos_low,low,5.0,C:\StabilityMatrix-win-x64\Data\Packages\ComfyUI\output\benchmark_rotations_clean_v2\renders\P01_s2718281_B6_pos_low_00001_.png,P01_s2718281_B6_pos_low_00001_.png,,52e5b19ca6,P01_s2718281_B6_pos_low_00001_.png,1024,1280,66.6383,58.7643,65.2,0.0301,#e28f40,2.7854,2.5886,103.35,0.371,#0b0a04,0.9829,84.4109,6.1784,6,0.4262,51.407,1.9826,2.3111,109.42,0.3457,#080802,26.2228,14.8748,61.58,0.0804,#4f3a2b,36.0959,34.9987,47.68,0.0383,#81452c,52.0821,53.1411,51.49,0.0324,#be6335,75.8196,53.7181,79.68,0.0087,#e7b257,86.3935,24.4776,102.32,0.0096,#e0daab
36,P01,2718281,B6_pos,B6_pos_mid,mid,10.0,C:\StabilityMatrix-win-x64\Data\Packages\ComfyUI\output\benchmark_rotations_clean_v2\renders\P01_s2718281_B6_pos_mid_00001_.png,P01_s2718281_B6_pos_mid_00001_.png,,52e5b19ca6,P01_s2718281_B6_pos_mid_00001_.png,1024,1280,51.8708,32.5661,85.21,0.0959,#927844,3.4819,4.6988,102.25,0.3212,#0f0d01,0.9199,71.4394,5.5859,6,0.41,57.3031,2.8572,4.0588,103.73,0.3151,#0c0b01,22.0343,22.3027,75.65,0.0949,#453114,31.1412,38.1451,54.61,0.0354,#733a18,50.2373,57.0778,58.98,0.0329,#b56121,68.2647,61.3619,73.76,0.0251,#dd9937,74.2966,40.9316,93.06,0.0127,#ccb66b
37,P01,2718281,baseline,baseline,none,0.0,C:\StabilityMatrix-win-x64\Data\Packages\ComfyUI\output\benchmark_rotations_clean_v2\renders\P01_s2718281_baseline_00001_.png,P01_s2718281_baseline_00001_.png,,52e5b19ca6,P01_s2718281_baseline_00001_.png,1024,1280,61.1063,10.7935,80.19,0.0646,#9e9281,2.5269,0.8253,24.94,0.3561,#0b0908,0.953,81.2172,12.3131,5,0.3923,49.0305,1.8784,0.4464,16.06,0.3461,#080707,40.61,30.9171,33.63,0.0462,#8e4e45,44.1018,21.1007,269.0,0.0175,#506a8b,58.8457,49.4768,47.42,0.0296,#d2744f,76.1462,44.6626,73.15,0.0161,#eab16d,83.0955,12.2935,93.58,0.0113,#d7cfb8
38,P01,2718281,scrA_neg,scrA_neg_high,high,-15.0,C:\StabilityMatrix-win-x64\Data\Packages\ComfyUI\output\benchmark_rotations_clean_v2\renders\P01_s2718281_scrA_neg_high_00001_.png,P01_s2718281_scrA_neg_high_00001_.png,,52e5b19ca6,P01_s2718281_scrA_neg_high_00001_.png,1024,1280,55.6609,8.4265,70.87,0.0644,#908378,2.9803,1.1954,347.21,0.2629,#0d0a0b,0.9496,83.683,10.318,5,0.3407,46.8701,2.4697,1.0093,346.3,0.2578,#0b080a,36.0585,22.1476,29.23,0.039,#774844,38.3507,10.7175,52.38,0.083,#6a564d,51.0299,35.6351,39.35,0.0298,#af6654,65.2864,47.8794,51.66,0.0173,#e1885d,86.1527,27.0152,85.12,0.009,#efd4a5
39,P01,2718281,scrA_neg,scrA_neg_low,low,-5.0,C:\StabilityMatrix-win-x64\Data\Packages\ComfyUI\output\benchmark_rotations_clean_v2\renders\P01_s2718281_scrA_neg_low_00001_.png,P01_s2718281_scrA_neg_low_00001_.png,,52e5b19ca6,P01_s2718281_scrA_neg_low_00001_.png,1024,1280,60.1152,9.4684,83.5,0.0568,#9a9080,3.2795,0.9818,15.13,0.336,#0e0b0b,0.9499,81.5266,8.0791,6,0.4067,47.113,2.1238,0.4971,9.41,0.3086,#090708,34.0247,15.5459,40.77,0.0982,#674940,47.1067,33.9771,35.92,0.0393,#a35c50,60.0348,47.6101,48.69,0.0248,#d37953,75.074,43.9474,70.58,0.0145,#e9ad6d,83.6504,13.5689,92.49,0.0071,#dad0b7
40,P01,2718281,scrA_neg,scrA_neg_mid,mid,-10.0,C:\StabilityMatrix-win-x64\Data\Packages\ComfyUI\output\benchmark_rotations_clean_v2\renders\P01_s2718281_scrA_neg_mid_00001_.png,P01_s2718281_scrA_neg_mid_00001_.png,,52e5b19ca6,P01_s2718281_scrA_neg_mid_00001_.png,1024,1280,58.362,8.2362,82.34,0.056,#948b7e,3.1954,1.0133,4.48,0.3134,#0e0b0b,0.9489,84.6966,9.5543,6,0.3702,45.6787,2.2814,0.6846,359.24,0.2939,#0a0808,34.31,21.6913,30.23,0.0357,#724540,43.3701,13.7259,52.78,0.0763,#7b6155,49.0008,35.4999,36.88,0.0283,#aa6052,64.0928,46.3633,52.63,0.0291,#db865b,86.978,30.3876,86.03,0.0072,#f3d7a1
41,P01,2718281,scrA_pos,scrA_pos_high,high,15.0,C:\StabilityMatrix-win-x64\Data\Packages\ComfyUI\output\benchmark_rotations_clean_v2\renders\P01_s2718281_scrA_pos_high_00001_.png,P01_s2718281_scrA_pos_high_00001_.png,,52e5b19ca6,P01_s2718281_scrA_pos_high_00001_.png,1024,1280,74.7806,46.1567,64.5,0.0338,#f0a96c,1.7641,0.7974,4.97,0.3791,#090606,0.9856,85.508,9.4138,6,0.4081,55.7597,1.0618,0.4651,3.22,0.3537,#050404,30.9925,28.378,23.8,0.0323,#723738,42.7381,44.9982,35.08,0.0279,#a4493c,52.8508,20.9993,51.2,0.0544,#9d7563,59.6887,56.2247,46.58,0.0283,#dd724a,86.5698,32.8771,83.6,0.0141,#f5d49b
42,P01,2718281,scrA_pos,scrA_pos_low,low,5.0,C:\StabilityMatrix-win-x64\Data\Packages\ComfyUI\output\benchmark_rotations_clean_v2\renders\P01_s2718281_scrA_pos_low_00001_.png,P01_s2718281_scrA_pos_low_00001_.png,,52e5b19ca6,P01_s2718281_scrA_pos_low_00001_.png,1024,1280,61.5665,11.3718,74.75,0.0663,#a29282,2.2293,0.8064,10.25,0.3685,#0a0808,0.9535,81.5362,12.4718,6,0.405,49.3088,1.3216,0.3713,359.49,0.3466,#060505,41.4202,32.515,31.47,0.0367,#934e47,47.8457,18.8873,50.6,0.0585,#8d6a5a,58.302,49.6801,44.36,0.0343,#d37151,75.4456,46.8675,70.17,0.0166,#edad69,82.8578,10.3982,93.22,0.0141,#d5cebb
43,P01,2718281,scrA_pos,scrA_pos_mid,mid,10.0,C:\StabilityMatrix-win-x64\Data\Packages\ComfyUI\output\benchmark_rotations_clean_v2\renders\P01_s2718281_scrA_pos_mid_00001_.png,P01_s2718281_scrA_pos_mid_00001_.png,,52e5b19ca6,P01_s2718281_scrA_pos_mid_00001_.png,1024,1280,65.4525,10.7964,76.35,0.0647,#ab9d8c,2.3127,0.9255,5.35,0.354,#0b0808,0.9597,83.4468,10.6358,5,0.3937,54.8507,1.4519,0.5434,3.8,0.3349,#070505,37.6423,29.9217,30.0,0.0484,#854742,42.6233,14.4283,48.49,0.0588,#7a5f53,55.5685,55.3942,42.81,0.0275,#d26546,73.8395,47.4932,64.78,0.0235,#eea667,84.8987,27.9884,85.81,0.0135,#ebd1a0
44,P01,2718281,scrB_neg,scrB_neg_high,high,-15.0,C:\StabilityMatrix-win-x64\Data\Packages\ComfyUI\output\benchmark_rotations_clean_v2\renders\P01_s2718281_scrB_neg_high_00001_.png,P01_s2718281_scrB_neg_high_00001_.png,,52e5b19ca6,P01_s2718281_scrB_neg_high_00001_.png,1024,1280,65.0083,62.9275,78.77,0.0955,#cd9325,12.7399,19.9208,113.55,0.1968,#1f2301,0.9265,69.6668,9.2787,5,0.3571,58.965,12.3293,19.5502,114.11,0.1996,#1e2301,41.6476,44.4193,75.52,0.1338,#845a16,47.9713,33.7521,89.26,0.1575,#847038,50.5423,68.1033,53.88,0.0339,#c55814,65.8615,75.5581,65.66,0.0505,#eb8713,81.9961,78.5152,87.38,0.009,#f7c623
45,P01,2718281,scrB_neg,scrB_neg_low,low,-5.0,C:\StabilityMatrix-win-x64\Data\Packages\ComfyUI\output\benchmark_rotations_clean_v2\renders\P01_s2718281_scrB_neg_low_00001_.png,P01_s2718281_scrB_neg_low_00001_.png,,52e5b19ca6,P01_s2718281_scrB_neg_low_00001_.png,1024,1280,75.2267,25.2851,95.66,0.0572,#c6b98b,4.2001,4.2812,117.0,0.2944,#0e1006,0.9608,83.8429,14.3006,6,0.3491,60.9662,3.764,4.1626,119.48,0.2893,#0c0e05,48.4999,38.9917,51.76,0.0597,#a66240,55.4232,60.5129,49.37,0.0307,#d26636,69.4696,65.1287,66.36,0.0257,#ee9539,81.4917,61.7673,85.14,0.0144,#f4c453,87.6069,18.7366,106.18,0.0105,#e0ddb9
46,P01,2718281,scrB_neg,scrB_neg_mid,mid,-10.0,C:\StabilityMatrix-win-x64\Data\Packages\ComfyUI\output\benchmark_rotations_clean_v2\renders\P01_s2718281_scrB_neg_mid_00001_.png,P01_s2718281_scrB_neg_mid_00001_.png,,52e5b19ca6,P01_s2718281_scrB_neg_mid_00001_.png,1024,1280,72.7818,16.229,151.07,0.0331,#9dbaa4,9.4433,14.5606,122.06,0.2536,#171d04,0.9947,74.537,14.3233,4,0.3661,59.4181,8.9024,14.0162,122.61,0.2323,#161c03,48.5281,58.5421,54.37,0.0497,#b65921,49.2306,46.8479,70.78,0.1337,#9f6a27,65.9489,73.4343,65.49,0.0462,#ea881c,66.5154,18.1486,187.35,0.0176,#79aba5,83.4394,68.9022,88.82,0.0165,#f6cc45
47,P01,2718281,scrB_pos,scrB_pos_high,high,15.0,C:\StabilityMatrix-win-x64\Data\Packages\ComfyUI\output\benchmark_rotations_clean_v2\renders\P01_s2718281_scrB_pos_high_00001_.png,P01_s2718281_scrB_pos_high_00001_.png,,52e5b19ca6,P01_s2718281_scrB_pos_high_00001_.png,1024,1280,25.0652,26.6915,303.96,0.0364,#40355d,0.1988,2.5392,296.07,0.3717,#010006,0.9614,57.3343,9.0959,4,0.4756,44.5327,0.114,1.8135,293.42,0.3192,#000004,2.275,15.0896,300.43,0.1564,#0d041d,6.205,32.759,300.79,0.0622,#0f0d39,12.9148,28.2763,340.74,0.0235,#3e0f2f,37.8622,46.3462,20.26,0.0062,#9c3541,57.4483,35.4864,29.06,0.0045,#c5746d
48,P01,2718281,scrB_pos,scrB_pos_low,low,5.0,C:\StabilityMatrix-win-x64\Data\Packages\ComfyUI\output\benchmark_rotations_clean_v2\renders\P01_s2718281_scrB_pos_low_00001_.png,P01_s2718281_scrB_pos_low_00001_.png,,52e5b19ca6,P01_s2718281_scrB_pos_low_00001_.png,1024,1280,49.464,38.2118,29.38,0.03,#b15d58,1.2435,2.3679,312.66,0.3935,#070309,0.9787,82.1453,7.5158,5,0.5224,36.7977,0.7166,1.9485,309.58,0.3652,#040206,17.7037,14.7255,303.45,0.1572,#2e283d,34.5276,29.5684,283.79,0.0144,#3e507f,37.553,28.8201,12.63,0.0262,#85454f,63.7286,38.7462,48.37,0.0093,#d48868,82.8619,24.4776,72.95,0.0063,#ecc8a3
49,P01,2718281,scrB_pos,scrB_pos_mid,mid,10.0,C:\StabilityMatrix-win-x64\Data\Packages\ComfyUI\output\benchmark_rotations_clean_v2\renders\P01_s2718281_scrB_pos_mid_00001_.png,P01_s2718281_scrB_pos_mid_00001_.png,,52e5b19ca6,P01_s2718281_scrB_pos_mid_00001_.png,1024,1280,36.8499,13.295,303.72,0.0488,#5a5468,0.4882,2.948,300.17,0.3641,#030108,0.9472,69.9067,6.6523,5,0.4648,39.6643,0.267,2.2256,298.85,0.3275,#020006,10.7286,24.5084,298.42,0.1374,#1a193a,13.8177,22.524,339.86,0.0433,#3a172e,29.9336,34.0649,7.25,0.0249,#772e41,47.7827,41.8899,28.27,0.0109,#b15652,70.1737,26.3094,46.66,0.0062,#d79f8a
50,P01,3141592,B1_neg,B1_neg_high,high,-15.0,C:\StabilityMatrix-win-x64\Data\Packages\ComfyUI\output\benchmark_rotations_clean_v2\renders\P01_s3141592_B1_neg_high_00001_.png,P01_s3141592_B1_neg_high_00001_.png,,52e5b19ca6,P01_s3141592_B1_neg_high_00001_.png,1024,1280,56.6048,13.1261,66.42,0.0795,#998473,3.9241,1.0751,44.35,0.2851,#100d0c,0.9436,77.3908,6.7458,5,0.3868,52.0304,2.8309,0.6285,61.94,0.262,#0c0a09,24.6375,7.3366,266.02,0.1248,#343b45,36.2308,30.9882,36.01,0.0565,#814439,41.1286,16.3637,55.81,0.0647,#775b4b,56.9778,52.6589,46.87,0.0312,#d06d47,80.2217,42.1165,72.19,0.0193,#f5bc7c
51,P01,3141592,B1_neg,B1_neg_low,low,-5.0,C:\StabilityMatrix-win-x64\Data\Packages\ComfyUI\output\benchmark_rotations_clean_v2\renders\P01_s3141592_B1_neg_low_00001_.png,P01_s3141592_B1_neg_low_00001_.png,,52e5b19ca6,P01_s3141592_B1_neg_low_00001_.png,1024,1280,61.0954,47.1929,49.24,0.0339,#d57c56,3.2482,1.088,45.46,0.3274,#0e0b0a,0.9803,86.3035,8.1919,6,0.4566,44.4442,2.2914,0.6567,57.53,0.2972,#0a0807,29.2379,11.7843,44.69,0.1594,#564038,34.6292,23.4015,30.47,0.0457,#754440,48.3447,36.5482,36.95,0.0256,#aa5e4f,74.4639,45.1009,65.65,0.0168,#eda96c,88.595,24.1072,86.23,0.0095,#f3dcb1
52,P01,3141592,B1_neg,B1_neg_mid,mid,-10.0,C:\StabilityMatrix-win-x64\Data\Packages\ComfyUI\output\benchmark_rotations_clean_v2\renders\P01_s3141592_B1_neg_mid_00001_.png,P01_s3141592_B1_neg_mid_00001_.png,,52e5b19ca6,P01_s3141592_B1_neg_mid_00001_.png,1024,1280,57.815,51.0425,46.39,0.0379,#d2704c,2.567,1.0268,41.5,0.3114,#0c0908,0.9776,82.2667,10.7827,5,0.4477,47.0806,1.7749,0.6249,53.31,0.2906,#080605,28.2094,13.7046,42.5,0.1571,#563d35,33.5514,28.4052,31.69,0.0505,#783f39,55.0293,47.7055,45.33,0.017,#c66b4b,56.7798,18.4576,251.1,0.0142,#698da6,84.0415,38.0348,80.84,0.0154,#f4cc8b
53,P01,3141592,B1_pos,B1_pos_high,high,15.0,C:\StabilityMatrix-win-x64\Data\Packages\ComfyUI\output\benchmark_rotations_clean_v2\renders\P01_s3141592_B1_pos_high_00001_.png,P01_s3141592_B1_pos_high_00001_.png,,52e5b19ca6,P01_s3141592_B1_pos_high_00001_.png,1024,1280,58.0463,49.6894,45.99,0.0458,#d1714f,3.278,1.3311,5.4,0.3019,#0f0b0c,0.9826,83.6952,10.8831,6,0.3027,55.4515,1.8369,0.8339,2.63,0.2646,#090607,39.2009,32.5348,26.7,0.0381,#8d4846,52.0213,56.2854,37.57,0.0142,#cc5844,67.9769,42.3956,59.64,0.0163,#dd9664,73.2843,17.457,242.98,0.0226,#92bad0,85.5321,24.4935,87.02,0.014,#ead3a8
54,P01,3141592,B1_pos,B1_pos_low,low,5.0,C:\StabilityMatrix-win-x64\Data\Packages\ComfyUI\output\benchmark_rotations_clean_v2\renders\P01_s3141592_B1_pos_low_00001_.png,P01_s3141592_B1_pos_low_00001_.png,,52e5b19ca6,P01_s3141592_B1_pos_low_00001_.png,1024,1280,62.2153,9.8815,77.23,0.0566,#a19486,3.0062,0.9436,21.51,0.3205,#0d0a0a,0.9516,82.8939,11.624,6,0.3467,45.5098,1.9985,0.5492,12.33,0.3018,#090707,41.3914,24.4954,34.23,0.0448,#88544c,53.9065,46.0591,39.04,0.0213,#c56651,65.3368,44.603,54.83,0.0279,#db8c5e,78.2429,42.647,74.1,0.0165,#eeb875,84.8924,11.2171,95.45,0.0098,#dbd4bf
55,P01,3141592,B1_pos,B1_pos_mid,mid,10.0,C:\StabilityMatrix-win-x64\Data\Packages\ComfyUI\output\benchmark_rotations_clean_v2\renders\P01_s3141592_B1_pos_mid_00001_.png,P01_s3141592_B1_pos_mid_00001_.png,,52e5b19ca6,P01_s3141592_B1_pos_mid_00001_.png,1024,1280,62.4325,10.9071,81.86,0.0501,#a29584,4.0136,1.5114,10.22,0.2862,#110d0e,0.9616,77.092,14.4646,4,0.3372,48.5593,2.8462,1.02,2.86,0.2615,#0d0a0a,43.915,30.5055,34.85,0.05,#96574c,44.6136,19.5435,269.06,0.0286,#546b8a,48.1651,19.5486,52.05,0.0756,#8f6a59,60.1632,49.5793,47.15,0.0365,#d67853,79.9382,32.5391,78.74,0.0209,#e6c08b
56,P01,3141592,B6_neg,B6_neg_high,high,-15.0,C:\StabilityMatrix-win-x64\Data\Packages\ComfyUI\output\benchmark_rotations_clean_v2\renders\P01_s3141592_B6_neg_high_00001_.png,P01_s3141592_B6_neg_high_00001_.png,,52e5b19ca6,P01_s3141592_B6_neg_high_00001_.png,1024,1280,50.1644,37.2062,331.26,0.039,#a06396,6.3009,26.3963,299.68,0.0851,#110f32,0.9653,60.5116,5.9582,6,0.2021,18.4397,3.6387,21.7952,296.36,0.0382,#0c0828,9.7129,30.9256,301.76,0.0825,#19153f,31.7347,36.582,313.46,0.0668,#5d3d75,47.321,40.2349,294.15,0.1196,#676aae,54.4257,39.7187,352.51,0.0127,#be668c,64.1503,38.6496,15.61,0.0117,#de808b
57,P01,3141592,B6_neg,B6_neg_low,low,-5.0,C:\StabilityMatrix-win-x64\Data\Packages\ComfyUI\output\benchmark_rotations_clean_v2\renders\P01_s3141592_B6_neg_low_00001_.png,P01_s3141592_B6_neg_low_00001_.png,,52e5b19ca6,P01_s3141592_B6_neg_low_00001_.png,1024,1280,59.6158,3.2969,16.18,0.0574,#968e8e,3.7326,4.4981,303.8,0.3328,#0f0c14,0.9511,78.8957,10.2401,5,0.3994,39.019,2.723,4.1027,301.2,0.3063,#0b0911,35.3602,21.7937,9.33,0.0374,#75464e,35.6701,16.5163,279.21,0.0931,#49546e,51.0118,34.1262,28.25,0.0186,#b0645f,66.0276,43.1217,46.92,0.0187,#e18b6a,81.6186,24.5066,70.18,0.0123,#eac4a0
58,P01,3141592,B6_neg,B6_neg_mid,mid,-10.0,C:\StabilityMatrix-win-x64\Data\Packages\ComfyUI\output\benchmark_rotations_clean_v2\renders\P01_s3141592_B6_neg_mid_00001_.png,P01_s3141592_B6_neg_mid_00001_.png,,52e5b19ca6,P01_s3141592_B6_neg_mid_00001_.png,1024,1280,51.835,13.7277,308.86,0.0598,#82778e,3.3448,11.037,297.52,0.2141,#0e091b,0.9499,74.017,10.7767,5,0.2508,36.3195,2.7991,10.06,296.51,0.1781,#0b0819,33.7855,23.3429,289.69,0.0727,#484d72,35.9763,23.6842,341.11,0.0525,#724761,41.9044,34.6199,9.6,0.0189,#984b5b,53.5777,46.3796,28.29,0.0133,#c8615c,76.8161,35.2042,56.03,0.006,#f1af89
59,P01,3141592,B6_pos,B6_pos_high,high,15.0,C:\StabilityMatrix-win-x64\Data\Packages\ComfyUI\output\benchmark_rotations_clean_v2\renders\P01_s3141592_B6_pos_high_00001_.png,P01_s3141592_B6_pos_high_00001_.png,,52e5b19ca6,P01_s3141592_B6_pos_high_00001_.png,1024,1280,68.9498,57.5467,83.94,0.0303,#cea23b,0.9794,1.5461,65.93,0.4314,#070300,0.9862,79.2289,14.818,4,0.4616,59.1706,0.3869,0.7054,54.46,0.3734,#030100,19.535,36.7126,50.03,0.0173,#551f02,22.7918,28.6893,80.43,0.0882,#483309,35.2469,50.9024,56.06,0.0185,#873e0a,36.9787,14.7672,115.56,0.0308,#555941,79.6158,59.876,95.44,0.0079,#dcc651
60,P01,3141592,B6_pos,B6_pos_low,low,5.0,C:\StabilityMatrix-win-x64\Data\Packages\ComfyUI\output\benchmark_rotations_clean_v2\renders\P01_s3141592_B6_pos_low_00001_.png,P01_s3141592_B6_pos_low_00001_.png,,52e5b19ca6,P01_s3141592_B6_pos_low_00001_.png,1024,1280,61.2693,55.5836,59.96,0.0422,#d57f3e,2.6855,2.5443,104.72,0.3474,#0b0a04,0.979,85.0917,10.9986,5,0.4105,50.9958,2.5303,2.4623,107.12,0.3483,#0a0a03,38.0109,33.8326,48.03,0.0621,#854a32,48.4447,51.9643,48.52,0.0237,#b55932,51.1542,29.0023,76.61,0.0608,#94754a,71.9316,53.4581,74.25,0.0196,#e2a451,87.6221,41.9391,93.71,0.0107,#f2db8b
61,P01,3141592,B6_pos,B6_pos_mid,mid,10.0,C:\StabilityMatrix-win-x64\Data\Packages\ComfyUI\output\benchmark_rotations_clean_v2\renders\P01_s3141592_B6_pos_mid_00001_.png,P01_s3141592_B6_pos_mid_00001_.png,,52e5b19ca6,P01_s3141592_B6_pos_mid_00001_.png,1024,1280,56.0478,54.1176,65.76,0.0406,#bd762e,2.4178,3.3316,106.43,0.2846,#0a0901,0.9732,80.8431,11.6328,4,0.4104,58.497,2.1827,3.1004,107.4,0.2782,#090801,29.6185,13.9371,101.4,0.1057,#494631,32.2821,28.9828,76.12,0.1322,#62471f,37.0366,44.1611,56.5,0.043,#87461b,68.5105,61.5974,75.9,0.0191,#db9b35,83.0258,54.0879,93.24,0.0099,#e9ce66
62,P01,3141592,baseline,baseline,none,0.0,C:\StabilityMatrix-win-x64\Data\Packages\ComfyUI\output\benchmark_rotations_clean_v2\renders\P01_s3141592_baseline_00001_.png,P01_s3141592_baseline_00001_.png,,52e5b19ca6,P01_s3141592_baseline_00001_.png,1024,1280,61.1388,9.0116,74.74,0.0563,#9e9284,2.7227,0.8434,13.66,0.3606,#0c0909,0.9561,80.7723,10.6612,5,0.4175,47.2389,1.8678,0.487,357.87,0.3432,#080607,37.5694,24.607,31.76,0.0339,#7e4b45,47.7519,18.4069,57.11,0.0743,#8b6b58,52.0812,41.8861,39.62,0.0216,#ba6550,65.2178,47.726,54.2,0.0225,#de895a,82.6401,34.9755,80.06,0.0193,#efc88d
63,P01,3141592,scrA_neg,scrA_neg_high,high,-15.0,C:\StabilityMatrix-win-x64\Data\Packages\ComfyUI\output\benchmark_rotations_clean_v2\renders\P01_s3141592_scrA_neg_high_00001_.png,P01_s3141592_scrA_neg_high_00001_.png,,52e5b19ca6,P01_s3141592_scrA_neg_high_00001_.png,1024,1280,57.7329,2.1543,108.27,0.0656,#8b8b87,3.3214,1.2215,6.97,0.2348,#0f0b0c,0.9688,80.9573,12.0558,5,0.2664,42.2104,2.7397,0.9043,348.62,0.221,#0c090a,39.3303,26.1422,31.25,0.0446,#854e48,52.416,18.332,60.35,0.0454,#967762,59.7832,43.1147,47.16,0.0267,#ce7a5a,62.0652,13.2895,244.4,0.0174,#7e9aab,83.697,30.8676,81.12,0.0109,#eecc98
64,P01,3141592,scrA_neg,scrA_neg_low,low,-5.0,C:\StabilityMatrix-win-x64\Data\Packages\ComfyUI\output\benchmark_rotations_clean_v2\renders\P01_s3141592_scrA_neg_low_00001_.png,P01_s3141592_scrA_neg_low_00001_.png,,52e5b19ca6,P01_s3141592_scrA_neg_low_00001_.png,1024,1280,59.595,10.2019,79.55,0.0578,#9a8e7e,3.2401,1.0151,13.66,0.3332,#0e0b0b,0.9494,82.7488,9.785,5,0.4136,44.7641,2.1843,0.5969,359.85,0.3077,#0a0808,35.2742,12.902,49.72,0.106,#664e44,38.903,24.2187,32.0,0.0423,#814e48,56.8266,45.361,45.85,0.0324,#c97151,74.3333,42.076,66.64,0.0177,#e9aa70,84.9331,13.9537,92.76,0.01,#ded4ba
65,P01,3141592,scrA_neg,scrA_neg_mid,mid,-10.0,C:\StabilityMatrix-win-x64\Data\Packages\ComfyUI\output\benchmark_rotations_clean_v2\renders\P01_s3141592_scrA_neg_mid_00001_.png,P01_s3141592_scrA_neg_mid_00001_.png,,52e5b19ca6,P01_s3141592_scrA_neg_mid_00001_.png,1024,1280,59.987,8.0074,85.5,0.0508,#989083,3.709,1.0545,0.78,0.2786,#0f0d0d,0.9542,81.1368,7.6831,5,0.3622,45.4332,2.4891,0.6885,357.92,0.2475,#0b0909,27.7327,9.2202,28.97,0.1147,#503d3b,46.5847,16.1348,51.74,0.0692,#86685a,48.801,34.5569,38.09,0.03,#a86151,64.2328,46.1217,54.15,0.0225,#da885a,83.6259,28.4672,81.87,0.0146,#ebcc9c
66,P01,3141592,scrA_pos,scrA_pos_high,high,15.0,C:\StabilityMatrix-win-x64\Data\Packages\ComfyUI\output\benchmark_rotations_clean_v2\renders\P01_s3141592_scrA_pos_high_00001_.png,P01_s3141592_scrA_pos_high_00001_.png,,52e5b19ca6,P01_s3141592_scrA_pos_high_00001_.png,1024,1280,61.9579,9.7894,71.91,0.0451,#a29385,2.0128,0.9647,356.72,0.3429,#0a0708,0.9695,86.8268,5.7559,6,0.3691,57.0297,1.301,0.6348,350.22,0.3265,#060405,28.7083,26.1956,27.99,0.0426,#693432,46.7095,38.8944,36.59,0.0297,#a85849,59.9559,57.6645,46.3,0.0291,#df7149,77.6425,44.2401,70.51,0.0201,#f1b473,88.1277,14.1824,94.83,0.0113,#e6ddc2
67,P01,3141592,scrA_pos,scrA_pos_low,low,5.0,C:\StabilityMatrix-win-x64\Data\Packages\ComfyUI\output\benchmark_rotations_clean_v2\renders\P01_s3141592_scrA_pos_low_00001_.png,P01_s3141592_scrA_pos_low_00001_.png,,52e5b19ca6,P01_s3141592_scrA_pos_low_00001_.png,1024,1280,61.0657,11.0472,67.59,0.0624,#a29082,2.7561,1.0076,14.85,0.3462,#0d0909,0.9548,84.2458,7.0926,6,0.4732,49.2345,1.8805,0.618,6.23,0.3287,#090607,29.3955,11.955,36.57,0.1445,#58403b,38.3498,27.6833,31.43,0.0492,#844a44,59.6186,49.8526,46.57,0.0314,#d67652,76.7488,43.49,71.06,0.0208,#edb272,86.1264,14.6518,89.77,0.01,#e3d6bc
68,P01,3141592,scrA_pos,scrA_pos_mid,mid,10.0,C:\StabilityMatrix-win-x64\Data\Packages\ComfyUI\output\benchmark_rotations_clean_v2\renders\P01_s3141592_scrA_pos_mid_00001_.png,P01_s3141592_scrA_pos_mid_00001_.png,,52e5b19ca6,P01_s3141592_scrA_pos_mid_00001_.png,1024,1280,60.6054,13.9613,69.64,0.0694,#a48f7b,2.3636,1.004,15.38,0.3467,#0b0808,0.9536,84.9179,10.8926,6,0.3873,56.8443,1.5898,0.607,9.65,0.3343,#070506,38.7807,33.1174,31.28,0.053,#8c4841,48.1869,20.0465,266.78,0.0316,#5b7594,54.2398,57.4512,39.35,0.0243,#d35e45,72.1858,48.2412,61.57,0.0181,#ed9f64,86.5077,33.2194,86.06,0.0143,#f3d59a
69,P01,3141592,scrB_neg,scrB_neg_high,high,-15.0,C:\StabilityMatrix-win-x64\Data\Packages\ComfyUI\output\benchmark_rotations_clean_v2\renders\P01_s3141592_scrB_neg_high_00001_.png,P01_s3141592_scrB_neg_high_00001_.png,,52e5b19ca6,P01_s3141592_scrB_neg_high_00001_.png,1024,1280,69.553,75.1127,72.51,0.0465,#eb9813,14.738,22.2502,117.28,0.2039,#202804,0.9721,67.7694,7.6963,5,0.3163,58.5604,12.6793,21.0861,120.86,0.164,#1b2401,35.212,31.4258,87.18,0.1479,#63511f,40.1325,44.498,72.97,0.1523,#825514,47.4195,58.2738,61.74,0.0512,#ab5c13,57.4454,75.0363,58.02,0.0366,#db6a0b,80.4487,79.6465,86.58,0.0091,#f4c116
70,P01,3141592,scrB_neg,scrB_neg_low,low,-5.0,C:\StabilityMatrix-win-x64\Data\Packages\ComfyUI\output\benchmark_rotations_clean_v2\renders\P01_s3141592_scrB_neg_low_00001_.png,P01_s3141592_scrB_neg_low_00001_.png,,52e5b19ca6,P01_s3141592_scrB_neg_low_00001_.png,1024,1280,67.7991,61.6998,62.36,0.0501,#eb8f41,4.6216,4.8344,112.64,0.286,#101106,0.9698,77.7928,13.3498,5,0.4167,55.329,3.9569,4.5792,117.54,0.2702,#0d0f04,40.936,28.054,66.18,0.1465,#7e5937,46.8238,40.5798,50.89,0.0642,#a35d3b,57.0207,15.7703,229.7,0.0189,#678f9d,57.3524,59.9082,51.06,0.0188,#d56c39,81.7497,52.7544,84.47,0.0309,#f2c567
71,P01,3141592,scrB_neg,scrB_neg_mid,mid,-10.0,C:\StabilityMatrix-win-x64\Data\Packages\ComfyUI\output\benchmark_rotations_clean_v2\renders\P01_s3141592_scrB_neg_mid_00001_.png,P01_s3141592_scrB_neg_mid_00001_.png,,52e5b19ca6,P01_s3141592_scrB_neg_mid_00001_.png,1024,1280,70.1984,72.9758,70.94,0.0596,#ee9921,9.9637,14.2576,122.65,0.2138,#181e07,0.9631,73.7951,12.3164,4,0.33,56.7806,8.7843,13.5218,125.59,0.1913,#151c05,43.2547,42.1075,72.99,0.1387,#895d21,45.5884,53.2693,58.16,0.0707,#a5571e,49.4802,26.4036,90.78,0.1232,#847449,59.2831,69.5291,58.85,0.0263,#db721f,82.5793,70.3024,89.07,0.0206,#f3c93f
72,P01,3141592,scrB_pos,scrB_pos_high,high,15.0,C:\StabilityMatrix-win-x64\Data\Packages\ComfyUI\output\benchmark_rotations_clean_v2\renders\P01_s3141592_scrB_pos_high_00001_.png,P01_s3141592_scrB_pos_high_00001_.png,,52e5b19ca6,P01_s3141592_scrB_pos_high_00001_.png,1024,1280,22.011,23.5899,304.44,0.0412,#392f52,0.1308,1.8683,294.84,0.36,#010005,0.945,57.2994,8.3602,4,0.4163,40.3433,0.0701,1.2243,292.21,0.3046,#000003,2.3398,16.8951,296.63,0.1118,#0a0420,6.4701,29.7271,301.56,0.0346,#120e36,17.1535,29.9248,351.79,0.0187,#4d1531,31.7344,41.5676,15.38,0.009,#852a3b,57.3695,36.3723,34.86,0.0043,#c47467
73,P01,3141592,scrB_pos,scrB_pos_low,low,5.0,C:\StabilityMatrix-win-x64\Data\Packages\ComfyUI\output\benchmark_rotations_clean_v2\renders\P01_s3141592_scrB_pos_low_00001_.png,P01_s3141592_scrB_pos_low_00001_.png,,52e5b19ca6,P01_s3141592_scrB_pos_low_00001_.png,1024,1280,50.6925,4.4394,339.18,0.0513,#7f767b,1.288,2.2383,309.77,0.3749,#060409,0.9477,73.3257,6.4137,6,0.4991,37.0162,0.7225,1.7839,308.53,0.3554,#040206,20.3457,9.1092,343.58,0.1437,#3c2d35,29.25,22.8636,7.77,0.0287,#673741,34.3403,16.4096,283.2,0.0439,#48506a,53.1032,38.8001,33.89,0.0205,#bb675b,74.0483,24.9485,61.1,0.0145,#daad8f
74,P01,3141592,scrB_pos,scrB_pos_mid,mid,10.0,C:\StabilityMatrix-win-x64\Data\Packages\ComfyUI\output\benchmark_rotations_clean_v2\renders\P01_s3141592_scrB_pos_mid_00001_.png,P01_s3141592_scrB_pos_mid_00001_.png,,52e5b19ca6,P01_s3141592_scrB_pos_mid_00001_.png,1024,1280,35.8377,13.977,302.45,0.0428,#575167,0.5137,2.8431,300.1,0.3817,#030108,0.9512,81.5357,8.7674,5,0.4428,38.8129,0.3198,2.3286,299.26,0.3588,#020006,14.4269,22.0136,294.58,0.0841,#202241,14.4606,22.7337,341.91,0.0322,#3c172f,37.6738,41.1415,20.49,0.0122,#953b43,59.9502,39.9948,41.4,0.0056,#ce7b64,81.8555,21.4006,71.25,0.0032,#e7c6a6
75,P02,1618033,B1_neg,B1_neg_high,high,-15.0,C:\StabilityMatrix-win-x64\Data\Packages\ComfyUI\output\benchmark_rotations_clean_v2\renders\P02_s1618033_B1_neg_high_00001_.png,P02_s1618033_B1_neg_high_00001_.png,,7919c95fcf,P02_s1618033_B1_neg_high_00001_.png,1024,1280,87.5171,11.8638,101.72,0.094,#e0dcc5,7.6679,2.644,71.61,0.2257,#1a1613,0.8803,74.0113,8.8373,5,0.3527,32.0923,5.7731,2.1728,64.95,0.1976,#16120f,33.2887,10.4872,135.68,0.0616,#475143,46.4534,34.265,49.96,0.0549,#9c5f43,55.7393,24.3783,121.62,0.0491,#7d8b61,58.2673,15.7113,75.54,0.0506,#9d8972,79.7845,11.4725,188.08,0.1551,#acccc8
76,P02,1618033,B1_neg,B1_neg_low,low,-5.0,C:\StabilityMatrix-win-x64\Data\Packages\ComfyUI\output\benchmark_rotations_clean_v2\renders\P02_s1618033_B1_neg_low_00001_.png,P02_s1618033_B1_neg_low_00001_.png,,7919c95fcf,P02_s1618033_B1_neg_low_00001_.png,1024,1280,88.352,11.4261,100.38,0.098,#e3dec8,5.8597,1.6892,73.91,0.2315,#151310,0.8629,77.5419,8.5858,5,0.3661,36.4624,4.4047,1.3308,64.41,0.2244,#110f0d,25.4097,11.9668,50.74,0.0412,#4c382f,44.8243,37.7932,43.44,0.0362,#9e5740,50.6212,30.8658,74.84,0.0145,#957246,55.5893,26.4265,125.82,0.0579,#788c5f,81.9466,11.8894,184.33,0.1418,#b2d2cd
77,P02,1618033,B1_neg,B1_neg_mid,mid,-10.0,C:\StabilityMatrix-win-x64\Data\Packages\ComfyUI\output\benchmark_rotations_clean_v2\renders\P02_s1618033_B1_neg_mid_00001_.png,P02_s1618033_B1_neg_mid_00001_.png,,7919c95fcf,P02_s1618033_B1_neg_mid_00001_.png,1024,1280,87.4431,12.2963,99.62,0.0975,#e1dbc4,6.9846,2.3905,84.98,0.2428,#171512,0.8843,74.7822,11.7249,6,0.3772,35.3722,5.7327,2.0011,82.88,0.2366,#14120f,43.9025,37.3732,45.15,0.0452,#9a553d,52.1944,30.2005,78.67,0.0154,#96784a,59.5304,27.612,123.32,0.0402,#849666,71.7777,20.1841,66.52,0.0525,#cbaa8f,80.5149,12.4011,185.18,0.1406,#adcfc9
78,P02,1618033,B1_pos,B1_pos_high,high,15.0,C:\StabilityMatrix-win-x64\Data\Packages\ComfyUI\output\benchmark_rotations_clean_v2\renders\P02_s1618033_B1_pos_high_00001_.png,P02_s1618033_B1_pos_high_00001_.png,,7919c95fcf,P02_s1618033_B1_pos_high_00001_.png,1024,1280,90.2312,11.4528,93.35,0.1247,#ebe3cd,3.7733,1.6857,79.13,0.1991,#100d0a,0.8287,85.752,16.8048,6,0.3457,42.9601,2.2646,1.0767,65.12,0.2017,#0b0806,51.832,44.0368,44.26,0.0384,#b96449,56.9317,26.3045,134.78,0.0909,#739167,63.0157,43.7583,77.64,0.0177,#be914b,70.5051,18.5555,61.54,0.0798,#c7a68f,88.0166,10.9815,185.05,0.1439,#c5e3de
79,P02,1618033,B1_pos,B1_pos_low,low,5.0,C:\StabilityMatrix-win-x64\Data\Packages\ComfyUI\output\benchmark_rotations_clean_v2\renders\P02_s1618033_B1_pos_low_00001_.png,P02_s1618033_B1_pos_low_00001_.png,,7919c95fcf,P02_s1618033_B1_pos_low_00001_.png,1024,1280,87.679,12.2681,91.34,0.1028,#e5dbc5,4.4928,1.4277,82.02,0.2271,#110f0d,0.8698,80.7992,17.8756,3,0.3925,33.0612,3.5759,1.1715,73.46,0.2359,#0f0c0a,46.9113,34.2327,44.46,0.0384,#a05e48,49.7502,29.0005,77.57,0.0198,#907146,52.3609,13.6638,74.0,0.0832,#8c7a67,52.5866,24.589,135.23,0.0761,#6a855f,84.3751,10.2107,183.92,0.1566,#bdd8d3
80,P02,1618033,B1_pos,B1_pos_mid,mid,10.0,C:\StabilityMatrix-win-x64\Data\Packages\ComfyUI\output\benchmark_rotations_clean_v2\renders\P02_s1618033_B1_pos_mid_00001_.png,P02_s1618033_B1_pos_mid_00001_.png,,7919c95fcf,P02_s1618033_B1_pos_mid_00001_.png,1024,1280,87.5211,7.3898,140.76,0.2657,#d4ded2,4.6057,1.7158,77.86,0.1733,#120f0d,0.768,86.5637,14.143,5,0.3221,37.3883,3.72,1.4566,64.96,0.2042,#100d0a,42.3184,17.6112,149.71,0.1003,#4e6b55,50.1447,38.8449,44.54,0.0544,#ae634a,52.1009,25.7845,135.49,0.1178,#67845d,60.8266,37.0325,78.47,0.0225,#b38c52,90.2837,15.7701,85.43,0.0348,#f2e1c5
81,P02,1618033,B6_neg,B6_neg_high,high,-15.0,C:\StabilityMatrix-win-x64\Data\Packages\ComfyUI\output\benchmark_rotations_clean_v2\renders\P02_s1618033_B6_neg_high_00001_.png,P02_s1618033_B6_neg_high_00001_.png,,7919c95fcf,P02_s1618033_B6_neg_high_00001_.png,1024,1280,87.9059,13.1169,283.41,0.2403,#d6dcf5,14.5947,35.3799,301.79,0.122,#241d50,0.7642,84.0865,7.4841,5,0.201,42.1887,10.7383,35.3847,303.49,0.0804,#1d1546,31.3407,46.7604,305.7,0.1087,#523d86,47.8747,36.0869,326.23,0.0445,#946094,50.793,31.4377,290.67,0.0924,#6f75ab,75.8435,23.8914,294.33,0.0584,#b9b7e3,94.8248,4.5717,317.44,0.0076,#f4eef6
82,P02,1618033,B6_neg,B6_neg_low,low,-5.0,C:\StabilityMatrix-win-x64\Data\Packages\ComfyUI\output\benchmark_rotations_clean_v2\renders\P02_s1618033_B6_neg_low_00001_.png,P02_s1618033_B6_neg_low_00001_.png,,7919c95fcf,P02_s1618033_B6_neg_low_00001_.png,1024,1280,88.882,6.1218,85.78,0.0804,#e5ded4,5.2014,1.971,307.78,0.2293,#121114,0.857,79.145,14.2625,4,0.3846,24.6348,3.9544,1.9829,306.73,0.2278,#0f0d11,44.5708,9.6858,164.86,0.1569,#5a6e65,48.8785,26.6177,33.38,0.0485,#9f655c,50.8074,20.1814,73.89,0.0153,#8e7558,73.1392,15.5575,41.97,0.019,#d0aca1,83.0994,9.5039,209.55,0.1281,#b9d4d7
83,P02,1618033,B6_neg,B6_neg_mid,mid,-10.0,C:\StabilityMatrix-win-x64\Data\Packages\ComfyUI\output\benchmark_rotations_clean_v2\renders\P02_s1618033_B6_neg_mid_00001_.png,P02_s1618033_B6_neg_mid_00001_.png,,7919c95fcf,P02_s1618033_B6_neg_mid_00001_.png,1024,1280,89.6169,2.901,4.83,0.1002,#e7dfe1,5.0336,8.2122,297.84,0.2212,#120f1b,0.8097,77.1907,14.7348,5,0.3068,24.2072,3.6704,7.4298,295.71,0.2151,#0e0b18,47.2032,20.6487,299.87,0.0515,#726b8e,50.0011,31.637,13.62,0.0355,#ab626c,56.2321,17.2538,44.66,0.0179,#a37f72,72.5588,20.7197,5.16,0.021,#d8a5af,80.861,10.383,244.9,0.0916,#b6ccda
84,P02,1618033,B6_pos,B6_pos_high,high,15.0,C:\StabilityMatrix-win-x64\Data\Packages\ComfyUI\output\benchmark_rotations_clean_v2\renders\P02_s1618033_B6_pos_high_00001_.png,P02_s1618033_B6_pos_high_00001_.png,,7919c95fcf,P02_s1618033_B6_pos_high_00001_.png,1024,1280,80.6657,28.7202,112.11,0.1141,#c7cd96,2.1649,3.2714,78.51,0.213,#0d0700,0.8779,68.642,4.7314,6,0.3108,55.2352,1.3738,2.1321,73.23,0.2103,#090400,22.184,28.8883,80.28,0.0778,#463207,31.051,39.3454,113.43,0.1004,#414f08,46.5098,46.2462,87.98,0.0624,#856b1a,61.9606,57.3673,100.35,0.0285,#a09928,70.0158,25.4143,144.42,0.0892,#8eb590
85,P02,1618033,B6_pos,B6_pos_low,low,5.0,C:\StabilityMatrix-win-x64\Data\Packages\ComfyUI\output\benchmark_rotations_clean_v2\renders\P02_s1618033_B6_pos_low_00001_.png,P02_s1618033_B6_pos_low_00001_.png,,7919c95fcf,P02_s1618033_B6_pos_low_00001_.png,1024,1280,86.4397,19.3548,104.6,0.124,#dddab5,5.2945,4.5763,100.57,0.1797,#141208,0.8618,75.6688,10.1463,5,0.3268,39.493,4.1788,3.843,99.89,0.1811,#110f06,29.1378,23.0666,127.47,0.0425,#384a28,43.942,40.2845,56.71,0.0488,#975830,50.1546,25.8235,87.03,0.096,#88754b,51.9945,43.336,121.25,0.1062,#6a8539,79.8475,16.4719,158.52,0.1457,#acceba
86,P02,1618033,B6_pos,B6_pos_mid,mid,10.0,C:\StabilityMatrix-win-x64\Data\Packages\ComfyUI\output\benchmark_rotations_clean_v2\renders\P02_s1618033_B6_pos_mid_00001_.png,P02_s1618033_B6_pos_mid_00001_.png,,7919c95fcf,P02_s1618033_B6_pos_mid_00001_.png,1024,1280,82.8244,26.645,107.76,0.1227,#d1d19e,5.8464,7.2263,98.27,0.1308,#161304,0.867,69.8639,9.5837,5,0.2531,41.9729,5.7835,7.1705,99.63,0.1494,#161304,37.4247,31.7971,88.92,0.0795,#685623,41.6899,44.0958,67.97,0.0469,#8b571c,49.45,49.1434,113.37,0.0832,#6c7d22,65.0689,46.2771,90.59,0.0563,#b69c49,75.6474,21.3289,145.01,0.1037,#a1c3a3
87,P02,1618033,baseline,baseline,none,0.0,C:\StabilityMatrix-win-x64\Data\Packages\ComfyUI\output\benchmark_rotations_clean_v2\renders\P02_s1618033_baseline_00001_.png,P02_s1618033_baseline_00001_.png,,7919c95fcf,P02_s1618033_baseline_00001_.png,1024,1280,87.8363,12.2177,90.85,0.1024,#e6dbc5,4.7979,1.6395,79.0,0.2194,#12100d,0.8702,80.3682,14.193,5,0.3645,33.0549,3.5608,1.2825,70.67,0.2165,#0f0c0a,46.1664,34.3374,44.37,0.0384,#9e5c46,51.709,31.9279,73.89,0.0151,#9a7547,54.1961,26.5842,127.61,0.0858,#73895d,67.506,20.442,65.26,0.0405,#c09e84,83.929,11.043,181.65,0.148,#bad8d1
88,P02,1618033,scrA_neg,scrA_neg_high,high,-15.0,C:\StabilityMatrix-win-x64\Data\Packages\ComfyUI\output\benchmark_rotations_clean_v2\renders\P02_s1618033_scrA_neg_high_00001_.png,P02_s1618033_scrA_neg_high_00001_.png,,7919c95fcf,P02_s1618033_scrA_neg_high_00001_.png,1024,1280,90.4417,11.5847,103.27,0.1181,#e8e4ce,5.9828,1.5826,82.69,0.1695,#151311,0.8399,78.5992,13.5038,4,0.2971,27.3065,4.4687,1.1541,62.5,0.1685,#110f0d,45.1565,28.4606,43.66,0.042,#945d4b,49.9672,22.6513,131.38,0.0815,#687d59,52.9286,28.1775,81.39,0.0187,#957a4e,69.6901,16.9283,73.18,0.0413,#bea68d,83.0679,11.0216,179.77,0.1286,#b8d5ce
89,P02,1618033,scrA_neg,scrA_neg_low,low,-5.0,C:\StabilityMatrix-win-x64\Data\Packages\ComfyUI\output\benchmark_rotations_clean_v2\renders\P02_s1618033_scrA_neg_low_00001_.png,P02_s1618033_scrA_neg_low_00001_.png,,7919c95fcf,P02_s1618033_scrA_neg_low_00001_.png,1024,1280,89.2177,11.1775,103.49,0.1054,#e4e1cb,5.0679,1.564,91.4,0.1959,#12110e,0.8412,79.4652,14.1286,4,0.3205,29.3123,3.7737,1.2096,82.83,0.197,#0f0d0b,45.5355,30.5219,43.69,0.0394,#985d4a,50.0203,28.898,78.01,0.0196,#907247,52.4246,23.805,132.48,0.0684,#6c845e,64.9747,16.9656,72.23,0.0628,#b29a81,83.2389,10.9129,183.38,0.1235,#b8d6d0
90,P02,1618033,scrA_neg,scrA_neg_mid,mid,-10.0,C:\StabilityMatrix-win-x64\Data\Packages\ComfyUI\output\benchmark_rotations_clean_v2\renders\P02_s1618033_scrA_neg_mid_00001_.png,P02_s1618033_scrA_neg_mid_00001_.png,,7919c95fcf,P02_s1618033_scrA_neg_mid_00001_.png,1024,1280,89.9304,12.4935,98.39,0.1088,#e9e2cb,6.2089,1.8536,81.18,0.2018,#151411,0.8685,79.183,5.2184,6,0.3287,27.3747,4.4525,1.2769,68.12,0.1858,#110f0d,29.4365,11.329,131.84,0.0376,#3e4838,46.64,28.6516,48.17,0.0473,#97624c,55.9459,25.5755,126.89,0.0719,#788d62,69.9114,17.9815,74.04,0.0439,#c0a78c,83.6355,11.298,178.61,0.1429,#b9d7d0
91,P02,1618033,scrA_pos,scrA_pos_high,high,15.0,C:\StabilityMatrix-win-x64\Data\Packages\ComfyUI\output\benchmark_rotations_clean_v2\renders\P02_s1618033_scrA_pos_high_00001_.png,P02_s1618033_scrA_pos_high_00001_.png,,7919c95fcf,P02_s1618033_scrA_pos_high_00001_.png,1024,1280,86.9548,15.4227,82.32,0.096,#ead7bd,3.1762,1.1689,38.72,0.2378,#0e0b0a,0.9201,80.6114,7.7692,5,0.4064,38.6696,2.1584,1.0218,20.16,0.2331,#0b0707,30.203,20.1354,42.02,0.0481,#633e33,43.7375,39.6914,46.18,0.0463,#9c5439,48.0069,28.6761,132.71,0.0729,#5d7a4e,63.2322,13.6564,82.1,0.0507,#a69781,82.7699,11.13,181.33,0.1733,#b6d4ce
92,P02,1618033,scrA_pos,scrA_pos_low,low,5.0,C:\StabilityMatrix-win-x64\Data\Packages\ComfyUI\output\benchmark_rotations_clean_v2\renders\P02_s1618033_scrA_pos_low_00001_.png,P02_s1618033_scrA_pos_low_00001_.png,,7919c95fcf,P02_s1618033_scrA_pos_low_00001_.png,1024,1280,89.6645,11.0146,98.06,0.0984,#e7e2cd,4.1717,1.448,73.15,0.2188,#110e0c,0.8679,80.6262,11.5869,5,0.371,37.3298,3.2955,1.237,65.75,0.2265,#0e0b09,40.7363,30.6958,43.44,0.039,#8b513f,52.0262,38.5667,51.81,0.0227,#af6b49,54.3938,27.4145,130.34,0.0762,#708a5d,69.6916,20.6196,66.91,0.0503,#c5a488,83.9217,11.6867,187.68,0.1444,#b7d8d4
93,P02,1618033,scrA_pos,scrA_pos_mid,mid,10.0,C:\StabilityMatrix-win-x64\Data\Packages\ComfyUI\output\benchmark_rotations_clean_v2\renders\P02_s1618033_scrA_pos_mid_00001_.png,P02_s1618033_scrA_pos_mid_00001_.png,,7919c95fcf,P02_s1618033_scrA_pos_mid_00001_.png,1024,1280,89.7206,11.0648,96.13,0.0902,#e8e1cd,4.1468,1.3228,67.25,0.2354,#110e0c,0.8842,80.3664,6.7677,6,0.3763,38.0755,3.1296,1.1341,50.45,0.236,#0e0b09,23.836,14.7622,42.04,0.0598,#4d322a,45.3156,39.2096,45.31,0.0551,#a0583e,53.8652,29.976,127.66,0.0566,#6f8957,76.3795,27.0271,66.69,0.0263,#e0b48f,83.496,11.3148,186.02,0.1403,#b7d7d2
94,P02,1618033,scrB_neg,scrB_neg_high,high,-15.0,C:\StabilityMatrix-win-x64\Data\Packages\ComfyUI\output\benchmark_rotations_clean_v2\renders\P02_s1618033_scrB_neg_high_00001_.png,P02_s1618033_scrB_neg_high_00001_.png,,7919c95fcf,P02_s1618033_scrB_neg_high_00001_.png,1024,1280,92.677,43.195,122.33,0.1672,#d7f5a2,10.2945,13.5609,95.2,0.049,#211c04,0.824,84.2653,10.653,5,0.2263,66.8218,7.5411,10.9331,101.06,0.0484,#1a1701,43.4571,46.355,79.74,0.1004,#866014,55.2389,31.2299,117.2,0.0255,#7d8a53,58.9018,77.7549,57.11,0.0321,#e36b0a,76.7707,66.1743,84.63,0.1227,#e8b73b,91.8063,50.5433,102.4,0.1035,#f3eb87
95,P02,1618033,scrB_neg,scrB_neg_low,low,-5.0,C:\StabilityMatrix-win-x64\Data\Packages\ComfyUI\output\benchmark_rotations_clean_v2\renders\P02_s1618033_scrB_neg_low_00001_.png,P02_s1618033_scrB_neg_low_00001_.png,,7919c95fcf,P02_s1618033_scrB_neg_low_00001_.png,1024,1280,90.8447,20.9574,106.78,0.128,#e9e7be,9.6969,8.0895,105.69,0.1511,#1c1b0f,0.8423,78.5061,16.4249,4,0.2784,45.9463,7.5424,6.7678,106.83,0.1436,#18170c,55.3719,49.2183,56.38,0.0432,#c0703e,59.6192,50.8293,121.27,0.0787,#799a3f,68.2645,52.7142,87.41,0.0168,#c5a243,72.5225,30.4674,84.37,0.0795,#cbae7b,86.0484,18.322,155.39,0.1348,#bbe0c8
96,P02,1618033,scrB_neg,scrB_neg_mid,mid,-10.0,C:\StabilityMatrix-win-x64\Data\Packages\ComfyUI\output\benchmark_rotations_clean_v2\renders\P02_s1618033_scrB_neg_mid_00001_.png,P02_s1618033_scrB_neg_mid_00001_.png,,7919c95fcf,P02_s1618033_scrB_neg_mid_00001_.png,1024,1280,91.9213,29.5969,121.9,0.2721,#dcefb7,12.3755,11.6116,104.38,0.0851,#222110,0.7841,82.1327,16.4071,5,0.3251,58.1709,8.7826,9.9018,109.03,0.0819,#1a1a09,55.6474,61.7435,119.75,0.2433,#6a921a,58.2765,68.0727,60.53,0.0493,#d5721d,64.8775,67.2169,85.73,0.0209,#c3980d,85.2909,32.0186,141.86,0.0315,#b1e2af,90.9154,36.715,99.07,0.0523,#f3e69f
97,P02,1618033,scrB_pos,scrB_pos_high,high,15.0,C:\StabilityMatrix-win-x64\Data\Packages\ComfyUI\output\benchmark_rotations_clean_v2\renders\P02_s1618033_scrB_pos_high_00001_.png,P02_s1618033_scrB_pos_high_00001_.png,,7919c95fcf,P02_s1618033_scrB_pos_high_00001_.png,1024,1280,60.3588,17.5134,305.74,0.0353,#988dab,0.6268,5.253,295.85,0.338,#03010e,0.9799,64.6776,5.1645,5,0.3661,42.3488,0.409,4.3176,294.95,0.2811,#02000b,12.4787,22.8674,332.88,0.0442,#35152f,30.7099,31.1562,312.04,0.028,#573e6d,34.802,46.6665,287.1,0.085,#2b4f99,47.0614,25.3941,276.68,0.0165,#5a709a,65.0866,11.358,338.93,0.0076,#ae98a5
98,P02,1618033,scrB_pos,scrB_pos_low,low,5.0,C:\StabilityMatrix-win-x64\Data\Packages\ComfyUI\output\benchmark_rotations_clean_v2\renders\P02_s1618033_scrB_pos_low_00001_.png,P02_s1618033_scrB_pos_low_00001_.png,,7919c95fcf,P02_s1618033_scrB_pos_low_00001_.png,1024,1280,84.6159,5.0781,80.92,0.0823,#d9d2ca,2.699,2.3388,308.65,0.274,#0b090e,0.89,73.9839,3.8734,6,0.434,20.172,1.899,2.0666,308.6,0.2725,#08060b,21.2438,9.2049,352.75,0.0632,#402e35,36.1083,22.2386,29.18,0.0416,#774944,46.1139,9.5843,143.77,0.0337,#647164,64.9579,10.78,38.65,0.0285,#b29892,75.8829,10.4075,221.16,0.1616,#a4c0c7
99,P02,1618033,scrB_pos,scrB_pos_mid,mid,10.0,C:\StabilityMatrix-win-x64\Data\Packages\ComfyUI\output\benchmark_rotations_clean_v2\renders\P02_s1618033_scrB_pos_mid_00001_.png,P02_s1618033_scrB_pos_mid_00001_.png,,7919c95fcf,P02_s1618033_scrB_pos_mid_00001_.png,1024,1280,76.1344,4.9721,318.17,0.0881,#c0bac2,1.5684,5.6813,297.41,0.2935,#070411,0.9054,64.8515,9.3272,5,0.3655,14.0524,1.0592,4.938,296.9,0.2769,#05030e,14.5002,17.4399,308.59,0.0886,#2a2038,21.6295,18.7555,353.12,0.0483,#4c2938,52.4068,11.8744,333.03,0.0294,#8b7786,57.3953,18.9904,254.44,0.0804,#6b8ea9,65.9107,13.737,263.95,0.0862,#90a2b8
100,P02,2718281,B1_neg,B1_neg_high,high,-15.0,C:\StabilityMatrix-win-x64\Data\Packages\ComfyUI\output\benchmark_rotations_clean_v2\renders\P02_s2718281_B1_neg_high_00001_.png,P02_s2718281_B1_neg_high_00001_.png,,7919c95fcf,P02_s2718281_B1_neg_high_00001_.png,1024,1280,88.0155,11.2794,101.99,0.1131,#e1ddc8,7.2282,1.6524,70.3,0.2063,#181614,0.8609,74.5723,12.4773,5,0.3515,31.5455,5.3651,1.2738,55.6,0.1822,#141110,44.1352,32.8192,49.75,0.0467,#945a40,55.6958,25.7472,123.06,0.0354,#7b8b5f,58.5166,13.8231,82.0,0.0574,#9a8b75,72.0965,24.49,68.5,0.0252,#d0aa88,79.9373,11.7267,187.78,0.1693,#accdc9
101,P02,2718281,B1_neg,B1_neg_low,low,-5.0,C:\StabilityMatrix-win-x64\Data\Packages\ComfyUI\output\benchmark_rotations_clean_v2\renders\P02_s2718281_B1_neg_low_00001_.png,P02_s2718281_B1_neg_low_00001_.png,,7919c95fcf,P02_s2718281_B1_neg_low_00001_.png,1024,1280,87.8781,13.9853,90.87,0.0986,#e7dcc2,5.524,1.7958,85.02,0.2042,#14120f,0.8915,78.7919,15.3077,5,0.4097,34.1203,3.9441,1.3127,74.25,0.191,#100e0b,48.6259,35.433,46.08,0.0311,#a5624a,55.4462,33.1452,82.34,0.015,#9e814b,58.0472,25.7257,123.37,0.0594,#819265,75.8116,24.2377,57.38,0.0147,#e0b196,82.736,10.9575,180.28,0.2187,#b7d4ce
102,P02,2718281,B1_neg,B1_neg_mid,mid,-10.0,C:\StabilityMatrix-win-x64\Data\Packages\ComfyUI\output\benchmark_rotations_clean_v2\renders\P02_s2718281_B1_neg_mid_00001_.png,P02_s2718281_B1_neg_mid_00001_.png,,7919c95fcf,P02_s2718281_B1_neg_mid_00001_.png,1024,1280,86.757,13.5478,89.44,0.1014,#e4d8c0,7.8104,2.4145,82.85,0.2145,#191714,0.8972,75.3716,15.12,5,0.3945,32.4869,5.9846,1.9537,71.43,0.1898,#161310,47.5519,34.4407,47.2,0.038,#a16047,53.7443,24.4251,126.64,0.077,#74875e,53.9951,32.956,81.63,0.0136,#9a7d48,76.0025,24.0753,62.13,0.016,#deb395,81.3562,11.7203,182.71,0.2047,#b1d1cb
103,P02,2718281,B1_pos,B1_pos_high,high,15.0,C:\StabilityMatrix-win-x64\Data\Packages\ComfyUI\output\benchmark_rotations_clean_v2\renders\P02_s2718281_B1_pos_high_00001_.png,P02_s2718281_B1_pos_high_00001_.png,,7919c95fcf,P02_s2718281_B1_pos_high_00001_.png,1024,1280,88.7077,12.5496,89.41,0.131,#e9dec7,4.4036,1.8189,70.14,0.1776,#120f0c,0.8357,82.9429,16.7294,4,0.3411,37.5169,2.6095,1.1519,48.82,0.1746,#0c0907,50.7665,38.6688,44.82,0.0413,#b0654c,52.4922,24.8039,134.38,0.0692,#6a855e,56.438,37.3737,76.2,0.0233,#a98048,68.3688,17.4697,61.15,0.052,#c0a18c,85.5523,10.9353,176.23,0.1664,#c0dcd4
104,P02,2718281,B1_pos,B1_pos_low,low,5.0,C:\StabilityMatrix-win-x64\Data\Packages\ComfyUI\output\benchmark_rotations_clean_v2\renders\P02_s2718281_B1_pos_low_00001_.png,P02_s2718281_B1_pos_low_00001_.png,,7919c95fcf,P02_s2718281_B1_pos_low_00001_.png,1024,1280,87.3997,12.4525,89.7,0.1058,#e5dac4,5.064,1.599,85.77,0.194,#12110e,0.8792,80.6381,14.7211,5,0.3713,31.9441,3.6818,1.1422,73.99,0.1865,#0f0d0b,47.9487,33.0863,45.72,0.0377,#a1624b,50.9976,31.1465,79.63,0.0207,#937545,56.645,24.909,127.32,0.0708,#7a8e65,70.0571,18.1082,66.79,0.0385,#c3a68e,84.3199,10.0368,183.42,0.1848,#bdd8d3
105,P02,2718281,B1_pos,B1_pos_mid,mid,10.0,C:\StabilityMatrix-win-x64\Data\Packages\ComfyUI\output\benchmark_rotations_clean_v2\renders\P02_s2718281_B1_pos_mid_00001_.png,P02_s2718281_B1_pos_mid_00001_.png,,7919c95fcf,P02_s2718281_B1_pos_mid_00001_.png,1024,1280,87.6305,12.6375,90.07,0.1008,#e6dbc4,4.2299,1.3321,78.67,0.1994,#100f0c,0.8782,81.3464,15.3934,5,0.3734,34.1909,3.1046,0.8457,66.75,0.1968,#0d0b09,48.7935,34.8098,45.3,0.0421,#a5634b,54.2046,23.608,134.07,0.0846,#6f8964,57.9869,35.0366,78.79,0.0167,#a9864f,67.5457,17.5078,66.64,0.0544,#bc9f88,84.451,10.187,181.39,0.1766,#bdd9d3
106,P02,2718281,B6_neg,B6_neg_high,high,-15.0,C:\StabilityMatrix-win-x64\Data\Packages\ComfyUI\output\benchmark_rotations_clean_v2\renders\P02_s2718281_B6_neg_high_00001_.png,P02_s2718281_B6_neg_high_00001_.png,,7919c95fcf,P02_s2718281_B6_neg_high_00001_.png,1024,1280,88.25,12.1559,286.03,0.1684,#d9dcf4,10.229,31.4669,302.9,0.0708,#1c1540,0.7518,66.7345,7.6897,6,0.2384,27.2123,9.1922,29.3196,302.68,0.0684,#1a143b,17.2826,41.038,302.68,0.1038,#2a215d,31.6076,47.4268,303.98,0.1126,#4f3e89,37.8081,37.3154,294.65,0.1258,#515390,48.1859,35.3795,318.04,0.0339,#8c649b,75.9267,20.2145,285.96,0.0709,#b3b9df
107,P02,2718281,B6_neg,B6_neg_low,low,-5.0,C:\StabilityMatrix-win-x64\Data\Packages\ComfyUI\output\benchmark_rotations_clean_v2\renders\P02_s2718281_B6_neg_low_00001_.png,P02_s2718281_B6_neg_low_00001_.png,,7919c95fcf,P02_s2718281_B6_neg_low_00001_.png,1024,1280,88.1141,7.3991,80.95,0.1092,#e5dccf,5.6398,2.4806,302.03,0.2338,#131216,0.8596,80.5457,15.5696,4,0.4138,24.8104,4.1541,2.7136,299.64,0.2226,#0f0e13,47.8689,27.524,39.5,0.0327,#9c6355,52.0641,10.6475,143.74,0.0515,#718071,53.3885,22.375,79.49,0.0166,#947c5a,75.7169,16.9627,55.7,0.0164,#d6b4a1,84.6998,8.6482,212.7,0.1912,#c0d8dc
108,P02,2718281,B6_neg,B6_neg_mid,mid,-10.0,C:\StabilityMatrix-win-x64\Data\Packages\ComfyUI\output\benchmark_rotations_clean_v2\renders\P02_s2718281_B6_neg_mid_00001_.png,P02_s2718281_B6_neg_mid_00001_.png,,7919c95fcf,P02_s2718281_B6_neg_mid_00001_.png,1024,1280,88.5777,3.5239,13.13,0.1064,#e6dcdd,5.612,10.4322,294.49,0.2176,#12111f,0.8091,79.2754,4.7752,6,0.3157,11.9278,4.0715,9.1685,292.38,0.1857,#0e0d1b,21.6508,17.8313,309.19,0.0831,#3b2f48,35.6929,14.8331,320.83,0.0669,#604e63,50.2004,21.0963,25.58,0.036,#9c6b69,74.0161,17.2125,14.87,0.0141,#d7abaf,83.347,10.5286,247.58,0.13,#bed3e2
109,P02,2718281,B6_pos,B6_pos_high,high,15.0,C:\StabilityMatrix-win-x64\Data\Packages\ComfyUI\output\benchmark_rotations_clean_v2\renders\P02_s2718281_B6_pos_high_00001_.png,P02_s2718281_B6_pos_high_00001_.png,,7919c95fcf,P02_s2718281_B6_pos_high_00001_.png,1024,1280,76.909,32.116,109.1,0.131,#bfc285,1.5627,2.3686,78.32,0.2234,#0a0500,0.8784,70.4266,10.9364,4,0.3762,55.7397,1.1765,1.8163,74.52,0.2375,#080400,35.3687,33.4967,95.64,0.0795,#5e531b,39.7082,46.7626,70.13,0.0258,#85520f,52.9306,57.556,113.99,0.0742,#708715,57.1234,32.9953,122.73,0.0335,#7b9158,71.6031,25.8821,146.96,0.1387,#8fba95
110,P02,2718281,B6_pos,B6_pos_low,low,5.0,C:\StabilityMatrix-win-x64\Data\Packages\ComfyUI\output\benchmark_rotations_clean_v2\renders\P02_s2718281_B6_pos_low_00001_.png,P02_s2718281_B6_pos_low_00001_.png,,7919c95fcf,P02_s2718281_B6_pos_low_00001_.png,1024,1280,84.7832,21.0243,99.62,0.1161,#ddd4ad,5.245,4.4653,101.74,0.1628,#131208,0.8752,76.6306,16.42,3,0.3529,39.7815,3.9261,3.627,100.41,0.159,#100e06,47.1751,40.4874,55.85,0.0368,#a16038,49.049,24.5554,84.34,0.1324,#87724b,53.715,43.4085,84.99,0.0163,#9b7c33,55.5915,42.0435,121.21,0.0823,#748e44,80.5567,15.8857,157.05,0.194,#afd0bc
111,P02,2718281,B6_pos,B6_pos_mid,mid,10.0,C:\StabilityMatrix-win-x64\Data\Packages\ComfyUI\output\benchmark_rotations_clean_v2\renders\P02_s2718281_B6_pos_mid_00001_.png,P02_s2718281_B6_pos_mid_00001_.png,,7919c95fcf,P02_s2718281_B6_pos_mid_00001_.png,1024,1280,82.0115,29.5686,104.78,0.118,#d2cf96,5.6012,6.5219,96.61,0.0927,#161205,0.8674,71.4783,9.8582,4,0.292,45.8847,5.2581,6.1904,97.8,0.1033,#151204,19.6516,18.8589,84.71,0.1071,#3a2e14,47.5169,47.6695,69.12,0.0329,#9c6422,49.8163,38.1176,91.08,0.133,#897534,54.4314,52.0751,114.63,0.073,#768b29,76.7364,22.0051,141.17,0.159,#a6c6a3
112,P02,2718281,baseline,baseline,none,0.0,C:\StabilityMatrix-win-x64\Data\Packages\ComfyUI\output\benchmark_rotations_clean_v2\renders\P02_s2718281_baseline_00001_.png,P02_s2718281_baseline_00001_.png,,7919c95fcf,P02_s2718281_baseline_00001_.png,1024,1280,87.8,13.2474,90.47,0.0974,#e6dbc3,5.1014,1.5547,84.03,0.2133,#13110e,0.8814,81.1528,14.7399,5,0.4134,33.0504,3.7301,1.1193,70.43,0.2065,#0f0d0b,47.6268,32.8101,46.09,0.0379,#9f614a,53.3633,23.9958,129.87,0.0912,#70865f,55.2544,34.1698,80.83,0.0156,#9f7f49,69.3083,16.3518,69.92,0.0378,#bea58e,84.8829,10.3268,180.93,0.2069,#bedad4
113,P02,2718281,scrA_neg,scrA_neg_high,high,-15.0,C:\StabilityMatrix-win-x64\Data\Packages\ComfyUI\output\benchmark_rotations_clean_v2\renders\P02_s2718281_scrA_neg_high_00001_.png,P02_s2718281_scrA_neg_high_00001_.png,,7919c95fcf,P02_s2718281_scrA_neg_high_00001_.png,1024,1280,88.1951,12.9151,98.0,0.126,#e4ddc5,4.9948,1.0974,68.08,0.1656,#12110f,0.8302,79.9391,14.1049,5,0.3344,29.203,3.921,0.8851,42.31,0.1745,#100d0d,45.2951,28.4247,43.42,0.0492,#955d4c,50.4642,22.2993,133.47,0.1026,#687f5c,51.8089,30.0881,84.99,0.0227,#907848,70.9016,18.1505,74.08,0.0273,#c3a98e,83.8601,9.9491,177.79,0.16,#bdd7d0
114,P02,2718281,scrA_neg,scrA_neg_low,low,-5.0,C:\StabilityMatrix-win-x64\Data\Packages\ComfyUI\output\benchmark_rotations_clean_v2\renders\P02_s2718281_scrA_neg_low_00001_.png,P02_s2718281_scrA_neg_low_00001_.png,,7919c95fcf,P02_s2718281_scrA_neg_low_00001_.png,1024,1280,87.7744,13.0849,93.75,0.1087,#e5dcc3,6.1069,1.9914,86.85,0.1848,#151310,0.8665,79.2809,15.1119,5,0.3845,29.6706,4.468,1.4153,73.72,0.1771,#110f0d,47.1578,31.086,45.79,0.0369,#9c614b,52.9432,30.6825,81.39,0.0152,#977a4a,53.3976,22.3363,129.33,0.0754,#728661,74.9861,21.2962,64.62,0.0158,#d6b296,83.7489,10.0535,180.27,0.2074,#bcd7d0
115,P02,2718281,scrA_neg,scrA_neg_mid,mid,-10.0,C:\StabilityMatrix-win-x64\Data\Packages\ComfyUI\output\benchmark_rotations_clean_v2\renders\P02_s2718281_scrA_neg_mid_00001_.png,P02_s2718281_scrA_neg_mid_00001_.png,,7919c95fcf,P02_s2718281_scrA_neg_mid_00001_.png,1024,1280,88.0894,12.2476,98.27,0.1273,#e3ddc6,5.8315,1.5167,80.11,0.1817,#141310,0.8227,78.6516,15.2905,4,0.3361,27.9981,4.2647,1.056,60.66,0.1806,#110e0d,42.3514,28.0399,41.28,0.0429,#8d5647,51.9982,12.5187,80.68,0.0731,#887a67,53.1394,29.0541,70.75,0.0219,#9d7850,53.5722,22.1811,131.04,0.0589,#718663,82.9163,10.7295,179.38,0.1555,#b8d5ce
116,P02,2718281,scrA_pos,scrA_pos_high,high,15.0,C:\StabilityMatrix-win-x64\Data\Packages\ComfyUI\output\benchmark_rotations_clean_v2\renders\P02_s2718281_scrA_pos_high_00001_.png,P02_s2718281_scrA_pos_high_00001_.png,,7919c95fcf,P02_s2718281_scrA_pos_high_00001_.png,1024,1280,87.169,12.199,86.87,0.1205,#e5d9c3,3.3203,0.9892,45.22,0.253,#0e0b0a,0.8846,79.2411,13.9232,5,0.4367,37.2207,2.7521,0.8536,34.92,0.2695,#0c0909,44.5392,38.0743,44.1,0.0356,#9e563f,47.0756,22.8565,133.04,0.0425,#5f7653,62.8094,34.0133,82.84,0.0133,#b3945c,76.9266,20.147,51.51,0.0203,#e0b5a1,81.9932,11.6811,185.45,0.1673,#b2d3ce
117,P02,2718281,scrA_pos,scrA_pos_low,low,5.0,C:\StabilityMatrix-win-x64\Data\Packages\ComfyUI\output\benchmark_rotations_clean_v2\renders\P02_s2718281_scrA_pos_low_00001_.png,P02_s2718281_scrA_pos_low_00001_.png,,7919c95fcf,P02_s2718281_scrA_pos_low_00001_.png,1024,1280,88.0147,12.8536,89.6,0.1109,#e7dcc4,4.8429,1.4377,78.25,0.2175,#12100e,0.8861,80.1656,15.6847,4,0.4199,33.7279,3.4479,1.0394,67.82,0.211,#0e0c0a,48.3371,34.7673,46.36,0.0375,#a46249,53.2986,32.751,77.84,0.0171,#9b7a48,55.6327,24.7003,129.85,0.0688,#768c64,75.9,21.3272,68.15,0.022,#d7b597,83.6135,10.7961,185.29,0.2089,#b9d7d2
118,P02,2718281,scrA_pos,scrA_pos_mid,mid,10.0,C:\StabilityMatrix-win-x64\Data\Packages\ComfyUI\output\benchmark_rotations_clean_v2\renders\P02_s2718281_scrA_pos_mid_00001_.png,P02_s2718281_scrA_pos_mid_00001_.png,,7919c95fcf,P02_s2718281_scrA_pos_mid_00001_.png,1024,1280,88.092,13.1973,85.6,0.1059,#e9dbc4,3.9962,1.3147,75.42,0.2172,#100e0b,0.9016,80.2702,9.5105,5,0.4161,36.6874,3.0154,0.9728,66.96,0.2137,#0d0b09,29.9212,13.797,46.78,0.0643,#5a4137,48.666,37.6602,48.82,0.0326,#a66245,50.8239,25.897,131.75,0.0662,#678057,75.2427,24.8731,64.37,0.0239,#dbb191,83.2856,10.5094,188.76,0.2024,#b8d5d2
119,P02,2718281,scrB_neg,scrB_neg_high,high,-15.0,C:\StabilityMatrix-win-x64\Data\Packages\ComfyUI\output\benchmark_rotations_clean_v2\renders\P02_s2718281_scrB_neg_high_00001_.png,P02_s2718281_scrB_neg_high_00001_.png,,7919c95fcf,P02_s2718281_scrB_neg_high_00001_.png,1024,1280,92.7056,42.5078,122.88,0.1822,#d7f5a4,12.7624,14.0103,108.29,0.0738,#22220d,0.8253,83.0617,7.8327,6,0.2134,64.9668,7.5937,10.9611,110.53,0.0681,#181803,33.6366,28.4144,99.3,0.0392,#565021,57.925,75.9278,58.66,0.0337,#dc6b06,67.2364,71.1915,107.43,0.1132,#a0ac0a,73.5832,68.7595,80.87,0.1002,#e6ab2d,90.6554,49.877,104.43,0.0789,#ece986
120,P02,2718281,scrB_neg,scrB_neg_low,low,-5.0,C:\StabilityMatrix-win-x64\Data\Packages\ComfyUI\output\benchmark_rotations_clean_v2\renders\P02_s2718281_scrB_neg_low_00001_.png,P02_s2718281_scrB_neg_low_00001_.png,,7919c95fcf,P02_s2718281_scrB_neg_low_00001_.png,1024,1280,90.4472,22.7192,101.08,0.1084,#ece5b9,9.6424,8.0331,106.56,0.1433,#1c1b0f,0.863,80.0363,17.6645,4,0.323,46.297,6.9165,6.2302,107.11,0.1252,#16160b,55.083,46.7836,59.39,0.052,#bb723e,55.5394,30.0415,94.93,0.0964,#928551,61.0427,48.2974,120.63,0.0771,#809e46,65.1897,52.5272,87.7,0.0208,#bc9a3c,86.9528,16.2146,150.78,0.1978,#c3e1ca
121,P02,2718281,scrB_neg,scrB_neg_mid,mid,-10.0,C:\StabilityMatrix-win-x64\Data\Packages\ComfyUI\output\benchmark_rotations_clean_v2\renders\P02_s2718281_scrB_neg_mid_00001_.png,P02_s2718281_scrB_neg_mid_00001_.png,,7919c95fcf,P02_s2718281_scrB_neg_mid_00001_.png,1024,1280,91.8412,36.2161,105.26,0.1256,#eeeba4,13.5448,12.005,102.7,0.0877,#252312,0.862,83.0089,13.9965,4,0.4015,56.4872,8.2082,9.0305,109.9,0.0669,#191909,43.5878,39.9525,79.55,0.0705,#836123,57.2041,65.5177,62.94,0.0442,#cd721b,58.5138,62.8644,117.91,0.2104,#75991d,61.0087,65.2957,83.77,0.0281,#ba8c06,91.2171,30.225,135.7,0.1911,#cbf1bd
122,P02,2718281,scrB_pos,scrB_pos_high,high,15.0,C:\StabilityMatrix-win-x64\Data\Packages\ComfyUI\output\benchmark_rotations_clean_v2\renders\P02_s2718281_scrB_pos_high_00001_.png,P02_s2718281_scrB_pos_high_00001_.png,,7919c95fcf,P02_s2718281_scrB_pos_high_00001_.png,1024,1280,61.89,13.9729,307.93,0.0399,#9c91a9,0.6203,4.7647,295.57,0.3626,#03010d,0.9653,70.8733,12.6428,5,0.4058,40.8347,0.3743,3.8546,294.59,0.2973,#02000a,4.6898,16.5765,298.98,0.1085,#110c24,15.7922,19.9362,329.39,0.0394,#381e36,21.1287,27.3058,301.94,0.0293,#352d55,32.4496,44.6892,285.61,0.1047,#224a91,71.2475,7.5833,347.0,0.005,#bbaab2
123,P02,2718281,scrB_pos,scrB_pos_low,low,5.0,C:\StabilityMatrix-win-x64\Data\Packages\ComfyUI\output\benchmark_rotations_clean_v2\renders\P02_s2718281_scrB_pos_low_00001_.png,P02_s2718281_scrB_pos_low_00001_.png,,7919c95fcf,P02_s2718281_scrB_pos_low_00001_.png,1024,1280,82.9268,6.3128,77.47,0.0949,#d6cdc3,2.8946,2.7484,303.65,0.2456,#0c0a0f,0.8869,74.4568,10.0538,5,0.4649,17.2984,2.4921,2.7118,303.18,0.262,#0a080e,31.8105,18.8758,24.32,0.0278,#68403f,44.3466,20.0102,51.13,0.0249,#856150,44.6779,9.7524,139.18,0.0525,#616d5f,67.0028,11.5952,52.25,0.021,#b79e93,76.949,10.3404,221.5,0.203,#a7c3ca
124,P02,2718281,scrB_pos,scrB_pos_mid,mid,10.0,C:\StabilityMatrix-win-x64\Data\Packages\ComfyUI\output\benchmark_rotations_clean_v2\renders\P02_s2718281_scrB_pos_mid_00001_.png,P02_s2718281_scrB_pos_mid_00001_.png,,7919c95fcf,P02_s2718281_scrB_pos_mid_00001_.png,1024,1280,78.9273,3.5389,8.05,0.0527,#cbc1c3,1.4358,5.1098,297.47,0.2898,#06040f,0.9286,67.8652,10.4522,6,0.4262,13.5709,1.1631,4.7299,297.32,0.2853,#05030e,6.4804,10.9141,297.95,0.1223,#151321,14.4108,12.5711,328.48,0.0595,#2f1f2e,28.2666,17.2365,13.05,0.0245,#5d393d,61.9416,18.3008,255.63,0.1409,#7999b5,69.0284,12.7595,266.88,0.0883,#9baabf
125,P02,3141592,B1_neg,B1_neg_high,high,-15.0,C:\StabilityMatrix-win-x64\Data\Packages\ComfyUI\output\benchmark_rotations_clean_v2\renders\P02_s3141592_B1_neg_high_00001_.png,P02_s3141592_B1_neg_high_00001_.png,,7919c95fcf,P02_s3141592_B1_neg_high_00001_.png,1024,1280,86.5217,11.4995,107.83,0.105,#dbdac4,7.615,2.1843,67.83,0.2144,#191614,0.8642,73.3279,11.2184,5,0.3423,32.0629,5.6979,1.6638,55.95,0.1908,#151210,41.9559,33.7267,47.91,0.0668,#90533b,55.558,26.1717,125.29,0.0409,#788c5f,60.0221,14.644,80.77,0.0613,#9f8e77,71.0232,25.9724,63.19,0.0297,#d1a584,79.0258,12.6658,187.58,0.1515,#a8cbc6
126,P02,3141592,B1_neg,B1_neg_low,low,-5.0,C:\StabilityMatrix-win-x64\Data\Packages\ComfyUI\output\benchmark_rotations_clean_v2\renders\P02_s3141592_B1_neg_low_00001_.png,P02_s3141592_B1_neg_low_00001_.png,,7919c95fcf,P02_s3141592_B1_neg_low_00001_.png,1024,1280,88.0402,11.904,102.86,0.0909,#e1dec7,5.3632,1.7768,70.03,0.2227,#14110f,0.8875,77.9968,13.9016,5,0.3782,31.0911,4.0465,1.4477,61.99,0.2155,#110e0c,43.3308,32.5388,44.45,0.059,#945642,53.0746,25.994,131.91,0.0678,#6c865d,54.165,31.0457,74.41,0.0176,#9f7b4e,59.3011,14.2767,72.86,0.0507,#9f8b77,82.0433,11.7957,187.71,0.1627,#b2d3cf
127,P02,3141592,B1_neg,B1_neg_mid,mid,-10.0,C:\StabilityMatrix-win-x64\Data\Packages\ComfyUI\output\benchmark_rotations_clean_v2\renders\P02_s3141592_B1_neg_mid_00001_.png,P02_s3141592_B1_neg_mid_00001_.png,,7919c95fcf,P02_s3141592_B1_neg_mid_00001_.png,1024,1280,85.6458,12.605,92.72,0.1113,#dfd6be,6.7857,2.0232,73.91,0.2347,#171512,0.889,75.3958,12.2567,5,0.3799,32.1355,5.0329,1.5872,66.29,0.2126,#13100e,42.1964,33.7228,44.96,0.0645,#92533e,58.3358,29.0747,123.01,0.0367,#809361,58.9574,15.0167,75.9,0.0573,#9e8b75,72.4806,25.814,62.76,0.0225,#d5a989,80.4287,12.3427,184.57,0.1672,#adcec9
128,P02,3141592,B1_pos,B1_pos_high,high,15.0,C:\StabilityMatrix-win-x64\Data\Packages\ComfyUI\output\benchmark_rotations_clean_v2\renders\P02_s3141592_B1_pos_high_00001_.png,P02_s3141592_B1_pos_high_00001_.png,,7919c95fcf,P02_s3141592_B1_pos_high_00001_.png,1024,1280,87.029,9.1195,174.43,0.1907,#c8dfd8,4.3269,1.867,80.03,0.1783,#110f0b,0.795,87.1134,10.5425,5,0.2917,43.2217,2.9855,1.1298,73.11,0.1956,#0d0b08,32.7912,17.0214,51.09,0.0725,#644639,49.3257,44.3515,43.32,0.0522,#b35d43,53.3564,24.7443,138.99,0.0961,#688863,61.2288,40.7641,77.32,0.0185,#b78c4d,90.099,13.9953,91.15,0.0791,#ede2c8
129,P02,3141592,B1_pos,B1_pos_low,low,5.0,C:\StabilityMatrix-win-x64\Data\Packages\ComfyUI\output\benchmark_rotations_clean_v2\renders\P02_s3141592_B1_pos_low_00001_.png,P02_s3141592_B1_pos_low_00001_.png,,7919c95fcf,P02_s3141592_B1_pos_low_00001_.png,1024,1280,89.7983,11.1517,101.95,0.0939,#e6e2cd,4.4406,1.4657,71.38,0.2092,#110f0d,0.8468,81.0197,11.5934,5,0.3484,31.2288,3.3229,1.1857,61.54,0.2175,#0e0c0a,41.0466,16.3778,151.62,0.0732,#4c6754,49.0296,32.4146,50.46,0.0516,#a1664b,53.4333,24.6753,134.39,0.0783,#6c8761,68.1857,19.533,69.12,0.0694,#bfa186,84.3427,10.8937,185.39,0.131,#bbd9d4
130,P02,3141592,B1_pos,B1_pos_mid,mid,10.0,C:\StabilityMatrix-win-x64\Data\Packages\ComfyUI\output\benchmark_rotations_clean_v2\renders\P02_s3141592_B1_pos_mid_00001_.png,P02_s3141592_B1_pos_mid_00001_.png,,7919c95fcf,P02_s3141592_B1_pos_mid_00001_.png,1024,1280,88.9366,11.3574,98.88,0.1081,#e5e0ca,3.9667,1.5677,75.92,0.189,#100e0b,0.8418,81.9959,14.8716,5,0.3335,34.3595,2.775,1.0454,66.29,0.1926,#0c0a08,47.5443,35.4049,43.97,0.041,#a35f49,50.2674,23.7793,137.37,0.0887,#637f5c,59.1168,33.6394,72.74,0.0259,#b08756,67.9818,16.2456,60.49,0.0526,#bea08d,84.771,9.8355,184.39,0.1409,#bed9d5
131,P02,3141592,B6_neg,B6_neg_high,high,-15.0,C:\StabilityMatrix-win-x64\Data\Packages\ComfyUI\output\benchmark_rotations_clean_v2\renders\P02_s3141592_B6_neg_high_00001_.png,P02_s3141592_B6_neg_high_00001_.png,,7919c95fcf,P02_s3141592_B6_neg_high_00001_.png,1024,1280,86.9365,8.6434,280.39,0.2691,#d5d9ea,13.7641,29.49,302.63,0.1071,#241d46,0.733,63.2527,10.6783,4,0.2279,17.7862,9.4739,28.2673,302.9,0.0739,#1b143b,41.4134,39.9564,306.71,0.1178,#6d5697,43.9269,28.0721,291.1,0.1101,#606493,47.8649,29.5614,325.79,0.0327,#8e648e,63.4019,33.6069,306.92,0.0554,#a68fc9,72.7265,22.1702,294.4,0.0568,#b1afd7
132,P02,3141592,B6_neg,B6_neg_low,low,-5.0,C:\StabilityMatrix-win-x64\Data\Packages\ComfyUI\output\benchmark_rotations_clean_v2\renders\P02_s3141592_B6_neg_low_00001_.png,P02_s3141592_B6_neg_low_00001_.png,,7919c95fcf,P02_s3141592_B6_neg_low_00001_.png,1024,1280,89.5548,6.3849,90.19,0.0823,#e6e1d5,5.2403,2.2914,312.37,0.2322,#131114,0.8814,80.2181,11.8144,5,0.3942,21.3434,3.9096,2.3182,309.16,0.2221,#0f0d11,40.4512,23.6616,31.21,0.0347,#84524c,42.2099,9.4026,167.77,0.1053,#546860,53.0502,13.4906,135.21,0.0278,#74836e,73.3892,16.3203,50.39,0.022,#d0ad9e,84.1276,9.6783,213.19,0.1722,#bcd7db
133,P02,3141592,B6_neg,B6_neg_mid,mid,-10.0,C:\StabilityMatrix-win-x64\Data\Packages\ComfyUI\output\benchmark_rotations_clean_v2\renders\P02_s3141592_B6_neg_mid_00001_.png,P02_s3141592_B6_neg_mid_00001_.png,,7919c95fcf,P02_s3141592_B6_neg_mid_00001_.png,1024,1280,88.1846,3.7041,34.49,0.0834,#e5dbd9,5.8975,11.4636,297.81,0.2473,#141121,0.8445,79.1736,10.8219,5,0.3628,16.5785,4.6363,10.9676,296.52,0.2334,#110e1e,38.8301,19.9026,354.53,0.027,#79505f,52.854,26.8475,17.17,0.0182,#ac6d72,54.8027,13.1779,52.99,0.0146,#987e71,74.2495,16.0493,12.67,0.0184,#d6acb1,83.8099,10.269,246.47,0.1294,#bfd4e2
134,P02,3141592,B6_pos,B6_pos_high,high,15.0,C:\StabilityMatrix-win-x64\Data\Packages\ComfyUI\output\benchmark_rotations_clean_v2\renders\P02_s3141592_B6_pos_high_00001_.png,P02_s3141592_B6_pos_high_00001_.png,,7919c95fcf,P02_s3141592_B6_pos_high_00001_.png,1024,1280,78.646,33.2803,109.65,0.1039,#c3c788,1.8688,2.8549,76.24,0.2634,#0c0600,0.8955,70.2194,5.315,6,0.3809,52.2078,1.3777,2.0821,78.5,0.265,#080500,9.2536,14.5615,69.73,0.0845,#261701,26.3616,30.8482,110.07,0.0683,#3c420e,33.8222,38.8344,82.03,0.0956,#664b0c,51.3773,54.2899,112.97,0.0495,#6f8319,71.5972,27.5002,141.57,0.1158,#92ba90
135,P02,3141592,B6_pos,B6_pos_low,low,5.0,C:\StabilityMatrix-win-x64\Data\Packages\ComfyUI\output\benchmark_rotations_clean_v2\renders\P02_s3141592_B6_pos_low_00001_.png,P02_s3141592_B6_pos_low_00001_.png,,7919c95fcf,P02_s3141592_B6_pos_low_00001_.png,1024,1280,84.8263,21.0469,98.62,0.1174,#ddd4ad,5.0755,4.5886,97.78,0.201,#131107,0.8899,77.2541,15.4509,4,0.3762,40.964,4.1379,4.0214,96.29,0.2042,#110e05,45.7707,41.7097,54.92,0.06,#9f5b34,52.9733,42.4464,81.01,0.0148,#9d7934,53.3596,24.3591,88.42,0.1462,#8f7e56,57.1516,44.9854,124.0,0.0652,#729445,81.392,15.8244,159.62,0.1721,#b0d2bf
136,P02,3141592,B6_pos,B6_pos_mid,mid,10.0,C:\StabilityMatrix-win-x64\Data\Packages\ComfyUI\output\benchmark_rotations_clean_v2\renders\P02_s3141592_B6_pos_mid_00001_.png,P02_s3141592_B6_pos_mid_00001_.png,,7919c95fcf,P02_s3141592_B6_pos_mid_00001_.png,1024,1280,82.1132,29.5466,105.8,0.1179,#d1cf97,5.7728,7.1917,99.71,0.1578,#161304,0.8796,71.4382,5.7985,6,0.2821,49.7605,4.1259,5.5166,99.38,0.1453,#110f02,28.8992,28.1141,82.84,0.0682,#554118,43.3163,48.8991,64.52,0.0479,#965719,55.5518,55.2771,114.53,0.064,#778e25,68.4967,44.4849,88.98,0.0389,#c1a455,75.564,23.6992,142.87,0.1367,#a0c39f
137,P02,3141592,baseline,baseline,none,0.0,C:\StabilityMatrix-win-x64\Data\Packages\ComfyUI\output\benchmark_rotations_clean_v2\renders\P02_s3141592_baseline_00001_.png,P02_s3141592_baseline_00001_.png,,7919c95fcf,P02_s3141592_baseline_00001_.png,1024,1280,88.8062,10.8295,104.8,0.0992,#e2e0cb,4.6384,1.5766,71.77,0.2156,#120f0d,0.8601,79.6895,15.3429,5,0.3632,32.5921,3.5264,1.2742,63.69,0.2187,#0f0c0a,49.474,33.8663,50.84,0.0359,#a4674a,52.4781,25.3457,134.62,0.0607,#69855e,60.4047,14.8251,76.02,0.0547,#a28f79,73.2054,25.0692,64.67,0.0262,#d6ac8b,83.2159,11.6637,187.74,0.1445,#b5d6d2
138,P02,3141592,scrA_neg,scrA_neg_high,high,-15.0,C:\StabilityMatrix-win-x64\Data\Packages\ComfyUI\output\benchmark_rotations_clean_v2\renders\P02_s3141592_scrA_neg_high_00001_.png,P02_s3141592_scrA_neg_high_00001_.png,,7919c95fcf,P02_s3141592_scrA_neg_high_00001_.png,1024,1280,89.5663,13.3899,100.57,0.0927,#e7e2c8,6.2192,1.414,72.79,0.1868,#151312,0.8587,79.219,14.3683,4,0.3241,31.6751,4.5059,0.9887,46.16,0.1777,#110f0e,46.5474,32.6638,43.01,0.0529,#9d5e4a,50.69,30.5622,80.07,0.0191,#917445,52.0783,24.7289,131.25,0.0761,#6b835c,68.0417,17.9821,70.06,0.0446,#bca188,83.7249,10.6201,173.62,0.1464,#bcd7ce
139,P02,3141592,scrA_neg,scrA_neg_low,low,-5.0,C:\StabilityMatrix-win-x64\Data\Packages\ComfyUI\output\benchmark_rotations_clean_v2\renders\P02_s3141592_scrA_neg_low_00001_.png,P02_s3141592_scrA_neg_low_00001_.png,,7919c95fcf,P02_s3141592_scrA_neg_low_00001_.png,1024,1280,89.5485,11.957,101.26,0.095,#e6e2cb,4.7969,1.4849,75.3,0.2059,#12100e,0.8604,80.5326,11.8887,5,0.3477,28.0921,3.4524,1.0939,63.55,0.2018,#0e0c0a,42.1004,29.186,41.74,0.0744,#8d5544,50.8343,27.8092,75.19,0.0211,#93744b,55.1799,24.2197,133.47,0.0619,#728b65,69.3458,17.1962,71.94,0.0659,#bea58c,83.985,11.0432,184.92,0.146,#b9d8d3
140,P02,3141592,scrA_neg,scrA_neg_mid,mid,-10.0,C:\StabilityMatrix-win-x64\Data\Packages\ComfyUI\output\benchmark_rotations_clean_v2\renders\P02_s3141592_scrA_neg_mid_00001_.png,P02_s3141592_scrA_neg_mid_00001_.png,,7919c95fcf,P02_s3141592_scrA_neg_mid_00001_.png,1024,1280,89.2026,13.181,101.38,0.0912,#e5e1c8,5.6177,1.64,80.47,0.1888,#141210,0.8738,80.5292,14.6306,4,0.3364,28.4564,4.2028,1.2917,65.04,0.1795,#110e0c,46.4512,28.7446,42.88,0.0555,#98604e,50.4275,29.7481,79.8,0.0177,#907446,52.854,23.8983,134.82,0.0794,#6b8661,63.6678,12.8712,79.47,0.055,#a79884,84.7321,10.8507,181.64,0.1569,#bcdad4
141,P02,3141592,scrA_pos,scrA_pos_high,high,15.0,C:\StabilityMatrix-win-x64\Data\Packages\ComfyUI\output\benchmark_rotations_clean_v2\renders\P02_s3141592_scrA_pos_high_00001_.png,P02_s3141592_scrA_pos_high_00001_.png,,7919c95fcf,P02_s3141592_scrA_pos_high_00001_.png,1024,1280,88.1874,11.5163,102.24,0.1064,#e2dec8,3.4006,1.0762,40.54,0.2357,#0f0c0b,0.8811,79.148,13.4659,5,0.38,35.0794,2.5664,0.9388,21.31,0.2395,#0c0909,42.4248,35.3903,42.52,0.0658,#95523e,46.7711,24.3967,133.49,0.0789,#5d7651,54.1783,36.0182,80.52,0.0137,#9e7c44,60.2663,15.0135,55.79,0.0736,#a88b7c,81.7144,13.7075,188.11,0.1405,#acd3ce
142,P02,3141592,scrA_pos,scrA_pos_low,low,5.0,C:\StabilityMatrix-win-x64\Data\Packages\ComfyUI\output\benchmark_rotations_clean_v2\renders\P02_s3141592_scrA_pos_low_00001_.png,P02_s3141592_scrA_pos_low_00001_.png,,7919c95fcf,P02_s3141592_scrA_pos_low_00001_.png,1024,1280,86.8036,12.9222,88.59,0.0997,#e4d8c1,4.3558,1.5229,69.12,0.2391,#110f0c,0.9041,80.7031,17.8059,4,0.4147,33.1445,3.296,1.2465,60.29,0.2356,#0e0b09,52.6892,34.3909,58.76,0.0322,#a9714c,57.0178,27.6732,131.42,0.037,#759164,57.1618,12.551,68.33,0.0973,#998675,76.4664,23.5659,65.15,0.0243,#ddb596,83.9991,11.3192,187.41,0.1791,#b8d8d4
143,P02,3141592,scrA_pos,scrA_pos_mid,mid,10.0,C:\StabilityMatrix-win-x64\Data\Packages\ComfyUI\output\benchmark_rotations_clean_v2\renders\P02_s3141592_scrA_pos_mid_00001_.png,P02_s3141592_scrA_pos_mid_00001_.png,,7919c95fcf,P02_s3141592_scrA_pos_mid_00001_.png,1024,1280,88.78,10.8371,101.49,0.1021,#e3dfcb,4.0255,1.1424,58.57,0.2349,#100e0c,0.8725,79.5969,12.5838,5,0.3938,37.0309,3.2618,1.0555,43.83,0.2453,#0e0b0a,42.7771,38.0864,43.31,0.0468,#99513b,51.4512,29.2244,128.62,0.0654,#698253,54.523,31.353,68.6,0.0205,#a57a50,71.0677,19.1245,64.81,0.0565,#c8a88f,82.8587,12.4494,190.47,0.1486,#b2d5d2
144,P02,3141592,scrB_neg,scrB_neg_high,high,-15.0,C:\StabilityMatrix-win-x64\Data\Packages\ComfyUI\output\benchmark_rotations_clean_v2\renders\P02_s3141592_scrB_neg_high_00001_.png,P02_s3141592_scrB_neg_high_00001_.png,,7919c95fcf,P02_s3141592_scrB_neg_high_00001_.png,1024,1280,94.3241,45.9161,123.15,0.1773,#d9faa3,13.8321,15.7803,101.98,0.06,#26240c,0.8261,82.3933,17.4759,4,0.2201,61.8777,8.5718,12.1417,104.93,0.0508,#1b1903,58.1247,74.0193,59.03,0.0383,#db6d0e,62.0193,63.5959,78.64,0.0417,#c48b19,65.1617,69.789,110.16,0.1138,#94a80d,72.0912,39.4526,115.49,0.0228,#a9b86e,90.9651,54.3771,102.53,0.1063,#f0e97d
145,P02,3141592,scrB_neg,scrB_neg_low,low,-5.0,C:\StabilityMatrix-win-x64\Data\Packages\ComfyUI\output\benchmark_rotations_clean_v2\renders\P02_s3141592_scrB_neg_low_00001_.png,P02_s3141592_scrB_neg_low_00001_.png,,7919c95fcf,P02_s3141592_scrB_neg_low_00001_.png,1024,1280,91.0192,20.989,106.63,0.1173,#e9e7bf,9.0257,7.8888,103.42,0.1578,#1b1a0e,0.8612,79.9655,17.028,4,0.3007,45.6736,6.7119,6.4124,104.72,0.1417,#171509,54.5455,44.9891,57.95,0.0639,#b97141,58.2739,28.1789,92.35,0.134,#9b8b5b,63.8306,51.6662,121.25,0.062,#84a648,67.0431,52.086,86.08,0.0228,#c39f42,86.6774,17.2019,156.61,0.159,#bee1cc
146,P02,3141592,scrB_neg,scrB_neg_mid,mid,-10.0,C:\StabilityMatrix-win-x64\Data\Packages\ComfyUI\output\benchmark_rotations_clean_v2\renders\P02_s3141592_scrB_neg_mid_00001_.png,P02_s3141592_scrB_neg_mid_00001_.png,,7919c95fcf,P02_s3141592_scrB_neg_mid_00001_.png,1024,1280,91.5837,34.8987,106.05,0.1134,#eceaa6,13.0518,13.4713,99.89,0.0961,#25220e,0.8638,81.4679,15.8225,4,0.318,55.8111,9.9072,11.6179,101.08,0.0849,#1e1c08,52.5483,56.1844,122.6,0.1481,#608923,55.4115,43.3189,89.14,0.0606,#9b8237,57.4481,65.0564,63.95,0.0396,#cc741b,65.1103,67.429,114.29,0.0723,#8ca91f,91.375,29.6072,135.33,0.1699,#ccf1be
147,P02,3141592,scrB_pos,scrB_pos_high,high,15.0,C:\StabilityMatrix-win-x64\Data\Packages\ComfyUI\output\benchmark_rotations_clean_v2\renders\P02_s3141592_scrB_pos_high_00001_.png,P02_s3141592_scrB_pos_high_00001_.png,,7919c95fcf,P02_s3141592_scrB_pos_high_00001_.png,1024,1280,68.2039,13.2661,306.79,0.0562,#aca2b9,0.8114,6.7629,296.05,0.3176,#040111,0.9653,78.2023,8.9148,5,0.3243,35.7308,0.482,5.3718,294.73,0.2323,#02000d,15.9835,21.7223,333.73,0.0393,#3c1d36,36.8769,28.6446,311.23,0.0266,#644d7a,40.8268,29.1909,276.24,0.092,#436190,49.4731,41.1026,282.21,0.0474,#5374ba,78.6844,11.0075,312.51,0.0114,#cabfd2
148,P02,3141592,scrB_pos,scrB_pos_low,low,5.0,C:\StabilityMatrix-win-x64\Data\Packages\ComfyUI\output\benchmark_rotations_clean_v2\renders\P02_s3141592_scrB_pos_low_00001_.png,P02_s3141592_scrB_pos_low_00001_.png,,7919c95fcf,P02_s3141592_scrB_pos_low_00001_.png,1024,1280,81.631,5.4466,73.42,0.0895,#d2cac1,2.9929,3.3018,304.98,0.2886,#0d0a10,0.8958,74.0519,3.4848,6,0.4365,16.5114,2.1677,2.9955,304.56,0.2818,#0a070e,22.6898,8.8363,345.68,0.0709,#41323a,37.2585,19.507,34.24,0.0453,#764e47,49.1538,9.1518,136.23,0.0298,#6e786a,65.5394,10.9005,37.46,0.0276,#b49a94,76.2195,10.9384,220.66,0.1546,#a4c1c9
149,P02,3141592,scrB_pos,scrB_pos_mid,mid,10.0,C:\StabilityMatrix-win-x64\Data\Packages\ComfyUI\output\benchmark_rotations_clean_v2\renders\P02_s3141592_scrB_pos_mid_00001_.png,P02_s3141592_scrB_pos_mid_00001_.png,,7919c95fcf,P02_s3141592_scrB_pos_mid_00001_.png,1024,1280,77.3901,2.9883,328.55,0.0791,#c3bec2,1.319,5.4213,297.04,0.3054,#060310,0.9178,67.1873,2.0487,6,0.393,15.7179,1.0547,5.0618,296.85,0.3035,#05020e,14.7234,16.7344,313.39,0.0895,#2d2036,24.3505,17.704,355.82,0.0342,#52303c,39.0363,1.9862,35.96,0.0243,#5f5b5a,54.6731,11.5979,329.68,0.0308,#907d8d,68.2419,13.7075,253.89,0.0784,#91a9be
