view_order,hash_id,prompt_id,cond_name,seed,is_duplicate,orig_hash_id,score
1,002fb4e347ce,S07_comic,blockshuf_neg_1x,9999,0,002fb4e347ce,SPENTO
2,005bbe2c22c1,S07_comic,blockshuf_neg_2x,9999,0,005bbe2c22c1,SPENTO
3,0359926b1871,S09_fresco,blockshuf_neg_2x,1337,0,0359926b1871,SPENTO
4,03ad5f009512,S06_pastel,preset_pos_2x,42,0,03ad5f009512,SPENTO
5,0ce3bdc49b6f,S04_gouache,baseline,4242145,0,0ce3bdc49b6f,INCERTO
6,0d485d19432f,S02_linocut,baseline,777,0,0d485d19432f,SPENTO
7,0ee0196b08ab,S09_fresco,preset_pos_2x,9999,0,0ee0196b08ab,SPENTO
8,1077f2ed30ff,S02_linocut,preset_pos_2x,1337,0,1077f2ed30ff,SPENTO
9,11205ed4192d,S05_pencil,baseline,777,0,11205ed4192d,SPENTO
10,12212d417911,S09_fresco,baseline,9999,0,12212d417911,SPENTO
11,1302c2c4e3ea,S03_cyberpunk,preset_pos_2x,9999,0,1302c2c4e3ea,ACCESO
12,13ce2e68ee85,S05_pencil,blockshuf_neg_1x,4242145,0,13ce2e68ee85,SPENTO
13,14f81c363de9,S06_pastel,blockshuf_neg_1x,9999,0,14f81c363de9,SPENTO
14,173235927424,S02_linocut,blockshuf_neg_1x,1337,0,173235927424,SPENTO
15,17746b82b13a,S04_gouache,blockshuf_neg_1x,1337,0,17746b82b13a,SPENTO
16,185b4400d07c,S01_oil,blockshuf_neg_2x,1337,0,185b4400d07c,SPENTO
17,18b17c08e673,S10_synthwave,blockshuf_neg_1x,4242145,0,18b17c08e673,SPENTO
18,1909f556192a,S03_cyberpunk,blockshuf_neg_1x,4242145,0,1909f556192a,SPENTO
19,1a4f6db098c1,S06_pastel,blockshuf_neg_2x,42,0,1a4f6db098c1,SPENTO
20,1c865f4b97c3,S03_cyberpunk,blockshuf_neg_2x,42,0,1c865f4b97c3,SPENTO
21,1d8812eda379,S01_oil,baseline,9999,0,1d8812eda379,SPENTO
22,1e3cfcefcedf,S08_papercraft,blockshuf_neg_2x,42,0,1e3cfcefcedf,SPENTO
23,1f0a88ed21bd,S01_oil,baseline,777,1,fabc99507953,SPENTO
24,1f2c79349598,S04_gouache,baseline,4242145,1,0ce3bdc49b6f,SPENTO
25,2098f2031100,S10_synthwave,blockshuf_neg_1x,777,0,2098f2031100,SPENTO
26,209b2c5715f5,S07_comic,baseline,1337,0,209b2c5715f5,SPENTO
27,21af961584c9,S08_papercraft,blockshuf_neg_1x,42,0,21af961584c9,SPENTO
28,22b836993141,S06_pastel,baseline,42,0,22b836993141,SPENTO
29,22bfe75ef216,S03_cyberpunk,baseline,1337,0,22bfe75ef216,ACCESO
30,266ba3996268,S05_pencil,preset_pos_2x,1337,0,266ba3996268,SPENTO
31,26c5e8d21ea2,S09_fresco,blockshuf_neg_2x,4242145,0,26c5e8d21ea2,SPENTO
32,26e03ef9eb9b,S06_pastel,blockshuf_neg_1x,1337,0,26e03ef9eb9b,SPENTO
33,27b32be5d267,S03_cyberpunk,preset_pos_2x,42,0,27b32be5d267,ACCESO
34,27bd3046758a,S05_pencil,baseline,4242145,1,ae4519e4a246,SPENTO
35,27e16e75f083,S02_linocut,preset_pos_2x,4242145,0,27e16e75f083,SPENTO
36,289b4ae088eb,S08_papercraft,baseline,42,0,289b4ae088eb,SPENTO
37,29b78ab39f14,S03_cyberpunk,preset_pos_2x,777,0,29b78ab39f14,ACCESO
38,2a48061cfd22,S10_synthwave,preset_pos_2x,1337,0,2a48061cfd22,SPENTO
39,2b25ae9761e2,S08_papercraft,blockshuf_neg_2x,777,0,2b25ae9761e2,SPENTO
40,2da040e126ab,S08_papercraft,preset_pos_2x,777,0,2da040e126ab,SPENTO
41,2e75d0d05c6f,S02_linocut,baseline,4242145,0,2e75d0d05c6f,SPENTO
42,2ec566e9d681,S04_gouache,blockshuf_neg_2x,4242145,0,2ec566e9d681,SPENTO
43,2f7633bc2f9e,S05_pencil,blockshuf_neg_1x,777,0,2f7633bc2f9e,SPENTO
44,307ff5b7e9a5,S06_pastel,baseline,777,0,307ff5b7e9a5,SPENTO
45,31a2a390efff,S01_oil,blockshuf_neg_1x,1337,0,31a2a390efff,SPENTO
46,32d6c5781ca0,S09_fresco,blockshuf_neg_1x,9999,0,32d6c5781ca0,SPENTO
47,3315a0f11058,S03_cyberpunk,preset_pos_2x,1337,0,3315a0f11058,ACCESO
48,35064c0188c3,S05_pencil,blockshuf_neg_1x,1337,0,35064c0188c3,SPENTO
49,35e0d77fa503,S05_pencil,baseline,9999,1,f7e7adc29fb7,SPENTO
50,37a919e3adf6,S03_cyberpunk,baseline,9999,0,37a919e3adf6,ACCESO
51,37b186843b00,S02_linocut,baseline,42,0,37b186843b00,SPENTO
52,396d6d3960e9,S07_comic,baseline,9999,0,396d6d3960e9,SPENTO
53,3c18825eb3ee,S07_comic,preset_pos_2x,42,0,3c18825eb3ee,SPENTO
54,3d2388463d40,S09_fresco,blockshuf_neg_2x,9999,0,3d2388463d40,SPENTO
55,3d7d6c72e361,S06_pastel,baseline,4242145,0,3d7d6c72e361,SPENTO
56,3e314ad5dc06,S05_pencil,blockshuf_neg_2x,4242145,0,3e314ad5dc06,SPENTO
57,3ea09121810f,S03_cyberpunk,blockshuf_neg_2x,9999,0,3ea09121810f,ACCESO
58,3fa0840c66c9,S09_fresco,baseline,777,0,3fa0840c66c9,SPENTO
59,40af44b7ef2d,S04_gouache,blockshuf_neg_1x,4242145,0,40af44b7ef2d,SPENTO
60,410a9b2d5916,S02_linocut,blockshuf_neg_1x,42,0,410a9b2d5916,SPENTO
61,413a7ca48513,S04_gouache,blockshuf_neg_2x,1337,0,413a7ca48513,SPENTO
62,41b70a4545f2,S08_papercraft,baseline,777,0,41b70a4545f2,SPENTO
63,44280e73fb2a,S07_comic,blockshuf_neg_1x,42,0,44280e73fb2a,SPENTO
64,47a6381f0097,S06_pastel,baseline,1337,0,47a6381f0097,SPENTO
65,483bae71f3c4,S02_linocut,blockshuf_neg_2x,1337,0,483bae71f3c4,SPENTO
66,4996f44d6860,S01_oil,blockshuf_neg_2x,4242145,0,4996f44d6860,SPENTO
67,499d925a2ebf,S10_synthwave,preset_pos_2x,9999,0,499d925a2ebf,SPENTO
68,4bdbfd375e1a,S10_synthwave,preset_pos_2x,42,0,4bdbfd375e1a,SPENTO
69,4d020f77dd06,S08_papercraft,blockshuf_neg_2x,4242145,0,4d020f77dd06,SPENTO
70,4d8335e8e87e,S04_gouache,preset_pos_2x,9999,0,4d8335e8e87e,SPENTO
71,4df0dd1c570d,S03_cyberpunk,blockshuf_neg_1x,777,0,4df0dd1c570d,SPENTO
72,4e10c5695ca5,S08_papercraft,baseline,1337,1,549fd90b33f0,SPENTO
73,52b0675e212b,S07_comic,preset_pos_2x,9999,0,52b0675e212b,SPENTO
74,549fd90b33f0,S08_papercraft,baseline,1337,0,549fd90b33f0,SPENTO
75,5522dcc6ea2a,S10_synthwave,blockshuf_neg_2x,4242145,0,5522dcc6ea2a,SPENTO
76,55a872aa7299,S04_gouache,blockshuf_neg_2x,9999,0,55a872aa7299,SPENTO
77,56ce19578c63,S06_pastel,preset_pos_2x,4242145,0,56ce19578c63,SPENTO
78,598135f7fa31,S09_fresco,baseline,9999,1,12212d417911,SPENTO
79,5ad228d9ce12,S01_oil,blockshuf_neg_1x,777,0,5ad228d9ce12,SPENTO
80,5b396bb00a9e,S02_linocut,blockshuf_neg_1x,4242145,0,5b396bb00a9e,SPENTO
81,5bdd60627d55,S05_pencil,preset_pos_2x,777,0,5bdd60627d55,SPENTO
82,5c1c57c8c90a,S04_gouache,blockshuf_neg_1x,42,0,5c1c57c8c90a,SPENTO
83,5c264918b874,S06_pastel,blockshuf_neg_2x,4242145,0,5c264918b874,SPENTO
84,5d07ec9a1866,S10_synthwave,baseline,777,0,5d07ec9a1866,SPENTO
85,5ddf8cbe2ba1,S02_linocut,preset_pos_2x,9999,0,5ddf8cbe2ba1,SPENTO
86,5e605b1ae582,S04_gouache,baseline,9999,0,5e605b1ae582,SPENTO
87,6147ea84f0db,S02_linocut,preset_pos_2x,42,0,6147ea84f0db,SPENTO
88,62285a4b2b0a,S01_oil,baseline,42,1,83057136d13a,SPENTO
89,65633c1ba38d,S07_comic,preset_pos_2x,777,0,65633c1ba38d,SPENTO
90,65a6094367b7,S10_synthwave,baseline,777,1,5d07ec9a1866,SPENTO
91,65b13599caa4,S04_gouache,blockshuf_neg_1x,9999,0,65b13599caa4,SPENTO
92,67596b49cb72,S09_fresco,blockshuf_neg_1x,4242145,0,67596b49cb72,SPENTO
93,69bd7e51caf3,S09_fresco,baseline,777,1,3fa0840c66c9,SPENTO
94,6b5b8c5dc5d8,S02_linocut,baseline,777,1,0d485d19432f,SPENTO
95,6b5fd4c86175,S01_oil,baseline,1337,0,6b5fd4c86175,SPENTO
96,6b65c1fbf6ab,S06_pastel,baseline,1337,1,47a6381f0097,SPENTO
97,6b6c555e5189,S10_synthwave,blockshuf_neg_2x,1337,0,6b6c555e5189,SPENTO
98,6b8da525c779,S02_linocut,baseline,9999,0,6b8da525c779,SPENTO
99,6d4a6fefa546,S07_comic,preset_pos_2x,4242145,0,6d4a6fefa546,SPENTO
100,6dc34c64cc89,S09_fresco,blockshuf_neg_2x,777,0,6dc34c64cc89,SPENTO
101,73752a090164,S03_cyberpunk,blockshuf_neg_1x,1337,0,73752a090164,ACCESO
102,74815f2c03a5,S01_oil,blockshuf_neg_2x,42,0,74815f2c03a5,SPENTO
103,764e8c7b8b3c,S05_pencil,preset_pos_2x,9999,0,764e8c7b8b3c,SPENTO
104,76b44413a68f,S06_pastel,blockshuf_neg_2x,1337,0,76b44413a68f,SPENTO
105,7971ee26a821,S10_synthwave,baseline,42,0,7971ee26a821,SPENTO
106,7af42ffa34be,S08_papercraft,preset_pos_2x,4242145,0,7af42ffa34be,SPENTO
107,7d2948cac415,S05_pencil,blockshuf_neg_1x,9999,0,7d2948cac415,SPENTO
108,7da1760a3163,S07_comic,baseline,9999,1,396d6d3960e9,SPENTO
109,7e0813835760,S03_cyberpunk,baseline,1337,1,22bfe75ef216,ACCESO
110,7e703830a251,S02_linocut,baseline,9999,1,6b8da525c779,SPENTO
111,7ea86df04f74,S05_pencil,blockshuf_neg_2x,42,0,7ea86df04f74,SPENTO
112,7f375ed4ce93,S09_fresco,blockshuf_neg_1x,1337,0,7f375ed4ce93,SPENTO
113,8018a80e7b21,S07_comic,baseline,4242145,0,8018a80e7b21,SPENTO
114,804f2cde64b4,S06_pastel,blockshuf_neg_2x,9999,0,804f2cde64b4,SPENTO
115,80608fce6453,S06_pastel,baseline,42,1,22b836993141,SPENTO
116,8112823804c5,S08_papercraft,preset_pos_2x,9999,0,8112823804c5,SPENTO
117,817df174e6f2,S03_cyberpunk,blockshuf_neg_2x,777,0,817df174e6f2,SPENTO
118,83057136d13a,S01_oil,baseline,42,0,83057136d13a,SPENTO
119,8741ff11c898,S04_gouache,blockshuf_neg_2x,777,0,8741ff11c898,SPENTO
120,8a0f95b600ec,S05_pencil,baseline,42,0,8a0f95b600ec,SPENTO
121,8ac5aa8df086,S09_fresco,blockshuf_neg_1x,777,0,8ac5aa8df086,SPENTO
122,8c1c9ad3cab5,S03_cyberpunk,blockshuf_neg_2x,1337,0,8c1c9ad3cab5,SPENTO
123,8c21d89409b9,S08_papercraft,baseline,9999,0,8c21d89409b9,SPENTO
124,8f1ef41cc450,S05_pencil,preset_pos_2x,4242145,0,8f1ef41cc450,SPENTO
125,8f62adbe3708,S09_fresco,preset_pos_2x,1337,0,8f62adbe3708,SPENTO
126,90d655d2ed98,S01_oil,preset_pos_2x,777,0,90d655d2ed98,SPENTO
127,922f25990138,S10_synthwave,blockshuf_neg_2x,777,0,922f25990138,SPENTO
128,994d4ec7281d,S07_comic,blockshuf_neg_2x,777,0,994d4ec7281d,SPENTO
129,9baacd4e8b36,S03_cyberpunk,blockshuf_neg_2x,4242145,0,9baacd4e8b36,SPENTO
130,9bb0c0ec174d,S08_papercraft,baseline,4242145,0,9bb0c0ec174d,SPENTO
131,9e10a5c345aa,S10_synthwave,preset_pos_2x,4242145,0,9e10a5c345aa,SPENTO
132,9e7ecd127443,S01_oil,preset_pos_2x,42,0,9e7ecd127443,SPENTO
133,9f1336d48011,S08_papercraft,baseline,9999,1,8c21d89409b9,SPENTO
134,9f3b2fb2c776,S07_comic,baseline,4242145,1,8018a80e7b21,SPENTO
135,9fa0735f0b43,S07_comic,blockshuf_neg_2x,4242145,0,9fa0735f0b43,SPENTO
136,a03e4201ed2f,S08_papercraft,blockshuf_neg_2x,1337,0,a03e4201ed2f,SPENTO
137,a235c141367d,S04_gouache,baseline,777,1,a9a02964dbd7,SPENTO
138,a28115c37587,S07_comic,baseline,777,0,a28115c37587,SPENTO
139,a318f3a4f19b,S02_linocut,blockshuf_neg_2x,4242145,0,a318f3a4f19b,SPENTO
140,a32eb71250d9,S05_pencil,baseline,1337,0,a32eb71250d9,SPENTO
141,a4649a61d24a,S02_linocut,blockshuf_neg_2x,42,0,a4649a61d24a,SPENTO
142,a46fb4dfa4b7,S09_fresco,preset_pos_2x,42,0,a46fb4dfa4b7,SPENTO
143,a5ab18f1e07d,S02_linocut,baseline,1337,0,a5ab18f1e07d,SPENTO
144,a8bf356f4c17,S08_papercraft,blockshuf_neg_1x,777,0,a8bf356f4c17,SPENTO
145,a91697b35056,S03_cyberpunk,baseline,777,0,a91697b35056,ACCESO
146,a9a02964dbd7,S04_gouache,baseline,777,0,a9a02964dbd7,SPENTO
147,ab91f103fb4e,S07_comic,blockshuf_neg_1x,1337,0,ab91f103fb4e,SPENTO
148,ac7726e4cc25,S08_papercraft,blockshuf_neg_1x,9999,0,ac7726e4cc25,SPENTO
149,adf791913d20,S06_pastel,blockshuf_neg_2x,777,0,adf791913d20,SPENTO
150,ae4519e4a246,S05_pencil,baseline,4242145,0,ae4519e4a246,SPENTO
151,b189dc769638,S06_pastel,preset_pos_2x,777,0,b189dc769638,SPENTO
152,b49e9d58b910,S01_oil,blockshuf_neg_2x,777,0,b49e9d58b910,SPENTO
153,b4e4fdbb938c,S01_oil,baseline,4242145,0,b4e4fdbb938c,SPENTO
154,b6ca42067d86,S03_cyberpunk,baseline,42,0,b6ca42067d86,ACCESO
155,b758e9654faa,S07_comic,blockshuf_neg_1x,777,0,b758e9654faa,SPENTO
156,b995c9edfd74,S04_gouache,preset_pos_2x,1337,0,b995c9edfd74,SPENTO
157,b9e6bf79dce6,S03_cyberpunk,blockshuf_neg_1x,9999,0,b9e6bf79dce6,ACCESO
158,ba3f96ab2753,S10_synthwave,blockshuf_neg_1x,9999,0,ba3f96ab2753,SPENTO
159,baa48baa8261,S03_cyberpunk,blockshuf_neg_1x,42,0,baa48baa8261,ACCESO
160,bd2cfdec30b3,S08_papercraft,blockshuf_neg_1x,4242145,0,bd2cfdec30b3,SPENTO
161,bf4511689c47,S01_oil,preset_pos_2x,1337,0,bf4511689c47,SPENTO
162,c0663af56bab,S08_papercraft,preset_pos_2x,1337,0,c0663af56bab,SPENTO
163,c3a8959aa19b,S01_oil,blockshuf_neg_1x,42,0,c3a8959aa19b,SPENTO
164,c72c0e709f96,S07_comic,baseline,42,0,c72c0e709f96,SPENTO
165,c749e9dcbfcd,S10_synthwave,baseline,4242145,0,c749e9dcbfcd,SPENTO
166,c82e9da923e0,S05_pencil,blockshuf_neg_1x,42,0,c82e9da923e0,SPENTO
167,c8538030eb57,S02_linocut,preset_pos_2x,777,0,c8538030eb57,SPENTO
168,c934608dce1a,S07_comic,blockshuf_neg_2x,42,0,c934608dce1a,SPENTO
169,caa7e4241f69,S03_cyberpunk,baseline,4242145,0,caa7e4241f69,ACCESO
170,cad7131afcc5,S05_pencil,preset_pos_2x,42,0,cad7131afcc5,SPENTO
171,cb8c46bbc004,S10_synthwave,baseline,1337,0,cb8c46bbc004,SPENTO
172,cc6369924a7b,S07_comic,preset_pos_2x,1337,0,cc6369924a7b,SPENTO
173,cd32132103a6,S10_synthwave,baseline,1337,1,cb8c46bbc004,SPENTO
174,cd9a7dae564b,S03_cyberpunk,baseline,42,1,b6ca42067d86,ACCESO
175,cf70935e1537,S09_fresco,baseline,1337,0,cf70935e1537,SPENTO
176,d053850b417b,S02_linocut,blockshuf_neg_1x,777,0,d053850b417b,SPENTO
177,d0b508024b5d,S10_synthwave,blockshuf_neg_2x,9999,0,d0b508024b5d,SPENTO
178,d10e4df04dd4,S10_synthwave,blockshuf_neg_2x,42,0,d10e4df04dd4,SPENTO
179,d2dfb7c4c888,S08_papercraft,blockshuf_neg_1x,1337,0,d2dfb7c4c888,SPENTO
180,d6e11fb14cfc,S07_comic,blockshuf_neg_2x,1337,0,d6e11fb14cfc,SPENTO
181,d744f2f64c39,S06_pastel,blockshuf_neg_1x,42,0,d744f2f64c39,SPENTO
182,d76c03763ab8,S10_synthwave,preset_pos_2x,777,0,d76c03763ab8,SPENTO
183,d9280efc561c,S05_pencil,blockshuf_neg_2x,1337,0,d9280efc561c,SPENTO
184,db214b149b5f,S06_pastel,baseline,9999,0,db214b149b5f,SPENTO
185,dd0a4ac5acaa,S09_fresco,blockshuf_neg_2x,42,0,dd0a4ac5acaa,SPENTO
186,dd3d06ac4c1f,S09_fresco,baseline,42,0,dd3d06ac4c1f,SPENTO
187,e0022e85240f,S06_pastel,preset_pos_2x,1337,0,e0022e85240f,SPENTO
188,e15477ec27a9,S01_oil,blockshuf_neg_2x,9999,0,e15477ec27a9,SPENTO
189,e56b7a0587ad,S01_oil,preset_pos_2x,9999,0,e56b7a0587ad,SPENTO
190,e687f90ed339,S01_oil,blockshuf_neg_1x,4242145,0,e687f90ed339,SPENTO
191,e6f9a07de983,S04_gouache,baseline,1337,0,e6f9a07de983,SPENTO
192,e71d09056895,S05_pencil,blockshuf_neg_2x,9999,0,e71d09056895,SPENTO
193,e8359e9da943,S04_gouache,blockshuf_neg_1x,777,0,e8359e9da943,SPENTO
194,e84573092097,S06_pastel,blockshuf_neg_1x,4242145,0,e84573092097,SPENTO
195,e886e7eb23e3,S02_linocut,blockshuf_neg_1x,9999,0,e886e7eb23e3,SPENTO
196,e9137242c507,S06_pastel,preset_pos_2x,9999,0,e9137242c507,SPENTO
197,e938d5402194,S06_pastel,blockshuf_neg_1x,777,0,e938d5402194,SPENTO
198,ecc20d62336f,S08_papercraft,preset_pos_2x,42,0,ecc20d62336f,SPENTO
199,ed3460ac9b65,S09_fresco,blockshuf_neg_1x,42,0,ed3460ac9b65,SPENTO
200,ed7c12076ce5,S04_gouache,baseline,42,0,ed7c12076ce5,SPENTO
201,ee9f922fd97c,S10_synthwave,blockshuf_neg_1x,42,0,ee9f922fd97c,SPENTO
202,ef711f402d81,S03_cyberpunk,preset_pos_2x,4242145,0,ef711f402d81,ACCESO
203,f02ded303f4a,S04_gouache,preset_pos_2x,42,0,f02ded303f4a,SPENTO
204,f1d2fa8480c4,S08_papercraft,blockshuf_neg_2x,9999,0,f1d2fa8480c4,SPENTO
205,f5e3d602fc37,S01_oil,blockshuf_neg_1x,9999,0,f5e3d602fc37,SPENTO
206,f7e7adc29fb7,S05_pencil,baseline,9999,0,f7e7adc29fb7,SPENTO
207,f86705feff38,S02_linocut,blockshuf_neg_2x,9999,0,f86705feff38,SPENTO
208,f95730b9df37,S04_gouache,preset_pos_2x,4242145,0,f95730b9df37,SPENTO
209,f9c6709c826f,S10_synthwave,baseline,9999,0,f9c6709c826f,SPENTO
210,f9e7b21e6b6e,S05_pencil,blockshuf_neg_2x,777,0,f9e7b21e6b6e,SPENTO
211,fa42c37bad5b,S01_oil,preset_pos_2x,4242145,0,fa42c37bad5b,SPENTO
212,fa988a6fbd19,S02_linocut,blockshuf_neg_2x,777,0,fa988a6fbd19,SPENTO
213,fabc99507953,S01_oil,baseline,777,0,fabc99507953,SPENTO
214,fb441810d672,S09_fresco,preset_pos_2x,777,0,fb441810d672,SPENTO
215,fb94da5e4069,S04_gouache,preset_pos_2x,777,0,fb94da5e4069,SPENTO
216,fd6fff5af466,S10_synthwave,blockshuf_neg_1x,1337,0,fd6fff5af466,SPENTO
217,feaabc1fd8fd,S07_comic,blockshuf_neg_1x,4242145,0,feaabc1fd8fd,SPENTO
218,fed81ba6d52c,S09_fresco,baseline,4242145,0,fed81ba6d52c,SPENTO
219,ff0da955ae03,S09_fresco,preset_pos_2x,4242145,0,ff0da955ae03,SPENTO
220,ffe310d79763,S04_gouache,blockshuf_neg_2x,42,0,ffe310d79763,SPENTO
