prompt_id,prompt_sha1,condition,seed,file_path,filename,body_area_frac,contrast_proxy_frac,file,colorfulness_hs
S1_photo,3dd4956c29,baseline,42,C:\StabilityMatrix-win-x64\Data\Packages\ComfyUI\output\benchmark_stage9\renders\S1_photo_baseline_seed42_00001_.png,S1_photo_baseline_seed42_00001_.png,0.20294189453125,0.0488677978515625,S1_photo_baseline_seed42_00001_.png,34.807037353515625
S1_photo,3dd4956c29,baseline,777,C:\StabilityMatrix-win-x64\Data\Packages\ComfyUI\output\benchmark_stage9\renders\S1_photo_baseline_seed777_00001_.png,S1_photo_baseline_seed777_00001_.png,0.18304443359375,0.0677215576171875,S1_photo_baseline_seed777_00001_.png,34.34893798828125
S1_photo,3dd4956c29,baseline,1337,C:\StabilityMatrix-win-x64\Data\Packages\ComfyUI\output\benchmark_stage9\renders\S1_photo_baseline_seed1337_00001_.png,S1_photo_baseline_seed1337_00001_.png,0.2439056396484375,0.0366424560546875,S1_photo_baseline_seed1337_00001_.png,35.525760650634766
S1_photo,3dd4956c29,baseline,9999,C:\StabilityMatrix-win-x64\Data\Packages\ComfyUI\output\benchmark_stage9\renders\S1_photo_baseline_seed9999_00001_.png,S1_photo_baseline_seed9999_00001_.png,0.2180908203125,0.0397918701171875,S1_photo_baseline_seed9999_00001_.png,33.10068893432617
S1_photo,3dd4956c29,baseline,4242145,C:\StabilityMatrix-win-x64\Data\Packages\ComfyUI\output\benchmark_stage9\renders\S1_photo_baseline_seed4242145_00001_.png,S1_photo_baseline_seed4242145_00001_.png,0.2058807373046875,0.081109619140625,S1_photo_baseline_seed4242145_00001_.png,33.722190856933594
S1_photo,3dd4956c29,preset_pos_1x,42,C:\StabilityMatrix-win-x64\Data\Packages\ComfyUI\output\benchmark_stage9\renders\S1_photo_preset_pos_1x_seed42_00001_.png,S1_photo_preset_pos_1x_seed42_00001_.png,0.244012451171875,0.049072265625,S1_photo_preset_pos_1x_seed42_00001_.png,34.959815979003906
S1_photo,3dd4956c29,preset_pos_1x,777,C:\StabilityMatrix-win-x64\Data\Packages\ComfyUI\output\benchmark_stage9\renders\S1_photo_preset_pos_1x_seed777_00001_.png,S1_photo_preset_pos_1x_seed777_00001_.png,0.24974365234375,0.0330169677734375,S1_photo_preset_pos_1x_seed777_00001_.png,32.51285552978516
S1_photo,3dd4956c29,preset_pos_1x,1337,C:\StabilityMatrix-win-x64\Data\Packages\ComfyUI\output\benchmark_stage9\renders\S1_photo_preset_pos_1x_seed1337_00001_.png,S1_photo_preset_pos_1x_seed1337_00001_.png,0.2365264892578125,0.04976806640625,S1_photo_preset_pos_1x_seed1337_00001_.png,38.349884033203125
S1_photo,3dd4956c29,preset_pos_1x,9999,C:\StabilityMatrix-win-x64\Data\Packages\ComfyUI\output\benchmark_stage9\renders\S1_photo_preset_pos_1x_seed9999_00001_.png,S1_photo_preset_pos_1x_seed9999_00001_.png,0.21314697265625,0.06173095703125,S1_photo_preset_pos_1x_seed9999_00001_.png,32.17899703979492
S1_photo,3dd4956c29,preset_pos_1x,4242145,C:\StabilityMatrix-win-x64\Data\Packages\ComfyUI\output\benchmark_stage9\renders\S1_photo_preset_pos_1x_seed4242145_00001_.png,S1_photo_preset_pos_1x_seed4242145_00001_.png,0.282659912109375,0.033197021484375,S1_photo_preset_pos_1x_seed4242145_00001_.png,31.27625846862793
S1_photo,3dd4956c29,preset_pos_2x,42,C:\StabilityMatrix-win-x64\Data\Packages\ComfyUI\output\benchmark_stage9\renders\S1_photo_preset_pos_2x_seed42_00001_.png,S1_photo_preset_pos_2x_seed42_00001_.png,0.2918609619140625,0.0297821044921875,S1_photo_preset_pos_2x_seed42_00001_.png,30.43013381958008
S1_photo,3dd4956c29,preset_pos_2x,777,C:\StabilityMatrix-win-x64\Data\Packages\ComfyUI\output\benchmark_stage9\renders\S1_photo_preset_pos_2x_seed777_00001_.png,S1_photo_preset_pos_2x_seed777_00001_.png,0.3080718994140625,0.0665771484375,S1_photo_preset_pos_2x_seed777_00001_.png,32.24669647216797
S1_photo,3dd4956c29,preset_pos_2x,1337,C:\StabilityMatrix-win-x64\Data\Packages\ComfyUI\output\benchmark_stage9\renders\S1_photo_preset_pos_2x_seed1337_00001_.png,S1_photo_preset_pos_2x_seed1337_00001_.png,0.3016143798828125,0.0287139892578125,S1_photo_preset_pos_2x_seed1337_00001_.png,36.85088348388672
S1_photo,3dd4956c29,preset_pos_2x,9999,C:\StabilityMatrix-win-x64\Data\Packages\ComfyUI\output\benchmark_stage9\renders\S1_photo_preset_pos_2x_seed9999_00001_.png,S1_photo_preset_pos_2x_seed9999_00001_.png,0.2714202880859375,0.0493682861328125,S1_photo_preset_pos_2x_seed9999_00001_.png,33.419334411621094
S1_photo,3dd4956c29,preset_pos_2x,4242145,C:\StabilityMatrix-win-x64\Data\Packages\ComfyUI\output\benchmark_stage9\renders\S1_photo_preset_pos_2x_seed4242145_00001_.png,S1_photo_preset_pos_2x_seed4242145_00001_.png,0.2835113525390625,0.0273773193359375,S1_photo_preset_pos_2x_seed4242145_00001_.png,34.44282913208008
S1_photo,3dd4956c29,blockshuf_neg_1x,42,C:\StabilityMatrix-win-x64\Data\Packages\ComfyUI\output\benchmark_stage9\renders\S1_photo_blockshuf_neg_1x_seed42_00001_.png,S1_photo_blockshuf_neg_1x_seed42_00001_.png,0.2194061279296875,0.03824462890625,S1_photo_blockshuf_neg_1x_seed42_00001_.png,34.08108901977539
S1_photo,3dd4956c29,blockshuf_neg_1x,777,C:\StabilityMatrix-win-x64\Data\Packages\ComfyUI\output\benchmark_stage9\renders\S1_photo_blockshuf_neg_1x_seed777_00001_.png,S1_photo_blockshuf_neg_1x_seed777_00001_.png,0.2030242919921875,0.028375244140625,S1_photo_blockshuf_neg_1x_seed777_00001_.png,38.44983673095703
S1_photo,3dd4956c29,blockshuf_neg_1x,1337,C:\StabilityMatrix-win-x64\Data\Packages\ComfyUI\output\benchmark_stage9\renders\S1_photo_blockshuf_neg_1x_seed1337_00001_.png,S1_photo_blockshuf_neg_1x_seed1337_00001_.png,0.2493499755859375,0.02669677734375,S1_photo_blockshuf_neg_1x_seed1337_00001_.png,37.4661865234375
S1_photo,3dd4956c29,blockshuf_neg_1x,9999,C:\StabilityMatrix-win-x64\Data\Packages\ComfyUI\output\benchmark_stage9\renders\S1_photo_blockshuf_neg_1x_seed9999_00001_.png,S1_photo_blockshuf_neg_1x_seed9999_00001_.png,0.20052490234375,0.0315673828125,S1_photo_blockshuf_neg_1x_seed9999_00001_.png,36.048072814941406
S1_photo,3dd4956c29,blockshuf_neg_1x,4242145,C:\StabilityMatrix-win-x64\Data\Packages\ComfyUI\output\benchmark_stage9\renders\S1_photo_blockshuf_neg_1x_seed4242145_00001_.png,S1_photo_blockshuf_neg_1x_seed4242145_00001_.png,0.2221282958984375,0.0319366455078125,S1_photo_blockshuf_neg_1x_seed4242145_00001_.png,38.27603912353516
S1_photo,3dd4956c29,blockshuf_neg_2x,42,C:\StabilityMatrix-win-x64\Data\Packages\ComfyUI\output\benchmark_stage9\renders\S1_photo_blockshuf_neg_2x_seed42_00001_.png,S1_photo_blockshuf_neg_2x_seed42_00001_.png,0.228753662109375,0.0360107421875,S1_photo_blockshuf_neg_2x_seed42_00001_.png,48.718040466308594
S1_photo,3dd4956c29,blockshuf_neg_2x,777,C:\StabilityMatrix-win-x64\Data\Packages\ComfyUI\output\benchmark_stage9\renders\S1_photo_blockshuf_neg_2x_seed777_00001_.png,S1_photo_blockshuf_neg_2x_seed777_00001_.png,0.2545684814453125,0.0300048828125,S1_photo_blockshuf_neg_2x_seed777_00001_.png,40.17001724243164
S1_photo,3dd4956c29,blockshuf_neg_2x,1337,C:\StabilityMatrix-win-x64\Data\Packages\ComfyUI\output\benchmark_stage9\renders\S1_photo_blockshuf_neg_2x_seed1337_00001_.png,S1_photo_blockshuf_neg_2x_seed1337_00001_.png,0.2403961181640625,0.037677001953125,S1_photo_blockshuf_neg_2x_seed1337_00001_.png,54.7280502319336
S1_photo,3dd4956c29,blockshuf_neg_2x,9999,C:\StabilityMatrix-win-x64\Data\Packages\ComfyUI\output\benchmark_stage9\renders\S1_photo_blockshuf_neg_2x_seed9999_00001_.png,S1_photo_blockshuf_neg_2x_seed9999_00001_.png,0.221307373046875,0.0375030517578125,S1_photo_blockshuf_neg_2x_seed9999_00001_.png,48.120025634765625
S1_photo,3dd4956c29,blockshuf_neg_2x,4242145,C:\StabilityMatrix-win-x64\Data\Packages\ComfyUI\output\benchmark_stage9\renders\S1_photo_blockshuf_neg_2x_seed4242145_00001_.png,S1_photo_blockshuf_neg_2x_seed4242145_00001_.png,0.224444580078125,0.0379791259765625,S1_photo_blockshuf_neg_2x_seed4242145_00001_.png,50.810176849365234
S1_photo,3dd4956c29,rand_pos_1x,42,C:\StabilityMatrix-win-x64\Data\Packages\ComfyUI\output\benchmark_stage9\renders\S1_photo_rand_pos_1x_seed42_00001_.png,S1_photo_rand_pos_1x_seed42_00001_.png,0.198138427734375,0.0647857666015625,S1_photo_rand_pos_1x_seed42_00001_.png,37.01118087768555
S1_photo,3dd4956c29,rand_pos_1x,777,C:\StabilityMatrix-win-x64\Data\Packages\ComfyUI\output\benchmark_stage9\renders\S1_photo_rand_pos_1x_seed777_00001_.png,S1_photo_rand_pos_1x_seed777_00001_.png,0.2401885986328125,0.0527801513671875,S1_photo_rand_pos_1x_seed777_00001_.png,32.597503662109375
S1_photo,3dd4956c29,rand_pos_1x,1337,C:\StabilityMatrix-win-x64\Data\Packages\ComfyUI\output\benchmark_stage9\renders\S1_photo_rand_pos_1x_seed1337_00001_.png,S1_photo_rand_pos_1x_seed1337_00001_.png,0.26253662109375,0.0247711181640625,S1_photo_rand_pos_1x_seed1337_00001_.png,34.950435638427734
S1_photo,3dd4956c29,rand_pos_1x,9999,C:\StabilityMatrix-win-x64\Data\Packages\ComfyUI\output\benchmark_stage9\renders\S1_photo_rand_pos_1x_seed9999_00001_.png,S1_photo_rand_pos_1x_seed9999_00001_.png,0.2135345458984375,0.0283111572265625,S1_photo_rand_pos_1x_seed9999_00001_.png,31.66773796081543
S1_photo,3dd4956c29,rand_pos_1x,4242145,C:\StabilityMatrix-win-x64\Data\Packages\ComfyUI\output\benchmark_stage9\renders\S1_photo_rand_pos_1x_seed4242145_00001_.png,S1_photo_rand_pos_1x_seed4242145_00001_.png,0.228729248046875,0.03009033203125,S1_photo_rand_pos_1x_seed4242145_00001_.png,38.182655334472656
S1_photo,3dd4956c29,rand_pos_2x,42,C:\StabilityMatrix-win-x64\Data\Packages\ComfyUI\output\benchmark_stage9\renders\S1_photo_rand_pos_2x_seed42_00001_.png,S1_photo_rand_pos_2x_seed42_00001_.png,0.23592529296875,0.0214141845703125,S1_photo_rand_pos_2x_seed42_00001_.png,35.942176818847656
S1_photo,3dd4956c29,rand_pos_2x,777,C:\StabilityMatrix-win-x64\Data\Packages\ComfyUI\output\benchmark_stage9\renders\S1_photo_rand_pos_2x_seed777_00001_.png,S1_photo_rand_pos_2x_seed777_00001_.png,0.2375701904296875,0.0224578857421875,S1_photo_rand_pos_2x_seed777_00001_.png,34.52799224853516
S1_photo,3dd4956c29,rand_pos_2x,1337,C:\StabilityMatrix-win-x64\Data\Packages\ComfyUI\output\benchmark_stage9\renders\S1_photo_rand_pos_2x_seed1337_00001_.png,S1_photo_rand_pos_2x_seed1337_00001_.png,0.1347686767578125,0.021844482421875,S1_photo_rand_pos_2x_seed1337_00001_.png,39.361572265625
S1_photo,3dd4956c29,rand_pos_2x,9999,C:\StabilityMatrix-win-x64\Data\Packages\ComfyUI\output\benchmark_stage9\renders\S1_photo_rand_pos_2x_seed9999_00001_.png,S1_photo_rand_pos_2x_seed9999_00001_.png,0.1481964111328125,0.0195587158203125,S1_photo_rand_pos_2x_seed9999_00001_.png,36.58681488037109
S1_photo,3dd4956c29,rand_pos_2x,4242145,C:\StabilityMatrix-win-x64\Data\Packages\ComfyUI\output\benchmark_stage9\renders\S1_photo_rand_pos_2x_seed4242145_00001_.png,S1_photo_rand_pos_2x_seed4242145_00001_.png,0.21005859375,0.019073486328125,S1_photo_rand_pos_2x_seed4242145_00001_.png,31.323949813842773
S2_watercolor,aded1ad92b,baseline,42,C:\StabilityMatrix-win-x64\Data\Packages\ComfyUI\output\benchmark_stage9\renders\S2_watercolor_baseline_seed42_00001_.png,S2_watercolor_baseline_seed42_00001_.png,0.3662200927734375,0.03115234375,S2_watercolor_baseline_seed42_00001_.png,41.91388702392578
S2_watercolor,aded1ad92b,baseline,777,C:\StabilityMatrix-win-x64\Data\Packages\ComfyUI\output\benchmark_stage9\renders\S2_watercolor_baseline_seed777_00001_.png,S2_watercolor_baseline_seed777_00001_.png,0.3684234619140625,0.0350433349609375,S2_watercolor_baseline_seed777_00001_.png,43.99254989624024
S2_watercolor,aded1ad92b,baseline,1337,C:\StabilityMatrix-win-x64\Data\Packages\ComfyUI\output\benchmark_stage9\renders\S2_watercolor_baseline_seed1337_00001_.png,S2_watercolor_baseline_seed1337_00001_.png,0.3142181396484375,0.04697265625,S2_watercolor_baseline_seed1337_00001_.png,47.14064407348633
S2_watercolor,aded1ad92b,baseline,9999,C:\StabilityMatrix-win-x64\Data\Packages\ComfyUI\output\benchmark_stage9\renders\S2_watercolor_baseline_seed9999_00001_.png,S2_watercolor_baseline_seed9999_00001_.png,0.3251251220703125,0.0433013916015625,S2_watercolor_baseline_seed9999_00001_.png,42.0092658996582
S2_watercolor,aded1ad92b,baseline,4242145,C:\StabilityMatrix-win-x64\Data\Packages\ComfyUI\output\benchmark_stage9\renders\S2_watercolor_baseline_seed4242145_00001_.png,S2_watercolor_baseline_seed4242145_00001_.png,0.317974853515625,0.052105712890625,S2_watercolor_baseline_seed4242145_00001_.png,45.49855041503906
S2_watercolor,aded1ad92b,preset_pos_1x,42,C:\StabilityMatrix-win-x64\Data\Packages\ComfyUI\output\benchmark_stage9\renders\S2_watercolor_preset_pos_1x_seed42_00001_.png,S2_watercolor_preset_pos_1x_seed42_00001_.png,0.443011474609375,0.02794189453125,S2_watercolor_preset_pos_1x_seed42_00001_.png,40.84479904174805
S2_watercolor,aded1ad92b,preset_pos_1x,777,C:\StabilityMatrix-win-x64\Data\Packages\ComfyUI\output\benchmark_stage9\renders\S2_watercolor_preset_pos_1x_seed777_00001_.png,S2_watercolor_preset_pos_1x_seed777_00001_.png,0.365301513671875,0.0145233154296875,S2_watercolor_preset_pos_1x_seed777_00001_.png,40.76827239990234
S2_watercolor,aded1ad92b,preset_pos_1x,1337,C:\StabilityMatrix-win-x64\Data\Packages\ComfyUI\output\benchmark_stage9\renders\S2_watercolor_preset_pos_1x_seed1337_00001_.png,S2_watercolor_preset_pos_1x_seed1337_00001_.png,0.3798797607421875,0.019757080078125,S2_watercolor_preset_pos_1x_seed1337_00001_.png,44.89015579223633
S2_watercolor,aded1ad92b,preset_pos_1x,9999,C:\StabilityMatrix-win-x64\Data\Packages\ComfyUI\output\benchmark_stage9\renders\S2_watercolor_preset_pos_1x_seed9999_00001_.png,S2_watercolor_preset_pos_1x_seed9999_00001_.png,0.377545166015625,0.02371826171875,S2_watercolor_preset_pos_1x_seed9999_00001_.png,40.11359405517578
S2_watercolor,aded1ad92b,preset_pos_1x,4242145,C:\StabilityMatrix-win-x64\Data\Packages\ComfyUI\output\benchmark_stage9\renders\S2_watercolor_preset_pos_1x_seed4242145_00001_.png,S2_watercolor_preset_pos_1x_seed4242145_00001_.png,0.4010894775390625,0.039410400390625,S2_watercolor_preset_pos_1x_seed4242145_00001_.png,39.50381851196289
S2_watercolor,aded1ad92b,preset_pos_2x,42,C:\StabilityMatrix-win-x64\Data\Packages\ComfyUI\output\benchmark_stage9\renders\S2_watercolor_preset_pos_2x_seed42_00001_.png,S2_watercolor_preset_pos_2x_seed42_00001_.png,0.4502288818359375,0.03143310546875,S2_watercolor_preset_pos_2x_seed42_00001_.png,41.23410034179688
S2_watercolor,aded1ad92b,preset_pos_2x,777,C:\StabilityMatrix-win-x64\Data\Packages\ComfyUI\output\benchmark_stage9\renders\S2_watercolor_preset_pos_2x_seed777_00001_.png,S2_watercolor_preset_pos_2x_seed777_00001_.png,0.408575439453125,0.0286346435546875,S2_watercolor_preset_pos_2x_seed777_00001_.png,39.97736740112305
S2_watercolor,aded1ad92b,preset_pos_2x,1337,C:\StabilityMatrix-win-x64\Data\Packages\ComfyUI\output\benchmark_stage9\renders\S2_watercolor_preset_pos_2x_seed1337_00001_.png,S2_watercolor_preset_pos_2x_seed1337_00001_.png,0.4182708740234375,0.0319488525390625,S2_watercolor_preset_pos_2x_seed1337_00001_.png,44.71083831787109
S2_watercolor,aded1ad92b,preset_pos_2x,9999,C:\StabilityMatrix-win-x64\Data\Packages\ComfyUI\output\benchmark_stage9\renders\S2_watercolor_preset_pos_2x_seed9999_00001_.png,S2_watercolor_preset_pos_2x_seed9999_00001_.png,0.420770263671875,0.033074951171875,S2_watercolor_preset_pos_2x_seed9999_00001_.png,40.1004524230957
S2_watercolor,aded1ad92b,preset_pos_2x,4242145,C:\StabilityMatrix-win-x64\Data\Packages\ComfyUI\output\benchmark_stage9\renders\S2_watercolor_preset_pos_2x_seed4242145_00001_.png,S2_watercolor_preset_pos_2x_seed4242145_00001_.png,0.4230377197265625,0.0295989990234375,S2_watercolor_preset_pos_2x_seed4242145_00001_.png,42.503639221191406
S2_watercolor,aded1ad92b,blockshuf_neg_1x,42,C:\StabilityMatrix-win-x64\Data\Packages\ComfyUI\output\benchmark_stage9\renders\S2_watercolor_blockshuf_neg_1x_seed42_00001_.png,S2_watercolor_blockshuf_neg_1x_seed42_00001_.png,0.3337005615234375,0.0401824951171875,S2_watercolor_blockshuf_neg_1x_seed42_00001_.png,45.919281005859375
S2_watercolor,aded1ad92b,blockshuf_neg_1x,777,C:\StabilityMatrix-win-x64\Data\Packages\ComfyUI\output\benchmark_stage9\renders\S2_watercolor_blockshuf_neg_1x_seed777_00001_.png,S2_watercolor_blockshuf_neg_1x_seed777_00001_.png,0.3432525634765625,0.0255828857421875,S2_watercolor_blockshuf_neg_1x_seed777_00001_.png,46.53083801269531
S2_watercolor,aded1ad92b,blockshuf_neg_1x,1337,C:\StabilityMatrix-win-x64\Data\Packages\ComfyUI\output\benchmark_stage9\renders\S2_watercolor_blockshuf_neg_1x_seed1337_00001_.png,S2_watercolor_blockshuf_neg_1x_seed1337_00001_.png,0.3155975341796875,0.029791259765625,S2_watercolor_blockshuf_neg_1x_seed1337_00001_.png,48.216583251953125
S2_watercolor,aded1ad92b,blockshuf_neg_1x,9999,C:\StabilityMatrix-win-x64\Data\Packages\ComfyUI\output\benchmark_stage9\renders\S2_watercolor_blockshuf_neg_1x_seed9999_00001_.png,S2_watercolor_blockshuf_neg_1x_seed9999_00001_.png,0.2899932861328125,0.039422607421875,S2_watercolor_blockshuf_neg_1x_seed9999_00001_.png,43.64102935791016
S2_watercolor,aded1ad92b,blockshuf_neg_1x,4242145,C:\StabilityMatrix-win-x64\Data\Packages\ComfyUI\output\benchmark_stage9\renders\S2_watercolor_blockshuf_neg_1x_seed4242145_00001_.png,S2_watercolor_blockshuf_neg_1x_seed4242145_00001_.png,0.3405487060546875,0.0358123779296875,S2_watercolor_blockshuf_neg_1x_seed4242145_00001_.png,47.36410903930664
S2_watercolor,aded1ad92b,blockshuf_neg_2x,42,C:\StabilityMatrix-win-x64\Data\Packages\ComfyUI\output\benchmark_stage9\renders\S2_watercolor_blockshuf_neg_2x_seed42_00001_.png,S2_watercolor_blockshuf_neg_2x_seed42_00001_.png,0.2748016357421875,0.0601318359375,S2_watercolor_blockshuf_neg_2x_seed42_00001_.png,58.929935455322266
S2_watercolor,aded1ad92b,blockshuf_neg_2x,777,C:\StabilityMatrix-win-x64\Data\Packages\ComfyUI\output\benchmark_stage9\renders\S2_watercolor_blockshuf_neg_2x_seed777_00001_.png,S2_watercolor_blockshuf_neg_2x_seed777_00001_.png,0.225823974609375,0.0486236572265625,S2_watercolor_blockshuf_neg_2x_seed777_00001_.png,61.977317810058594
S2_watercolor,aded1ad92b,blockshuf_neg_2x,1337,C:\StabilityMatrix-win-x64\Data\Packages\ComfyUI\output\benchmark_stage9\renders\S2_watercolor_blockshuf_neg_2x_seed1337_00001_.png,S2_watercolor_blockshuf_neg_2x_seed1337_00001_.png,0.2180023193359375,0.0216888427734375,S2_watercolor_blockshuf_neg_2x_seed1337_00001_.png,65.86760711669922
S2_watercolor,aded1ad92b,blockshuf_neg_2x,9999,C:\StabilityMatrix-win-x64\Data\Packages\ComfyUI\output\benchmark_stage9\renders\S2_watercolor_blockshuf_neg_2x_seed9999_00001_.png,S2_watercolor_blockshuf_neg_2x_seed9999_00001_.png,0.26402587890625,0.0475372314453125,S2_watercolor_blockshuf_neg_2x_seed9999_00001_.png,60.91013717651367
S2_watercolor,aded1ad92b,blockshuf_neg_2x,4242145,C:\StabilityMatrix-win-x64\Data\Packages\ComfyUI\output\benchmark_stage9\renders\S2_watercolor_blockshuf_neg_2x_seed4242145_00001_.png,S2_watercolor_blockshuf_neg_2x_seed4242145_00001_.png,0.25751953125,0.080828857421875,S2_watercolor_blockshuf_neg_2x_seed4242145_00001_.png,57.77025604248047
S2_watercolor,aded1ad92b,rand_pos_1x,42,C:\StabilityMatrix-win-x64\Data\Packages\ComfyUI\output\benchmark_stage9\renders\S2_watercolor_rand_pos_1x_seed42_00001_.png,S2_watercolor_rand_pos_1x_seed42_00001_.png,0.4145050048828125,0.02091064453125,S2_watercolor_rand_pos_1x_seed42_00001_.png,41.34101104736328
S2_watercolor,aded1ad92b,rand_pos_1x,777,C:\StabilityMatrix-win-x64\Data\Packages\ComfyUI\output\benchmark_stage9\renders\S2_watercolor_rand_pos_1x_seed777_00001_.png,S2_watercolor_rand_pos_1x_seed777_00001_.png,0.3999114990234375,0.0266021728515625,S2_watercolor_rand_pos_1x_seed777_00001_.png,43.8121223449707
S2_watercolor,aded1ad92b,rand_pos_1x,1337,C:\StabilityMatrix-win-x64\Data\Packages\ComfyUI\output\benchmark_stage9\renders\S2_watercolor_rand_pos_1x_seed1337_00001_.png,S2_watercolor_rand_pos_1x_seed1337_00001_.png,0.3856781005859375,0.033392333984375,S2_watercolor_rand_pos_1x_seed1337_00001_.png,45.79158020019531
S2_watercolor,aded1ad92b,rand_pos_1x,9999,C:\StabilityMatrix-win-x64\Data\Packages\ComfyUI\output\benchmark_stage9\renders\S2_watercolor_rand_pos_1x_seed9999_00001_.png,S2_watercolor_rand_pos_1x_seed9999_00001_.png,0.3468231201171875,0.0278076171875,S2_watercolor_rand_pos_1x_seed9999_00001_.png,41.645606994628906
S2_watercolor,aded1ad92b,rand_pos_1x,4242145,C:\StabilityMatrix-win-x64\Data\Packages\ComfyUI\output\benchmark_stage9\renders\S2_watercolor_rand_pos_1x_seed4242145_00001_.png,S2_watercolor_rand_pos_1x_seed4242145_00001_.png,0.375506591796875,0.03017578125,S2_watercolor_rand_pos_1x_seed4242145_00001_.png,41.37635803222656
S2_watercolor,aded1ad92b,rand_pos_2x,42,C:\StabilityMatrix-win-x64\Data\Packages\ComfyUI\output\benchmark_stage9\renders\S2_watercolor_rand_pos_2x_seed42_00001_.png,S2_watercolor_rand_pos_2x_seed42_00001_.png,0.348443603515625,0.0104705810546875,S2_watercolor_rand_pos_2x_seed42_00001_.png,45.59071731567383
S2_watercolor,aded1ad92b,rand_pos_2x,777,C:\StabilityMatrix-win-x64\Data\Packages\ComfyUI\output\benchmark_stage9\renders\S2_watercolor_rand_pos_2x_seed777_00001_.png,S2_watercolor_rand_pos_2x_seed777_00001_.png,0.3153228759765625,0.02548828125,S2_watercolor_rand_pos_2x_seed777_00001_.png,45.73534393310547
S2_watercolor,aded1ad92b,rand_pos_2x,1337,C:\StabilityMatrix-win-x64\Data\Packages\ComfyUI\output\benchmark_stage9\renders\S2_watercolor_rand_pos_2x_seed1337_00001_.png,S2_watercolor_rand_pos_2x_seed1337_00001_.png,0.3451263427734375,0.0154052734375,S2_watercolor_rand_pos_2x_seed1337_00001_.png,51.3492431640625
S2_watercolor,aded1ad92b,rand_pos_2x,9999,C:\StabilityMatrix-win-x64\Data\Packages\ComfyUI\output\benchmark_stage9\renders\S2_watercolor_rand_pos_2x_seed9999_00001_.png,S2_watercolor_rand_pos_2x_seed9999_00001_.png,0.344384765625,0.014105224609375,S2_watercolor_rand_pos_2x_seed9999_00001_.png,44.94178771972656
S2_watercolor,aded1ad92b,rand_pos_2x,4242145,C:\StabilityMatrix-win-x64\Data\Packages\ComfyUI\output\benchmark_stage9\renders\S2_watercolor_rand_pos_2x_seed4242145_00001_.png,S2_watercolor_rand_pos_2x_seed4242145_00001_.png,0.338751220703125,0.0219085693359375,S2_watercolor_rand_pos_2x_seed4242145_00001_.png,46.26317596435547
S3_lowpoly,eb2c25425b,baseline,42,C:\StabilityMatrix-win-x64\Data\Packages\ComfyUI\output\benchmark_stage9\renders\S3_lowpoly_baseline_seed42_00001_.png,S3_lowpoly_baseline_seed42_00001_.png,0.2168365478515625,0.072039794921875,S3_lowpoly_baseline_seed42_00001_.png,56.08397674560547
S3_lowpoly,eb2c25425b,baseline,777,C:\StabilityMatrix-win-x64\Data\Packages\ComfyUI\output\benchmark_stage9\renders\S3_lowpoly_baseline_seed777_00001_.png,S3_lowpoly_baseline_seed777_00001_.png,0.246649169921875,0.076446533203125,S3_lowpoly_baseline_seed777_00001_.png,52.050418853759766
S3_lowpoly,eb2c25425b,baseline,1337,C:\StabilityMatrix-win-x64\Data\Packages\ComfyUI\output\benchmark_stage9\renders\S3_lowpoly_baseline_seed1337_00001_.png,S3_lowpoly_baseline_seed1337_00001_.png,0.2401092529296875,0.074493408203125,S3_lowpoly_baseline_seed1337_00001_.png,61.42723083496094
S3_lowpoly,eb2c25425b,baseline,9999,C:\StabilityMatrix-win-x64\Data\Packages\ComfyUI\output\benchmark_stage9\renders\S3_lowpoly_baseline_seed9999_00001_.png,S3_lowpoly_baseline_seed9999_00001_.png,0.26219482421875,0.059539794921875,S3_lowpoly_baseline_seed9999_00001_.png,54.645904541015625
S3_lowpoly,eb2c25425b,baseline,4242145,C:\StabilityMatrix-win-x64\Data\Packages\ComfyUI\output\benchmark_stage9\renders\S3_lowpoly_baseline_seed4242145_00001_.png,S3_lowpoly_baseline_seed4242145_00001_.png,0.2620819091796875,0.0378692626953125,S3_lowpoly_baseline_seed4242145_00001_.png,52.60905456542969
S3_lowpoly,eb2c25425b,preset_pos_1x,42,C:\StabilityMatrix-win-x64\Data\Packages\ComfyUI\output\benchmark_stage9\renders\S3_lowpoly_preset_pos_1x_seed42_00001_.png,S3_lowpoly_preset_pos_1x_seed42_00001_.png,0.2205322265625,0.075830078125,S3_lowpoly_preset_pos_1x_seed42_00001_.png,53.80830764770508
S3_lowpoly,eb2c25425b,preset_pos_1x,777,C:\StabilityMatrix-win-x64\Data\Packages\ComfyUI\output\benchmark_stage9\renders\S3_lowpoly_preset_pos_1x_seed777_00001_.png,S3_lowpoly_preset_pos_1x_seed777_00001_.png,0.2710174560546875,0.064862060546875,S3_lowpoly_preset_pos_1x_seed777_00001_.png,50.55154800415039
S3_lowpoly,eb2c25425b,preset_pos_1x,1337,C:\StabilityMatrix-win-x64\Data\Packages\ComfyUI\output\benchmark_stage9\renders\S3_lowpoly_preset_pos_1x_seed1337_00001_.png,S3_lowpoly_preset_pos_1x_seed1337_00001_.png,0.2782135009765625,0.055615234375,S3_lowpoly_preset_pos_1x_seed1337_00001_.png,58.34347915649414
S3_lowpoly,eb2c25425b,preset_pos_1x,9999,C:\StabilityMatrix-win-x64\Data\Packages\ComfyUI\output\benchmark_stage9\renders\S3_lowpoly_preset_pos_1x_seed9999_00001_.png,S3_lowpoly_preset_pos_1x_seed9999_00001_.png,0.255523681640625,0.064801025390625,S3_lowpoly_preset_pos_1x_seed9999_00001_.png,54.5264892578125
S3_lowpoly,eb2c25425b,preset_pos_1x,4242145,C:\StabilityMatrix-win-x64\Data\Packages\ComfyUI\output\benchmark_stage9\renders\S3_lowpoly_preset_pos_1x_seed4242145_00001_.png,S3_lowpoly_preset_pos_1x_seed4242145_00001_.png,0.2705810546875,0.0478271484375,S3_lowpoly_preset_pos_1x_seed4242145_00001_.png,51.72985458374024
S3_lowpoly,eb2c25425b,preset_pos_2x,42,C:\StabilityMatrix-win-x64\Data\Packages\ComfyUI\output\benchmark_stage9\renders\S3_lowpoly_preset_pos_2x_seed42_00001_.png,S3_lowpoly_preset_pos_2x_seed42_00001_.png,0.273712158203125,0.0273345947265625,S3_lowpoly_preset_pos_2x_seed42_00001_.png,50.70359802246094
S3_lowpoly,eb2c25425b,preset_pos_2x,777,C:\StabilityMatrix-win-x64\Data\Packages\ComfyUI\output\benchmark_stage9\renders\S3_lowpoly_preset_pos_2x_seed777_00001_.png,S3_lowpoly_preset_pos_2x_seed777_00001_.png,0.3291534423828125,0.0327484130859375,S3_lowpoly_preset_pos_2x_seed777_00001_.png,52.04121780395508
S3_lowpoly,eb2c25425b,preset_pos_2x,1337,C:\StabilityMatrix-win-x64\Data\Packages\ComfyUI\output\benchmark_stage9\renders\S3_lowpoly_preset_pos_2x_seed1337_00001_.png,S3_lowpoly_preset_pos_2x_seed1337_00001_.png,0.2910888671875,0.03970947265625,S3_lowpoly_preset_pos_2x_seed1337_00001_.png,52.46642303466797
S3_lowpoly,eb2c25425b,preset_pos_2x,9999,C:\StabilityMatrix-win-x64\Data\Packages\ComfyUI\output\benchmark_stage9\renders\S3_lowpoly_preset_pos_2x_seed9999_00001_.png,S3_lowpoly_preset_pos_2x_seed9999_00001_.png,0.3001953125,0.0465484619140625,S3_lowpoly_preset_pos_2x_seed9999_00001_.png,52.71931838989258
S3_lowpoly,eb2c25425b,preset_pos_2x,4242145,C:\StabilityMatrix-win-x64\Data\Packages\ComfyUI\output\benchmark_stage9\renders\S3_lowpoly_preset_pos_2x_seed4242145_00001_.png,S3_lowpoly_preset_pos_2x_seed4242145_00001_.png,0.286102294921875,0.0226837158203125,S3_lowpoly_preset_pos_2x_seed4242145_00001_.png,51.50672912597656
S3_lowpoly,eb2c25425b,blockshuf_neg_1x,42,C:\StabilityMatrix-win-x64\Data\Packages\ComfyUI\output\benchmark_stage9\renders\S3_lowpoly_blockshuf_neg_1x_seed42_00001_.png,S3_lowpoly_blockshuf_neg_1x_seed42_00001_.png,0.237158203125,0.0624664306640625,S3_lowpoly_blockshuf_neg_1x_seed42_00001_.png,71.88091278076172
S3_lowpoly,eb2c25425b,blockshuf_neg_1x,777,C:\StabilityMatrix-win-x64\Data\Packages\ComfyUI\output\benchmark_stage9\renders\S3_lowpoly_blockshuf_neg_1x_seed777_00001_.png,S3_lowpoly_blockshuf_neg_1x_seed777_00001_.png,0.2156982421875,0.060919189453125,S3_lowpoly_blockshuf_neg_1x_seed777_00001_.png,64.0515365600586
S3_lowpoly,eb2c25425b,blockshuf_neg_1x,1337,C:\StabilityMatrix-win-x64\Data\Packages\ComfyUI\output\benchmark_stage9\renders\S3_lowpoly_blockshuf_neg_1x_seed1337_00001_.png,S3_lowpoly_blockshuf_neg_1x_seed1337_00001_.png,0.21591796875,0.034954833984375,S3_lowpoly_blockshuf_neg_1x_seed1337_00001_.png,70.23802947998047
S3_lowpoly,eb2c25425b,blockshuf_neg_1x,9999,C:\StabilityMatrix-win-x64\Data\Packages\ComfyUI\output\benchmark_stage9\renders\S3_lowpoly_blockshuf_neg_1x_seed9999_00001_.png,S3_lowpoly_blockshuf_neg_1x_seed9999_00001_.png,0.222491455078125,0.0602264404296875,S3_lowpoly_blockshuf_neg_1x_seed9999_00001_.png,63.51217269897461
S3_lowpoly,eb2c25425b,blockshuf_neg_1x,4242145,C:\StabilityMatrix-win-x64\Data\Packages\ComfyUI\output\benchmark_stage9\renders\S3_lowpoly_blockshuf_neg_1x_seed4242145_00001_.png,S3_lowpoly_blockshuf_neg_1x_seed4242145_00001_.png,0.2647491455078125,0.0582000732421875,S3_lowpoly_blockshuf_neg_1x_seed4242145_00001_.png,62.70623397827149
S3_lowpoly,eb2c25425b,blockshuf_neg_2x,42,C:\StabilityMatrix-win-x64\Data\Packages\ComfyUI\output\benchmark_stage9\renders\S3_lowpoly_blockshuf_neg_2x_seed42_00001_.png,S3_lowpoly_blockshuf_neg_2x_seed42_00001_.png,0.1542449951171875,0.007525634765625,S3_lowpoly_blockshuf_neg_2x_seed42_00001_.png,100.75357055664062
S3_lowpoly,eb2c25425b,blockshuf_neg_2x,777,C:\StabilityMatrix-win-x64\Data\Packages\ComfyUI\output\benchmark_stage9\renders\S3_lowpoly_blockshuf_neg_2x_seed777_00001_.png,S3_lowpoly_blockshuf_neg_2x_seed777_00001_.png,0.19248046875,0.04462890625,S3_lowpoly_blockshuf_neg_2x_seed777_00001_.png,100.6777572631836
S3_lowpoly,eb2c25425b,blockshuf_neg_2x,1337,C:\StabilityMatrix-win-x64\Data\Packages\ComfyUI\output\benchmark_stage9\renders\S3_lowpoly_blockshuf_neg_2x_seed1337_00001_.png,S3_lowpoly_blockshuf_neg_2x_seed1337_00001_.png,0.1890045166015625,0.0236114501953125,S3_lowpoly_blockshuf_neg_2x_seed1337_00001_.png,95.6191635131836
S3_lowpoly,eb2c25425b,blockshuf_neg_2x,9999,C:\StabilityMatrix-win-x64\Data\Packages\ComfyUI\output\benchmark_stage9\renders\S3_lowpoly_blockshuf_neg_2x_seed9999_00001_.png,S3_lowpoly_blockshuf_neg_2x_seed9999_00001_.png,0.245501708984375,0.049664306640625,S3_lowpoly_blockshuf_neg_2x_seed9999_00001_.png,95.05162048339844
S3_lowpoly,eb2c25425b,blockshuf_neg_2x,4242145,C:\StabilityMatrix-win-x64\Data\Packages\ComfyUI\output\benchmark_stage9\renders\S3_lowpoly_blockshuf_neg_2x_seed4242145_00001_.png,S3_lowpoly_blockshuf_neg_2x_seed4242145_00001_.png,0.2128570556640625,0.0280670166015625,S3_lowpoly_blockshuf_neg_2x_seed4242145_00001_.png,108.28067779541016
S3_lowpoly,eb2c25425b,rand_pos_1x,42,C:\StabilityMatrix-win-x64\Data\Packages\ComfyUI\output\benchmark_stage9\renders\S3_lowpoly_rand_pos_1x_seed42_00001_.png,S3_lowpoly_rand_pos_1x_seed42_00001_.png,0.3014312744140625,0.0427337646484375,S3_lowpoly_rand_pos_1x_seed42_00001_.png,49.97966766357422
S3_lowpoly,eb2c25425b,rand_pos_1x,777,C:\StabilityMatrix-win-x64\Data\Packages\ComfyUI\output\benchmark_stage9\renders\S3_lowpoly_rand_pos_1x_seed777_00001_.png,S3_lowpoly_rand_pos_1x_seed777_00001_.png,0.32244873046875,0.0297088623046875,S3_lowpoly_rand_pos_1x_seed777_00001_.png,52.503753662109375
S3_lowpoly,eb2c25425b,rand_pos_1x,1337,C:\StabilityMatrix-win-x64\Data\Packages\ComfyUI\output\benchmark_stage9\renders\S3_lowpoly_rand_pos_1x_seed1337_00001_.png,S3_lowpoly_rand_pos_1x_seed1337_00001_.png,0.3677734375,0.0342498779296875,S3_lowpoly_rand_pos_1x_seed1337_00001_.png,54.28020858764648
S3_lowpoly,eb2c25425b,rand_pos_1x,9999,C:\StabilityMatrix-win-x64\Data\Packages\ComfyUI\output\benchmark_stage9\renders\S3_lowpoly_rand_pos_1x_seed9999_00001_.png,S3_lowpoly_rand_pos_1x_seed9999_00001_.png,0.3258331298828125,0.022564697265625,S3_lowpoly_rand_pos_1x_seed9999_00001_.png,50.17951965332031
S3_lowpoly,eb2c25425b,rand_pos_1x,4242145,C:\StabilityMatrix-win-x64\Data\Packages\ComfyUI\output\benchmark_stage9\renders\S3_lowpoly_rand_pos_1x_seed4242145_00001_.png,S3_lowpoly_rand_pos_1x_seed4242145_00001_.png,0.2973846435546875,0.027117919921875,S3_lowpoly_rand_pos_1x_seed4242145_00001_.png,49.65784454345703
S3_lowpoly,eb2c25425b,rand_pos_2x,42,C:\StabilityMatrix-win-x64\Data\Packages\ComfyUI\output\benchmark_stage9\renders\S3_lowpoly_rand_pos_2x_seed42_00001_.png,S3_lowpoly_rand_pos_2x_seed42_00001_.png,0.167279052734375,0.019012451171875,S3_lowpoly_rand_pos_2x_seed42_00001_.png,64.52296447753906
S3_lowpoly,eb2c25425b,rand_pos_2x,777,C:\StabilityMatrix-win-x64\Data\Packages\ComfyUI\output\benchmark_stage9\renders\S3_lowpoly_rand_pos_2x_seed777_00001_.png,S3_lowpoly_rand_pos_2x_seed777_00001_.png,0.195648193359375,0.0186248779296875,S3_lowpoly_rand_pos_2x_seed777_00001_.png,68.59770202636719
S3_lowpoly,eb2c25425b,rand_pos_2x,1337,C:\StabilityMatrix-win-x64\Data\Packages\ComfyUI\output\benchmark_stage9\renders\S3_lowpoly_rand_pos_2x_seed1337_00001_.png,S3_lowpoly_rand_pos_2x_seed1337_00001_.png,0.2266876220703125,0.0193603515625,S3_lowpoly_rand_pos_2x_seed1337_00001_.png,68.4017105102539
S3_lowpoly,eb2c25425b,rand_pos_2x,9999,C:\StabilityMatrix-win-x64\Data\Packages\ComfyUI\output\benchmark_stage9\renders\S3_lowpoly_rand_pos_2x_seed9999_00001_.png,S3_lowpoly_rand_pos_2x_seed9999_00001_.png,0.2298095703125,0.0156280517578125,S3_lowpoly_rand_pos_2x_seed9999_00001_.png,66.90945434570312
S3_lowpoly,eb2c25425b,rand_pos_2x,4242145,C:\StabilityMatrix-win-x64\Data\Packages\ComfyUI\output\benchmark_stage9\renders\S3_lowpoly_rand_pos_2x_seed4242145_00001_.png,S3_lowpoly_rand_pos_2x_seed4242145_00001_.png,0.2610015869140625,0.02138671875,S3_lowpoly_rand_pos_2x_seed4242145_00001_.png,59.96993255615234
S4_claymation,47e50abd86,baseline,42,C:\StabilityMatrix-win-x64\Data\Packages\ComfyUI\output\benchmark_stage9\renders\S4_claymation_baseline_seed42_00001_.png,S4_claymation_baseline_seed42_00001_.png,0.3209228515625,0.0397308349609375,S4_claymation_baseline_seed42_00001_.png,47.47042846679688
S4_claymation,47e50abd86,baseline,777,C:\StabilityMatrix-win-x64\Data\Packages\ComfyUI\output\benchmark_stage9\renders\S4_claymation_baseline_seed777_00001_.png,S4_claymation_baseline_seed777_00001_.png,0.263360595703125,0.039501953125,S4_claymation_baseline_seed777_00001_.png,45.7396125793457
S4_claymation,47e50abd86,baseline,1337,C:\StabilityMatrix-win-x64\Data\Packages\ComfyUI\output\benchmark_stage9\renders\S4_claymation_baseline_seed1337_00001_.png,S4_claymation_baseline_seed1337_00001_.png,0.2859954833984375,0.030072021484375,S4_claymation_baseline_seed1337_00001_.png,47.79217147827149
S4_claymation,47e50abd86,baseline,9999,C:\StabilityMatrix-win-x64\Data\Packages\ComfyUI\output\benchmark_stage9\renders\S4_claymation_baseline_seed9999_00001_.png,S4_claymation_baseline_seed9999_00001_.png,0.308642578125,0.0263397216796875,S4_claymation_baseline_seed9999_00001_.png,48.35372161865234
S4_claymation,47e50abd86,baseline,4242145,C:\StabilityMatrix-win-x64\Data\Packages\ComfyUI\output\benchmark_stage9\renders\S4_claymation_baseline_seed4242145_00001_.png,S4_claymation_baseline_seed4242145_00001_.png,0.2645843505859375,0.0212921142578125,S4_claymation_baseline_seed4242145_00001_.png,44.53365707397461
S4_claymation,47e50abd86,preset_pos_1x,42,C:\StabilityMatrix-win-x64\Data\Packages\ComfyUI\output\benchmark_stage9\renders\S4_claymation_preset_pos_1x_seed42_00001_.png,S4_claymation_preset_pos_1x_seed42_00001_.png,0.312615966796875,0.0181640625,S4_claymation_preset_pos_1x_seed42_00001_.png,46.16455841064453
S4_claymation,47e50abd86,preset_pos_1x,777,C:\StabilityMatrix-win-x64\Data\Packages\ComfyUI\output\benchmark_stage9\renders\S4_claymation_preset_pos_1x_seed777_00001_.png,S4_claymation_preset_pos_1x_seed777_00001_.png,0.3060882568359375,0.0181365966796875,S4_claymation_preset_pos_1x_seed777_00001_.png,43.89329528808594
S4_claymation,47e50abd86,preset_pos_1x,1337,C:\StabilityMatrix-win-x64\Data\Packages\ComfyUI\output\benchmark_stage9\renders\S4_claymation_preset_pos_1x_seed1337_00001_.png,S4_claymation_preset_pos_1x_seed1337_00001_.png,0.3035552978515625,0.0383270263671875,S4_claymation_preset_pos_1x_seed1337_00001_.png,51.133487701416016
S4_claymation,47e50abd86,preset_pos_1x,9999,C:\StabilityMatrix-win-x64\Data\Packages\ComfyUI\output\benchmark_stage9\renders\S4_claymation_preset_pos_1x_seed9999_00001_.png,S4_claymation_preset_pos_1x_seed9999_00001_.png,0.306689453125,0.030401611328125,S4_claymation_preset_pos_1x_seed9999_00001_.png,42.49091339111328
S4_claymation,47e50abd86,preset_pos_1x,4242145,C:\StabilityMatrix-win-x64\Data\Packages\ComfyUI\output\benchmark_stage9\renders\S4_claymation_preset_pos_1x_seed4242145_00001_.png,S4_claymation_preset_pos_1x_seed4242145_00001_.png,0.2943328857421875,0.0260986328125,S4_claymation_preset_pos_1x_seed4242145_00001_.png,39.25041198730469
S4_claymation,47e50abd86,preset_pos_2x,42,C:\StabilityMatrix-win-x64\Data\Packages\ComfyUI\output\benchmark_stage9\renders\S4_claymation_preset_pos_2x_seed42_00001_.png,S4_claymation_preset_pos_2x_seed42_00001_.png,0.3205413818359375,0.0214324951171875,S4_claymation_preset_pos_2x_seed42_00001_.png,46.52507019042969
S4_claymation,47e50abd86,preset_pos_2x,777,C:\StabilityMatrix-win-x64\Data\Packages\ComfyUI\output\benchmark_stage9\renders\S4_claymation_preset_pos_2x_seed777_00001_.png,S4_claymation_preset_pos_2x_seed777_00001_.png,0.270135498046875,0.0116119384765625,S4_claymation_preset_pos_2x_seed777_00001_.png,41.6074333190918
S4_claymation,47e50abd86,preset_pos_2x,1337,C:\StabilityMatrix-win-x64\Data\Packages\ComfyUI\output\benchmark_stage9\renders\S4_claymation_preset_pos_2x_seed1337_00001_.png,S4_claymation_preset_pos_2x_seed1337_00001_.png,0.28514404296875,0.0291259765625,S4_claymation_preset_pos_2x_seed1337_00001_.png,48.35063171386719
S4_claymation,47e50abd86,preset_pos_2x,9999,C:\StabilityMatrix-win-x64\Data\Packages\ComfyUI\output\benchmark_stage9\renders\S4_claymation_preset_pos_2x_seed9999_00001_.png,S4_claymation_preset_pos_2x_seed9999_00001_.png,0.2893035888671875,0.029736328125,S4_claymation_preset_pos_2x_seed9999_00001_.png,45.87633514404297
S4_claymation,47e50abd86,preset_pos_2x,4242145,C:\StabilityMatrix-win-x64\Data\Packages\ComfyUI\output\benchmark_stage9\renders\S4_claymation_preset_pos_2x_seed4242145_00001_.png,S4_claymation_preset_pos_2x_seed4242145_00001_.png,0.28482666015625,0.03458251953125,S4_claymation_preset_pos_2x_seed4242145_00001_.png,41.46281433105469
S4_claymation,47e50abd86,blockshuf_neg_1x,42,C:\StabilityMatrix-win-x64\Data\Packages\ComfyUI\output\benchmark_stage9\renders\S4_claymation_blockshuf_neg_1x_seed42_00001_.png,S4_claymation_blockshuf_neg_1x_seed42_00001_.png,0.3705841064453125,0.05111083984375,S4_claymation_blockshuf_neg_1x_seed42_00001_.png,58.96585464477539
S4_claymation,47e50abd86,blockshuf_neg_1x,777,C:\StabilityMatrix-win-x64\Data\Packages\ComfyUI\output\benchmark_stage9\renders\S4_claymation_blockshuf_neg_1x_seed777_00001_.png,S4_claymation_blockshuf_neg_1x_seed777_00001_.png,0.3389495849609375,0.02467041015625,S4_claymation_blockshuf_neg_1x_seed777_00001_.png,54.94391250610352
S4_claymation,47e50abd86,blockshuf_neg_1x,1337,C:\StabilityMatrix-win-x64\Data\Packages\ComfyUI\output\benchmark_stage9\renders\S4_claymation_blockshuf_neg_1x_seed1337_00001_.png,S4_claymation_blockshuf_neg_1x_seed1337_00001_.png,0.3355499267578125,0.025799560546875,S4_claymation_blockshuf_neg_1x_seed1337_00001_.png,60.65114974975586
S4_claymation,47e50abd86,blockshuf_neg_1x,9999,C:\StabilityMatrix-win-x64\Data\Packages\ComfyUI\output\benchmark_stage9\renders\S4_claymation_blockshuf_neg_1x_seed9999_00001_.png,S4_claymation_blockshuf_neg_1x_seed9999_00001_.png,0.382525634765625,0.0177490234375,S4_claymation_blockshuf_neg_1x_seed9999_00001_.png,55.479122161865234
S4_claymation,47e50abd86,blockshuf_neg_1x,4242145,C:\StabilityMatrix-win-x64\Data\Packages\ComfyUI\output\benchmark_stage9\renders\S4_claymation_blockshuf_neg_1x_seed4242145_00001_.png,S4_claymation_blockshuf_neg_1x_seed4242145_00001_.png,0.3368408203125,0.0213104248046875,S4_claymation_blockshuf_neg_1x_seed4242145_00001_.png,48.55804061889648
S4_claymation,47e50abd86,blockshuf_neg_2x,42,C:\StabilityMatrix-win-x64\Data\Packages\ComfyUI\output\benchmark_stage9\renders\S4_claymation_blockshuf_neg_2x_seed42_00001_.png,S4_claymation_blockshuf_neg_2x_seed42_00001_.png,0.37371826171875,0.02598876953125,S4_claymation_blockshuf_neg_2x_seed42_00001_.png,71.66697692871094
S4_claymation,47e50abd86,blockshuf_neg_2x,777,C:\StabilityMatrix-win-x64\Data\Packages\ComfyUI\output\benchmark_stage9\renders\S4_claymation_blockshuf_neg_2x_seed777_00001_.png,S4_claymation_blockshuf_neg_2x_seed777_00001_.png,0.2518798828125,0.04793701171875,S4_claymation_blockshuf_neg_2x_seed777_00001_.png,76.06035614013672
S4_claymation,47e50abd86,blockshuf_neg_2x,1337,C:\StabilityMatrix-win-x64\Data\Packages\ComfyUI\output\benchmark_stage9\renders\S4_claymation_blockshuf_neg_2x_seed1337_00001_.png,S4_claymation_blockshuf_neg_2x_seed1337_00001_.png,0.293408203125,0.0120452880859375,S4_claymation_blockshuf_neg_2x_seed1337_00001_.png,77.44052124023438
S4_claymation,47e50abd86,blockshuf_neg_2x,9999,C:\StabilityMatrix-win-x64\Data\Packages\ComfyUI\output\benchmark_stage9\renders\S4_claymation_blockshuf_neg_2x_seed9999_00001_.png,S4_claymation_blockshuf_neg_2x_seed9999_00001_.png,0.2678741455078125,0.028436279296875,S4_claymation_blockshuf_neg_2x_seed9999_00001_.png,81.85752868652344
S4_claymation,47e50abd86,blockshuf_neg_2x,4242145,C:\StabilityMatrix-win-x64\Data\Packages\ComfyUI\output\benchmark_stage9\renders\S4_claymation_blockshuf_neg_2x_seed4242145_00001_.png,S4_claymation_blockshuf_neg_2x_seed4242145_00001_.png,0.2829864501953125,0.0380859375,S4_claymation_blockshuf_neg_2x_seed4242145_00001_.png,69.39581298828125
S4_claymation,47e50abd86,rand_pos_1x,42,C:\StabilityMatrix-win-x64\Data\Packages\ComfyUI\output\benchmark_stage9\renders\S4_claymation_rand_pos_1x_seed42_00001_.png,S4_claymation_rand_pos_1x_seed42_00001_.png,0.3542327880859375,0.0236419677734375,S4_claymation_rand_pos_1x_seed42_00001_.png,54.26926803588867
S4_claymation,47e50abd86,rand_pos_1x,777,C:\StabilityMatrix-win-x64\Data\Packages\ComfyUI\output\benchmark_stage9\renders\S4_claymation_rand_pos_1x_seed777_00001_.png,S4_claymation_rand_pos_1x_seed777_00001_.png,0.34774169921875,0.02034912109375,S4_claymation_rand_pos_1x_seed777_00001_.png,52.180397033691406
S4_claymation,47e50abd86,rand_pos_1x,1337,C:\StabilityMatrix-win-x64\Data\Packages\ComfyUI\output\benchmark_stage9\renders\S4_claymation_rand_pos_1x_seed1337_00001_.png,S4_claymation_rand_pos_1x_seed1337_00001_.png,0.30537109375,0.0235382080078125,S4_claymation_rand_pos_1x_seed1337_00001_.png,51.79830551147461
S4_claymation,47e50abd86,rand_pos_1x,9999,C:\StabilityMatrix-win-x64\Data\Packages\ComfyUI\output\benchmark_stage9\renders\S4_claymation_rand_pos_1x_seed9999_00001_.png,S4_claymation_rand_pos_1x_seed9999_00001_.png,0.362261962890625,0.0347686767578125,S4_claymation_rand_pos_1x_seed9999_00001_.png,52.818992614746094
S4_claymation,47e50abd86,rand_pos_1x,4242145,C:\StabilityMatrix-win-x64\Data\Packages\ComfyUI\output\benchmark_stage9\renders\S4_claymation_rand_pos_1x_seed4242145_00001_.png,S4_claymation_rand_pos_1x_seed4242145_00001_.png,0.3117401123046875,0.013885498046875,S4_claymation_rand_pos_1x_seed4242145_00001_.png,52.15205764770508
S4_claymation,47e50abd86,rand_pos_2x,42,C:\StabilityMatrix-win-x64\Data\Packages\ComfyUI\output\benchmark_stage9\renders\S4_claymation_rand_pos_2x_seed42_00001_.png,S4_claymation_rand_pos_2x_seed42_00001_.png,0.3056243896484375,0.00810546875,S4_claymation_rand_pos_2x_seed42_00001_.png,62.077423095703125
S4_claymation,47e50abd86,rand_pos_2x,777,C:\StabilityMatrix-win-x64\Data\Packages\ComfyUI\output\benchmark_stage9\renders\S4_claymation_rand_pos_2x_seed777_00001_.png,S4_claymation_rand_pos_2x_seed777_00001_.png,0.271246337890625,0.0090667724609375,S4_claymation_rand_pos_2x_seed777_00001_.png,69.86885833740234
S4_claymation,47e50abd86,rand_pos_2x,1337,C:\StabilityMatrix-win-x64\Data\Packages\ComfyUI\output\benchmark_stage9\renders\S4_claymation_rand_pos_2x_seed1337_00001_.png,S4_claymation_rand_pos_2x_seed1337_00001_.png,0.247772216796875,0.009002685546875,S4_claymation_rand_pos_2x_seed1337_00001_.png,69.5082778930664
S4_claymation,47e50abd86,rand_pos_2x,9999,C:\StabilityMatrix-win-x64\Data\Packages\ComfyUI\output\benchmark_stage9\renders\S4_claymation_rand_pos_2x_seed9999_00001_.png,S4_claymation_rand_pos_2x_seed9999_00001_.png,0.31962890625,0.012200927734375,S4_claymation_rand_pos_2x_seed9999_00001_.png,65.45911407470703
S4_claymation,47e50abd86,rand_pos_2x,4242145,C:\StabilityMatrix-win-x64\Data\Packages\ComfyUI\output\benchmark_stage9\renders\S4_claymation_rand_pos_2x_seed4242145_00001_.png,S4_claymation_rand_pos_2x_seed4242145_00001_.png,0.2575286865234375,0.0095916748046875,S4_claymation_rand_pos_2x_seed4242145_00001_.png,63.26237869262695
S5_ukiyoe,831f2d868c,baseline,42,C:\StabilityMatrix-win-x64\Data\Packages\ComfyUI\output\benchmark_stage9\renders\S5_ukiyoe_baseline_seed42_00001_.png,S5_ukiyoe_baseline_seed42_00001_.png,0.25860595703125,0.216986083984375,S5_ukiyoe_baseline_seed42_00001_.png,40.08031463623047
S5_ukiyoe,831f2d868c,baseline,777,C:\StabilityMatrix-win-x64\Data\Packages\ComfyUI\output\benchmark_stage9\renders\S5_ukiyoe_baseline_seed777_00001_.png,S5_ukiyoe_baseline_seed777_00001_.png,0.2294342041015625,0.2199615478515625,S5_ukiyoe_baseline_seed777_00001_.png,43.22799682617188
S5_ukiyoe,831f2d868c,baseline,1337,C:\StabilityMatrix-win-x64\Data\Packages\ComfyUI\output\benchmark_stage9\renders\S5_ukiyoe_baseline_seed1337_00001_.png,S5_ukiyoe_baseline_seed1337_00001_.png,0.224859619140625,0.2483612060546875,S5_ukiyoe_baseline_seed1337_00001_.png,44.77333831787109
S5_ukiyoe,831f2d868c,baseline,9999,C:\StabilityMatrix-win-x64\Data\Packages\ComfyUI\output\benchmark_stage9\renders\S5_ukiyoe_baseline_seed9999_00001_.png,S5_ukiyoe_baseline_seed9999_00001_.png,0.2447723388671875,0.1951446533203125,S5_ukiyoe_baseline_seed9999_00001_.png,43.47548675537109
S5_ukiyoe,831f2d868c,baseline,4242145,C:\StabilityMatrix-win-x64\Data\Packages\ComfyUI\output\benchmark_stage9\renders\S5_ukiyoe_baseline_seed4242145_00001_.png,S5_ukiyoe_baseline_seed4242145_00001_.png,0.213916015625,0.10618896484375,S5_ukiyoe_baseline_seed4242145_00001_.png,41.210105895996094
S5_ukiyoe,831f2d868c,preset_pos_1x,42,C:\StabilityMatrix-win-x64\Data\Packages\ComfyUI\output\benchmark_stage9\renders\S5_ukiyoe_preset_pos_1x_seed42_00001_.png,S5_ukiyoe_preset_pos_1x_seed42_00001_.png,0.258056640625,0.1243560791015625,S5_ukiyoe_preset_pos_1x_seed42_00001_.png,41.03767395019531
S5_ukiyoe,831f2d868c,preset_pos_1x,777,C:\StabilityMatrix-win-x64\Data\Packages\ComfyUI\output\benchmark_stage9\renders\S5_ukiyoe_preset_pos_1x_seed777_00001_.png,S5_ukiyoe_preset_pos_1x_seed777_00001_.png,0.267742919921875,0.0905517578125,S5_ukiyoe_preset_pos_1x_seed777_00001_.png,43.61363983154297
S5_ukiyoe,831f2d868c,preset_pos_1x,1337,C:\StabilityMatrix-win-x64\Data\Packages\ComfyUI\output\benchmark_stage9\renders\S5_ukiyoe_preset_pos_1x_seed1337_00001_.png,S5_ukiyoe_preset_pos_1x_seed1337_00001_.png,0.306024169921875,0.2012969970703125,S5_ukiyoe_preset_pos_1x_seed1337_00001_.png,52.27431488037109
S5_ukiyoe,831f2d868c,preset_pos_1x,9999,C:\StabilityMatrix-win-x64\Data\Packages\ComfyUI\output\benchmark_stage9\renders\S5_ukiyoe_preset_pos_1x_seed9999_00001_.png,S5_ukiyoe_preset_pos_1x_seed9999_00001_.png,0.2453277587890625,0.0589447021484375,S5_ukiyoe_preset_pos_1x_seed9999_00001_.png,43.76813507080078
S5_ukiyoe,831f2d868c,preset_pos_1x,4242145,C:\StabilityMatrix-win-x64\Data\Packages\ComfyUI\output\benchmark_stage9\renders\S5_ukiyoe_preset_pos_1x_seed4242145_00001_.png,S5_ukiyoe_preset_pos_1x_seed4242145_00001_.png,0.2990814208984375,0.097265625,S5_ukiyoe_preset_pos_1x_seed4242145_00001_.png,42.38227462768555
S5_ukiyoe,831f2d868c,preset_pos_2x,42,C:\StabilityMatrix-win-x64\Data\Packages\ComfyUI\output\benchmark_stage9\renders\S5_ukiyoe_preset_pos_2x_seed42_00001_.png,S5_ukiyoe_preset_pos_2x_seed42_00001_.png,0.36416015625,0.087432861328125,S5_ukiyoe_preset_pos_2x_seed42_00001_.png,40.57899856567383
S5_ukiyoe,831f2d868c,preset_pos_2x,777,C:\StabilityMatrix-win-x64\Data\Packages\ComfyUI\output\benchmark_stage9\renders\S5_ukiyoe_preset_pos_2x_seed777_00001_.png,S5_ukiyoe_preset_pos_2x_seed777_00001_.png,0.34532470703125,0.092431640625,S5_ukiyoe_preset_pos_2x_seed777_00001_.png,41.079856872558594
S5_ukiyoe,831f2d868c,preset_pos_2x,1337,C:\StabilityMatrix-win-x64\Data\Packages\ComfyUI\output\benchmark_stage9\renders\S5_ukiyoe_preset_pos_2x_seed1337_00001_.png,S5_ukiyoe_preset_pos_2x_seed1337_00001_.png,0.39600830078125,0.047674560546875,S5_ukiyoe_preset_pos_2x_seed1337_00001_.png,50.51258087158203
S5_ukiyoe,831f2d868c,preset_pos_2x,9999,C:\StabilityMatrix-win-x64\Data\Packages\ComfyUI\output\benchmark_stage9\renders\S5_ukiyoe_preset_pos_2x_seed9999_00001_.png,S5_ukiyoe_preset_pos_2x_seed9999_00001_.png,0.341766357421875,0.1914093017578125,S5_ukiyoe_preset_pos_2x_seed9999_00001_.png,40.552982330322266
S5_ukiyoe,831f2d868c,preset_pos_2x,4242145,C:\StabilityMatrix-win-x64\Data\Packages\ComfyUI\output\benchmark_stage9\renders\S5_ukiyoe_preset_pos_2x_seed4242145_00001_.png,S5_ukiyoe_preset_pos_2x_seed4242145_00001_.png,0.3594482421875,0.091595458984375,S5_ukiyoe_preset_pos_2x_seed4242145_00001_.png,41.81136322021485
S5_ukiyoe,831f2d868c,blockshuf_neg_1x,42,C:\StabilityMatrix-win-x64\Data\Packages\ComfyUI\output\benchmark_stage9\renders\S5_ukiyoe_blockshuf_neg_1x_seed42_00001_.png,S5_ukiyoe_blockshuf_neg_1x_seed42_00001_.png,0.269708251953125,0.196337890625,S5_ukiyoe_blockshuf_neg_1x_seed42_00001_.png,52.18358612060547
S5_ukiyoe,831f2d868c,blockshuf_neg_1x,777,C:\StabilityMatrix-win-x64\Data\Packages\ComfyUI\output\benchmark_stage9\renders\S5_ukiyoe_blockshuf_neg_1x_seed777_00001_.png,S5_ukiyoe_blockshuf_neg_1x_seed777_00001_.png,0.2104248046875,0.2256500244140625,S5_ukiyoe_blockshuf_neg_1x_seed777_00001_.png,51.08054733276367
S5_ukiyoe,831f2d868c,blockshuf_neg_1x,1337,C:\StabilityMatrix-win-x64\Data\Packages\ComfyUI\output\benchmark_stage9\renders\S5_ukiyoe_blockshuf_neg_1x_seed1337_00001_.png,S5_ukiyoe_blockshuf_neg_1x_seed1337_00001_.png,0.28092041015625,0.231207275390625,S5_ukiyoe_blockshuf_neg_1x_seed1337_00001_.png,48.46129989624024
S5_ukiyoe,831f2d868c,blockshuf_neg_1x,9999,C:\StabilityMatrix-win-x64\Data\Packages\ComfyUI\output\benchmark_stage9\renders\S5_ukiyoe_blockshuf_neg_1x_seed9999_00001_.png,S5_ukiyoe_blockshuf_neg_1x_seed9999_00001_.png,0.2223297119140625,0.222296142578125,S5_ukiyoe_blockshuf_neg_1x_seed9999_00001_.png,53.4237174987793
S5_ukiyoe,831f2d868c,blockshuf_neg_1x,4242145,C:\StabilityMatrix-win-x64\Data\Packages\ComfyUI\output\benchmark_stage9\renders\S5_ukiyoe_blockshuf_neg_1x_seed4242145_00001_.png,S5_ukiyoe_blockshuf_neg_1x_seed4242145_00001_.png,0.2213653564453125,0.2474456787109375,S5_ukiyoe_blockshuf_neg_1x_seed4242145_00001_.png,55.188594818115234
S5_ukiyoe,831f2d868c,blockshuf_neg_2x,42,C:\StabilityMatrix-win-x64\Data\Packages\ComfyUI\output\benchmark_stage9\renders\S5_ukiyoe_blockshuf_neg_2x_seed42_00001_.png,S5_ukiyoe_blockshuf_neg_2x_seed42_00001_.png,0.0816192626953125,0.0781341552734375,S5_ukiyoe_blockshuf_neg_2x_seed42_00001_.png,74.5744400024414
S5_ukiyoe,831f2d868c,blockshuf_neg_2x,777,C:\StabilityMatrix-win-x64\Data\Packages\ComfyUI\output\benchmark_stage9\renders\S5_ukiyoe_blockshuf_neg_2x_seed777_00001_.png,S5_ukiyoe_blockshuf_neg_2x_seed777_00001_.png,0.191339111328125,0.1622467041015625,S5_ukiyoe_blockshuf_neg_2x_seed777_00001_.png,74.6505126953125
S5_ukiyoe,831f2d868c,blockshuf_neg_2x,1337,C:\StabilityMatrix-win-x64\Data\Packages\ComfyUI\output\benchmark_stage9\renders\S5_ukiyoe_blockshuf_neg_2x_seed1337_00001_.png,S5_ukiyoe_blockshuf_neg_2x_seed1337_00001_.png,0.0510101318359375,0.1272369384765625,S5_ukiyoe_blockshuf_neg_2x_seed1337_00001_.png,78.54733276367188
S5_ukiyoe,831f2d868c,blockshuf_neg_2x,9999,C:\StabilityMatrix-win-x64\Data\Packages\ComfyUI\output\benchmark_stage9\renders\S5_ukiyoe_blockshuf_neg_2x_seed9999_00001_.png,S5_ukiyoe_blockshuf_neg_2x_seed9999_00001_.png,0.139532470703125,0.064532470703125,S5_ukiyoe_blockshuf_neg_2x_seed9999_00001_.png,80.70310974121094
S5_ukiyoe,831f2d868c,blockshuf_neg_2x,4242145,C:\StabilityMatrix-win-x64\Data\Packages\ComfyUI\output\benchmark_stage9\renders\S5_ukiyoe_blockshuf_neg_2x_seed4242145_00001_.png,S5_ukiyoe_blockshuf_neg_2x_seed4242145_00001_.png,0.0686065673828125,0.1627410888671875,S5_ukiyoe_blockshuf_neg_2x_seed4242145_00001_.png,91.8484344482422
S5_ukiyoe,831f2d868c,rand_pos_1x,42,C:\StabilityMatrix-win-x64\Data\Packages\ComfyUI\output\benchmark_stage9\renders\S5_ukiyoe_rand_pos_1x_seed42_00001_.png,S5_ukiyoe_rand_pos_1x_seed42_00001_.png,0.2619384765625,0.1790863037109375,S5_ukiyoe_rand_pos_1x_seed42_00001_.png,49.6705322265625
S5_ukiyoe,831f2d868c,rand_pos_1x,777,C:\StabilityMatrix-win-x64\Data\Packages\ComfyUI\output\benchmark_stage9\renders\S5_ukiyoe_rand_pos_1x_seed777_00001_.png,S5_ukiyoe_rand_pos_1x_seed777_00001_.png,0.2605499267578125,0.2085845947265625,S5_ukiyoe_rand_pos_1x_seed777_00001_.png,41.75485610961914
S5_ukiyoe,831f2d868c,rand_pos_1x,1337,C:\StabilityMatrix-win-x64\Data\Packages\ComfyUI\output\benchmark_stage9\renders\S5_ukiyoe_rand_pos_1x_seed1337_00001_.png,S5_ukiyoe_rand_pos_1x_seed1337_00001_.png,0.3365509033203125,0.1395599365234375,S5_ukiyoe_rand_pos_1x_seed1337_00001_.png,42.62018966674805
S5_ukiyoe,831f2d868c,rand_pos_1x,9999,C:\StabilityMatrix-win-x64\Data\Packages\ComfyUI\output\benchmark_stage9\renders\S5_ukiyoe_rand_pos_1x_seed9999_00001_.png,S5_ukiyoe_rand_pos_1x_seed9999_00001_.png,0.273834228515625,0.091339111328125,S5_ukiyoe_rand_pos_1x_seed9999_00001_.png,45.707366943359375
S5_ukiyoe,831f2d868c,rand_pos_1x,4242145,C:\StabilityMatrix-win-x64\Data\Packages\ComfyUI\output\benchmark_stage9\renders\S5_ukiyoe_rand_pos_1x_seed4242145_00001_.png,S5_ukiyoe_rand_pos_1x_seed4242145_00001_.png,0.2843292236328125,0.1967071533203125,S5_ukiyoe_rand_pos_1x_seed4242145_00001_.png,46.82785415649414
S5_ukiyoe,831f2d868c,rand_pos_2x,42,C:\StabilityMatrix-win-x64\Data\Packages\ComfyUI\output\benchmark_stage9\renders\S5_ukiyoe_rand_pos_2x_seed42_00001_.png,S5_ukiyoe_rand_pos_2x_seed42_00001_.png,0.3413787841796875,0.0701568603515625,S5_ukiyoe_rand_pos_2x_seed42_00001_.png,56.55488204956055
S5_ukiyoe,831f2d868c,rand_pos_2x,777,C:\StabilityMatrix-win-x64\Data\Packages\ComfyUI\output\benchmark_stage9\renders\S5_ukiyoe_rand_pos_2x_seed777_00001_.png,S5_ukiyoe_rand_pos_2x_seed777_00001_.png,0.2856964111328125,0.0958770751953125,S5_ukiyoe_rand_pos_2x_seed777_00001_.png,54.34328842163086
S5_ukiyoe,831f2d868c,rand_pos_2x,1337,C:\StabilityMatrix-win-x64\Data\Packages\ComfyUI\output\benchmark_stage9\renders\S5_ukiyoe_rand_pos_2x_seed1337_00001_.png,S5_ukiyoe_rand_pos_2x_seed1337_00001_.png,0.244952392578125,0.0657196044921875,S5_ukiyoe_rand_pos_2x_seed1337_00001_.png,58.54571533203125
S5_ukiyoe,831f2d868c,rand_pos_2x,9999,C:\StabilityMatrix-win-x64\Data\Packages\ComfyUI\output\benchmark_stage9\renders\S5_ukiyoe_rand_pos_2x_seed9999_00001_.png,S5_ukiyoe_rand_pos_2x_seed9999_00001_.png,0.242242431640625,0.102117919921875,S5_ukiyoe_rand_pos_2x_seed9999_00001_.png,54.111942291259766
S5_ukiyoe,831f2d868c,rand_pos_2x,4242145,C:\StabilityMatrix-win-x64\Data\Packages\ComfyUI\output\benchmark_stage9\renders\S5_ukiyoe_rand_pos_2x_seed4242145_00001_.png,S5_ukiyoe_rand_pos_2x_seed4242145_00001_.png,0.2330169677734375,0.0810211181640625,S5_ukiyoe_rand_pos_2x_seed4242145_00001_.png,64.82989501953125
S6_pixel,b369f4266a,baseline,42,C:\StabilityMatrix-win-x64\Data\Packages\ComfyUI\output\benchmark_stage9\renders\S6_pixel_baseline_seed42_00001_.png,S6_pixel_baseline_seed42_00001_.png,0.2297576904296875,0.0608306884765625,S6_pixel_baseline_seed42_00001_.png,54.26742172241211
S6_pixel,b369f4266a,baseline,777,C:\StabilityMatrix-win-x64\Data\Packages\ComfyUI\output\benchmark_stage9\renders\S6_pixel_baseline_seed777_00001_.png,S6_pixel_baseline_seed777_00001_.png,0.210931396484375,0.034869384765625,S6_pixel_baseline_seed777_00001_.png,59.5228157043457
S6_pixel,b369f4266a,baseline,1337,C:\StabilityMatrix-win-x64\Data\Packages\ComfyUI\output\benchmark_stage9\renders\S6_pixel_baseline_seed1337_00001_.png,S6_pixel_baseline_seed1337_00001_.png,0.285015869140625,0.0488555908203125,S6_pixel_baseline_seed1337_00001_.png,57.39642333984375
S6_pixel,b369f4266a,baseline,9999,C:\StabilityMatrix-win-x64\Data\Packages\ComfyUI\output\benchmark_stage9\renders\S6_pixel_baseline_seed9999_00001_.png,S6_pixel_baseline_seed9999_00001_.png,0.21619873046875,0.0529052734375,S6_pixel_baseline_seed9999_00001_.png,57.94094467163086
S6_pixel,b369f4266a,baseline,4242145,C:\StabilityMatrix-win-x64\Data\Packages\ComfyUI\output\benchmark_stage9\renders\S6_pixel_baseline_seed4242145_00001_.png,S6_pixel_baseline_seed4242145_00001_.png,0.2150421142578125,0.0311431884765625,S6_pixel_baseline_seed4242145_00001_.png,54.93925476074219
S6_pixel,b369f4266a,preset_pos_1x,42,C:\StabilityMatrix-win-x64\Data\Packages\ComfyUI\output\benchmark_stage9\renders\S6_pixel_preset_pos_1x_seed42_00001_.png,S6_pixel_preset_pos_1x_seed42_00001_.png,0.2240936279296875,0.053314208984375,S6_pixel_preset_pos_1x_seed42_00001_.png,51.505130767822266
S6_pixel,b369f4266a,preset_pos_1x,777,C:\StabilityMatrix-win-x64\Data\Packages\ComfyUI\output\benchmark_stage9\renders\S6_pixel_preset_pos_1x_seed777_00001_.png,S6_pixel_preset_pos_1x_seed777_00001_.png,0.23419189453125,0.045709228515625,S6_pixel_preset_pos_1x_seed777_00001_.png,52.36720657348633
S6_pixel,b369f4266a,preset_pos_1x,1337,C:\StabilityMatrix-win-x64\Data\Packages\ComfyUI\output\benchmark_stage9\renders\S6_pixel_preset_pos_1x_seed1337_00001_.png,S6_pixel_preset_pos_1x_seed1337_00001_.png,0.226239013671875,0.0548919677734375,S6_pixel_preset_pos_1x_seed1337_00001_.png,54.20285415649414
S6_pixel,b369f4266a,preset_pos_1x,9999,C:\StabilityMatrix-win-x64\Data\Packages\ComfyUI\output\benchmark_stage9\renders\S6_pixel_preset_pos_1x_seed9999_00001_.png,S6_pixel_preset_pos_1x_seed9999_00001_.png,0.2154144287109375,0.06163330078125,S6_pixel_preset_pos_1x_seed9999_00001_.png,51.78319549560547
S6_pixel,b369f4266a,preset_pos_1x,4242145,C:\StabilityMatrix-win-x64\Data\Packages\ComfyUI\output\benchmark_stage9\renders\S6_pixel_preset_pos_1x_seed4242145_00001_.png,S6_pixel_preset_pos_1x_seed4242145_00001_.png,0.2146514892578125,0.029730224609375,S6_pixel_preset_pos_1x_seed4242145_00001_.png,50.26951217651367
S6_pixel,b369f4266a,preset_pos_2x,42,C:\StabilityMatrix-win-x64\Data\Packages\ComfyUI\output\benchmark_stage9\renders\S6_pixel_preset_pos_2x_seed42_00001_.png,S6_pixel_preset_pos_2x_seed42_00001_.png,0.212225341796875,0.027642822265625,S6_pixel_preset_pos_2x_seed42_00001_.png,44.84354782104492
S6_pixel,b369f4266a,preset_pos_2x,777,C:\StabilityMatrix-win-x64\Data\Packages\ComfyUI\output\benchmark_stage9\renders\S6_pixel_preset_pos_2x_seed777_00001_.png,S6_pixel_preset_pos_2x_seed777_00001_.png,0.2513397216796875,0.0434326171875,S6_pixel_preset_pos_2x_seed777_00001_.png,46.88922500610352
S6_pixel,b369f4266a,preset_pos_2x,1337,C:\StabilityMatrix-win-x64\Data\Packages\ComfyUI\output\benchmark_stage9\renders\S6_pixel_preset_pos_2x_seed1337_00001_.png,S6_pixel_preset_pos_2x_seed1337_00001_.png,0.2660736083984375,0.0420135498046875,S6_pixel_preset_pos_2x_seed1337_00001_.png,46.7268180847168
S6_pixel,b369f4266a,preset_pos_2x,9999,C:\StabilityMatrix-win-x64\Data\Packages\ComfyUI\output\benchmark_stage9\renders\S6_pixel_preset_pos_2x_seed9999_00001_.png,S6_pixel_preset_pos_2x_seed9999_00001_.png,0.228399658203125,0.0421478271484375,S6_pixel_preset_pos_2x_seed9999_00001_.png,49.74092864990234
S6_pixel,b369f4266a,preset_pos_2x,4242145,C:\StabilityMatrix-win-x64\Data\Packages\ComfyUI\output\benchmark_stage9\renders\S6_pixel_preset_pos_2x_seed4242145_00001_.png,S6_pixel_preset_pos_2x_seed4242145_00001_.png,0.23309326171875,0.0367706298828125,S6_pixel_preset_pos_2x_seed4242145_00001_.png,48.64461517333984
S6_pixel,b369f4266a,blockshuf_neg_1x,42,C:\StabilityMatrix-win-x64\Data\Packages\ComfyUI\output\benchmark_stage9\renders\S6_pixel_blockshuf_neg_1x_seed42_00001_.png,S6_pixel_blockshuf_neg_1x_seed42_00001_.png,0.2133636474609375,0.0492095947265625,S6_pixel_blockshuf_neg_1x_seed42_00001_.png,71.59941864013672
S6_pixel,b369f4266a,blockshuf_neg_1x,777,C:\StabilityMatrix-win-x64\Data\Packages\ComfyUI\output\benchmark_stage9\renders\S6_pixel_blockshuf_neg_1x_seed777_00001_.png,S6_pixel_blockshuf_neg_1x_seed777_00001_.png,0.2059661865234375,0.03616943359375,S6_pixel_blockshuf_neg_1x_seed777_00001_.png,67.31510162353516
S6_pixel,b369f4266a,blockshuf_neg_1x,1337,C:\StabilityMatrix-win-x64\Data\Packages\ComfyUI\output\benchmark_stage9\renders\S6_pixel_blockshuf_neg_1x_seed1337_00001_.png,S6_pixel_blockshuf_neg_1x_seed1337_00001_.png,0.191998291015625,0.0254608154296875,S6_pixel_blockshuf_neg_1x_seed1337_00001_.png,71.88543701171875
S6_pixel,b369f4266a,blockshuf_neg_1x,9999,C:\StabilityMatrix-win-x64\Data\Packages\ComfyUI\output\benchmark_stage9\renders\S6_pixel_blockshuf_neg_1x_seed9999_00001_.png,S6_pixel_blockshuf_neg_1x_seed9999_00001_.png,0.2695098876953125,0.041046142578125,S6_pixel_blockshuf_neg_1x_seed9999_00001_.png,70.64183807373047
S6_pixel,b369f4266a,blockshuf_neg_1x,4242145,C:\StabilityMatrix-win-x64\Data\Packages\ComfyUI\output\benchmark_stage9\renders\S6_pixel_blockshuf_neg_1x_seed4242145_00001_.png,S6_pixel_blockshuf_neg_1x_seed4242145_00001_.png,0.2025543212890625,0.033502197265625,S6_pixel_blockshuf_neg_1x_seed4242145_00001_.png,65.71211242675781
S6_pixel,b369f4266a,blockshuf_neg_2x,42,C:\StabilityMatrix-win-x64\Data\Packages\ComfyUI\output\benchmark_stage9\renders\S6_pixel_blockshuf_neg_2x_seed42_00001_.png,S6_pixel_blockshuf_neg_2x_seed42_00001_.png,0.151739501953125,0.0404083251953125,S6_pixel_blockshuf_neg_2x_seed42_00001_.png,100.9420394897461
S6_pixel,b369f4266a,blockshuf_neg_2x,777,C:\StabilityMatrix-win-x64\Data\Packages\ComfyUI\output\benchmark_stage9\renders\S6_pixel_blockshuf_neg_2x_seed777_00001_.png,S6_pixel_blockshuf_neg_2x_seed777_00001_.png,0.14569091796875,0.0400115966796875,S6_pixel_blockshuf_neg_2x_seed777_00001_.png,75.50035858154297
S6_pixel,b369f4266a,blockshuf_neg_2x,1337,C:\StabilityMatrix-win-x64\Data\Packages\ComfyUI\output\benchmark_stage9\renders\S6_pixel_blockshuf_neg_2x_seed1337_00001_.png,S6_pixel_blockshuf_neg_2x_seed1337_00001_.png,0.125677490234375,0.03028564453125,S6_pixel_blockshuf_neg_2x_seed1337_00001_.png,84.39300537109375
S6_pixel,b369f4266a,blockshuf_neg_2x,9999,C:\StabilityMatrix-win-x64\Data\Packages\ComfyUI\output\benchmark_stage9\renders\S6_pixel_blockshuf_neg_2x_seed9999_00001_.png,S6_pixel_blockshuf_neg_2x_seed9999_00001_.png,0.134027099609375,0.025537109375,S6_pixel_blockshuf_neg_2x_seed9999_00001_.png,86.8218002319336
S6_pixel,b369f4266a,blockshuf_neg_2x,4242145,C:\StabilityMatrix-win-x64\Data\Packages\ComfyUI\output\benchmark_stage9\renders\S6_pixel_blockshuf_neg_2x_seed4242145_00001_.png,S6_pixel_blockshuf_neg_2x_seed4242145_00001_.png,0.13243408203125,0.03289794921875,S6_pixel_blockshuf_neg_2x_seed4242145_00001_.png,73.72215270996094
S6_pixel,b369f4266a,rand_pos_1x,42,C:\StabilityMatrix-win-x64\Data\Packages\ComfyUI\output\benchmark_stage9\renders\S6_pixel_rand_pos_1x_seed42_00001_.png,S6_pixel_rand_pos_1x_seed42_00001_.png,0.227716064453125,0.0355712890625,S6_pixel_rand_pos_1x_seed42_00001_.png,60.705360412597656
S6_pixel,b369f4266a,rand_pos_1x,777,C:\StabilityMatrix-win-x64\Data\Packages\ComfyUI\output\benchmark_stage9\renders\S6_pixel_rand_pos_1x_seed777_00001_.png,S6_pixel_rand_pos_1x_seed777_00001_.png,0.2045928955078125,0.020770263671875,S6_pixel_rand_pos_1x_seed777_00001_.png,63.35920715332031
S6_pixel,b369f4266a,rand_pos_1x,1337,C:\StabilityMatrix-win-x64\Data\Packages\ComfyUI\output\benchmark_stage9\renders\S6_pixel_rand_pos_1x_seed1337_00001_.png,S6_pixel_rand_pos_1x_seed1337_00001_.png,0.223992919921875,0.0291961669921875,S6_pixel_rand_pos_1x_seed1337_00001_.png,62.66010665893555
S6_pixel,b369f4266a,rand_pos_1x,9999,C:\StabilityMatrix-win-x64\Data\Packages\ComfyUI\output\benchmark_stage9\renders\S6_pixel_rand_pos_1x_seed9999_00001_.png,S6_pixel_rand_pos_1x_seed9999_00001_.png,0.19298095703125,0.03438720703125,S6_pixel_rand_pos_1x_seed9999_00001_.png,62.73649978637695
S6_pixel,b369f4266a,rand_pos_1x,4242145,C:\StabilityMatrix-win-x64\Data\Packages\ComfyUI\output\benchmark_stage9\renders\S6_pixel_rand_pos_1x_seed4242145_00001_.png,S6_pixel_rand_pos_1x_seed4242145_00001_.png,0.22940673828125,0.02095947265625,S6_pixel_rand_pos_1x_seed4242145_00001_.png,65.00665283203125
S6_pixel,b369f4266a,rand_pos_2x,42,C:\StabilityMatrix-win-x64\Data\Packages\ComfyUI\output\benchmark_stage9\renders\S6_pixel_rand_pos_2x_seed42_00001_.png,S6_pixel_rand_pos_2x_seed42_00001_.png,0.2492401123046875,0.0242034912109375,S6_pixel_rand_pos_2x_seed42_00001_.png,59.00324249267578
S6_pixel,b369f4266a,rand_pos_2x,777,C:\StabilityMatrix-win-x64\Data\Packages\ComfyUI\output\benchmark_stage9\renders\S6_pixel_rand_pos_2x_seed777_00001_.png,S6_pixel_rand_pos_2x_seed777_00001_.png,0.1943389892578125,0.0163116455078125,S6_pixel_rand_pos_2x_seed777_00001_.png,65.63382720947266
S6_pixel,b369f4266a,rand_pos_2x,1337,C:\StabilityMatrix-win-x64\Data\Packages\ComfyUI\output\benchmark_stage9\renders\S6_pixel_rand_pos_2x_seed1337_00001_.png,S6_pixel_rand_pos_2x_seed1337_00001_.png,0.2628265380859375,0.01002197265625,S6_pixel_rand_pos_2x_seed1337_00001_.png,62.607723236083984
S6_pixel,b369f4266a,rand_pos_2x,9999,C:\StabilityMatrix-win-x64\Data\Packages\ComfyUI\output\benchmark_stage9\renders\S6_pixel_rand_pos_2x_seed9999_00001_.png,S6_pixel_rand_pos_2x_seed9999_00001_.png,0.2165496826171875,0.023907470703125,S6_pixel_rand_pos_2x_seed9999_00001_.png,61.78756713867188
S6_pixel,b369f4266a,rand_pos_2x,4242145,C:\StabilityMatrix-win-x64\Data\Packages\ComfyUI\output\benchmark_stage9\renders\S6_pixel_rand_pos_2x_seed4242145_00001_.png,S6_pixel_rand_pos_2x_seed4242145_00001_.png,0.234942626953125,0.0072784423828125,S6_pixel_rand_pos_2x_seed4242145_00001_.png,58.82735443115234
S7_glass,80cb4b3354,baseline,42,C:\StabilityMatrix-win-x64\Data\Packages\ComfyUI\output\benchmark_stage9\renders\S7_glass_baseline_seed42_00001_.png,S7_glass_baseline_seed42_00001_.png,0.2151031494140625,0.053326416015625,S7_glass_baseline_seed42_00001_.png,55.03978729248047
S7_glass,80cb4b3354,baseline,777,C:\StabilityMatrix-win-x64\Data\Packages\ComfyUI\output\benchmark_stage9\renders\S7_glass_baseline_seed777_00001_.png,S7_glass_baseline_seed777_00001_.png,0.22125244140625,0.073046875,S7_glass_baseline_seed777_00001_.png,54.01046371459961
S7_glass,80cb4b3354,baseline,1337,C:\StabilityMatrix-win-x64\Data\Packages\ComfyUI\output\benchmark_stage9\renders\S7_glass_baseline_seed1337_00001_.png,S7_glass_baseline_seed1337_00001_.png,0.2523834228515625,0.0727020263671875,S7_glass_baseline_seed1337_00001_.png,61.40663146972656
S7_glass,80cb4b3354,baseline,9999,C:\StabilityMatrix-win-x64\Data\Packages\ComfyUI\output\benchmark_stage9\renders\S7_glass_baseline_seed9999_00001_.png,S7_glass_baseline_seed9999_00001_.png,0.211944580078125,0.085028076171875,S7_glass_baseline_seed9999_00001_.png,54.58956909179688
S7_glass,80cb4b3354,baseline,4242145,C:\StabilityMatrix-win-x64\Data\Packages\ComfyUI\output\benchmark_stage9\renders\S7_glass_baseline_seed4242145_00001_.png,S7_glass_baseline_seed4242145_00001_.png,0.2396392822265625,0.1100555419921875,S7_glass_baseline_seed4242145_00001_.png,50.09745788574219
S7_glass,80cb4b3354,preset_pos_1x,42,C:\StabilityMatrix-win-x64\Data\Packages\ComfyUI\output\benchmark_stage9\renders\S7_glass_preset_pos_1x_seed42_00001_.png,S7_glass_preset_pos_1x_seed42_00001_.png,0.239190673828125,0.06220703125,S7_glass_preset_pos_1x_seed42_00001_.png,50.61002731323242
S7_glass,80cb4b3354,preset_pos_1x,777,C:\StabilityMatrix-win-x64\Data\Packages\ComfyUI\output\benchmark_stage9\renders\S7_glass_preset_pos_1x_seed777_00001_.png,S7_glass_preset_pos_1x_seed777_00001_.png,0.2418975830078125,0.0602752685546875,S7_glass_preset_pos_1x_seed777_00001_.png,49.05307769775391
S7_glass,80cb4b3354,preset_pos_1x,1337,C:\StabilityMatrix-win-x64\Data\Packages\ComfyUI\output\benchmark_stage9\renders\S7_glass_preset_pos_1x_seed1337_00001_.png,S7_glass_preset_pos_1x_seed1337_00001_.png,0.2327178955078125,0.0867401123046875,S7_glass_preset_pos_1x_seed1337_00001_.png,56.71539306640625
S7_glass,80cb4b3354,preset_pos_1x,9999,C:\StabilityMatrix-win-x64\Data\Packages\ComfyUI\output\benchmark_stage9\renders\S7_glass_preset_pos_1x_seed9999_00001_.png,S7_glass_preset_pos_1x_seed9999_00001_.png,0.23436279296875,0.0765472412109375,S7_glass_preset_pos_1x_seed9999_00001_.png,49.99322509765625
S7_glass,80cb4b3354,preset_pos_1x,4242145,C:\StabilityMatrix-win-x64\Data\Packages\ComfyUI\output\benchmark_stage9\renders\S7_glass_preset_pos_1x_seed4242145_00001_.png,S7_glass_preset_pos_1x_seed4242145_00001_.png,0.2481689453125,0.0840362548828125,S7_glass_preset_pos_1x_seed4242145_00001_.png,51.38740539550781
S7_glass,80cb4b3354,preset_pos_2x,42,C:\StabilityMatrix-win-x64\Data\Packages\ComfyUI\output\benchmark_stage9\renders\S7_glass_preset_pos_2x_seed42_00001_.png,S7_glass_preset_pos_2x_seed42_00001_.png,0.236981201171875,0.0356658935546875,S7_glass_preset_pos_2x_seed42_00001_.png,53.78834915161133
S7_glass,80cb4b3354,preset_pos_2x,777,C:\StabilityMatrix-win-x64\Data\Packages\ComfyUI\output\benchmark_stage9\renders\S7_glass_preset_pos_2x_seed777_00001_.png,S7_glass_preset_pos_2x_seed777_00001_.png,0.2729400634765625,0.0482086181640625,S7_glass_preset_pos_2x_seed777_00001_.png,52.63650894165039
S7_glass,80cb4b3354,preset_pos_2x,1337,C:\StabilityMatrix-win-x64\Data\Packages\ComfyUI\output\benchmark_stage9\renders\S7_glass_preset_pos_2x_seed1337_00001_.png,S7_glass_preset_pos_2x_seed1337_00001_.png,0.2602386474609375,0.0520721435546875,S7_glass_preset_pos_2x_seed1337_00001_.png,57.9930305480957
S7_glass,80cb4b3354,preset_pos_2x,9999,C:\StabilityMatrix-win-x64\Data\Packages\ComfyUI\output\benchmark_stage9\renders\S7_glass_preset_pos_2x_seed9999_00001_.png,S7_glass_preset_pos_2x_seed9999_00001_.png,0.25657958984375,0.0652862548828125,S7_glass_preset_pos_2x_seed9999_00001_.png,51.33607482910156
S7_glass,80cb4b3354,preset_pos_2x,4242145,C:\StabilityMatrix-win-x64\Data\Packages\ComfyUI\output\benchmark_stage9\renders\S7_glass_preset_pos_2x_seed4242145_00001_.png,S7_glass_preset_pos_2x_seed4242145_00001_.png,0.230169677734375,0.0327728271484375,S7_glass_preset_pos_2x_seed4242145_00001_.png,52.667625427246094
S7_glass,80cb4b3354,blockshuf_neg_1x,42,C:\StabilityMatrix-win-x64\Data\Packages\ComfyUI\output\benchmark_stage9\renders\S7_glass_blockshuf_neg_1x_seed42_00001_.png,S7_glass_blockshuf_neg_1x_seed42_00001_.png,0.2161041259765625,0.0816131591796875,S7_glass_blockshuf_neg_1x_seed42_00001_.png,58.55979537963867
S7_glass,80cb4b3354,blockshuf_neg_1x,777,C:\StabilityMatrix-win-x64\Data\Packages\ComfyUI\output\benchmark_stage9\renders\S7_glass_blockshuf_neg_1x_seed777_00001_.png,S7_glass_blockshuf_neg_1x_seed777_00001_.png,0.2163909912109375,0.08333740234375,S7_glass_blockshuf_neg_1x_seed777_00001_.png,59.04802703857422
S7_glass,80cb4b3354,blockshuf_neg_1x,1337,C:\StabilityMatrix-win-x64\Data\Packages\ComfyUI\output\benchmark_stage9\renders\S7_glass_blockshuf_neg_1x_seed1337_00001_.png,S7_glass_blockshuf_neg_1x_seed1337_00001_.png,0.2127899169921875,0.0930450439453125,S7_glass_blockshuf_neg_1x_seed1337_00001_.png,66.16624450683594
S7_glass,80cb4b3354,blockshuf_neg_1x,9999,C:\StabilityMatrix-win-x64\Data\Packages\ComfyUI\output\benchmark_stage9\renders\S7_glass_blockshuf_neg_1x_seed9999_00001_.png,S7_glass_blockshuf_neg_1x_seed9999_00001_.png,0.201641845703125,0.1024566650390625,S7_glass_blockshuf_neg_1x_seed9999_00001_.png,58.81904220581055
S7_glass,80cb4b3354,blockshuf_neg_1x,4242145,C:\StabilityMatrix-win-x64\Data\Packages\ComfyUI\output\benchmark_stage9\renders\S7_glass_blockshuf_neg_1x_seed4242145_00001_.png,S7_glass_blockshuf_neg_1x_seed4242145_00001_.png,0.199285888671875,0.05760498046875,S7_glass_blockshuf_neg_1x_seed4242145_00001_.png,52.452823638916016
S7_glass,80cb4b3354,blockshuf_neg_2x,42,C:\StabilityMatrix-win-x64\Data\Packages\ComfyUI\output\benchmark_stage9\renders\S7_glass_blockshuf_neg_2x_seed42_00001_.png,S7_glass_blockshuf_neg_2x_seed42_00001_.png,0.2191558837890625,0.1426666259765625,S7_glass_blockshuf_neg_2x_seed42_00001_.png,85.23363494873047
S7_glass,80cb4b3354,blockshuf_neg_2x,777,C:\StabilityMatrix-win-x64\Data\Packages\ComfyUI\output\benchmark_stage9\renders\S7_glass_blockshuf_neg_2x_seed777_00001_.png,S7_glass_blockshuf_neg_2x_seed777_00001_.png,0.193017578125,0.1392791748046875,S7_glass_blockshuf_neg_2x_seed777_00001_.png,80.56163024902344
S7_glass,80cb4b3354,blockshuf_neg_2x,1337,C:\StabilityMatrix-win-x64\Data\Packages\ComfyUI\output\benchmark_stage9\renders\S7_glass_blockshuf_neg_2x_seed1337_00001_.png,S7_glass_blockshuf_neg_2x_seed1337_00001_.png,0.225982666015625,0.148406982421875,S7_glass_blockshuf_neg_2x_seed1337_00001_.png,89.8322982788086
S7_glass,80cb4b3354,blockshuf_neg_2x,9999,C:\StabilityMatrix-win-x64\Data\Packages\ComfyUI\output\benchmark_stage9\renders\S7_glass_blockshuf_neg_2x_seed9999_00001_.png,S7_glass_blockshuf_neg_2x_seed9999_00001_.png,0.2401031494140625,0.1482879638671875,S7_glass_blockshuf_neg_2x_seed9999_00001_.png,81.1898193359375
S7_glass,80cb4b3354,blockshuf_neg_2x,4242145,C:\StabilityMatrix-win-x64\Data\Packages\ComfyUI\output\benchmark_stage9\renders\S7_glass_blockshuf_neg_2x_seed4242145_00001_.png,S7_glass_blockshuf_neg_2x_seed4242145_00001_.png,0.23778076171875,0.1153228759765625,S7_glass_blockshuf_neg_2x_seed4242145_00001_.png,90.56317138671876
S7_glass,80cb4b3354,rand_pos_1x,42,C:\StabilityMatrix-win-x64\Data\Packages\ComfyUI\output\benchmark_stage9\renders\S7_glass_rand_pos_1x_seed42_00001_.png,S7_glass_rand_pos_1x_seed42_00001_.png,0.18023681640625,0.088726806640625,S7_glass_rand_pos_1x_seed42_00001_.png,52.628700256347656
S7_glass,80cb4b3354,rand_pos_1x,777,C:\StabilityMatrix-win-x64\Data\Packages\ComfyUI\output\benchmark_stage9\renders\S7_glass_rand_pos_1x_seed777_00001_.png,S7_glass_rand_pos_1x_seed777_00001_.png,0.2134002685546875,0.1319305419921875,S7_glass_rand_pos_1x_seed777_00001_.png,60.16457748413086
S7_glass,80cb4b3354,rand_pos_1x,1337,C:\StabilityMatrix-win-x64\Data\Packages\ComfyUI\output\benchmark_stage9\renders\S7_glass_rand_pos_1x_seed1337_00001_.png,S7_glass_rand_pos_1x_seed1337_00001_.png,0.2203277587890625,0.1260009765625,S7_glass_rand_pos_1x_seed1337_00001_.png,64.10143280029297
S7_glass,80cb4b3354,rand_pos_1x,9999,C:\StabilityMatrix-win-x64\Data\Packages\ComfyUI\output\benchmark_stage9\renders\S7_glass_rand_pos_1x_seed9999_00001_.png,S7_glass_rand_pos_1x_seed9999_00001_.png,0.161309814453125,0.10291748046875,S7_glass_rand_pos_1x_seed9999_00001_.png,54.27685928344727
S7_glass,80cb4b3354,rand_pos_1x,4242145,C:\StabilityMatrix-win-x64\Data\Packages\ComfyUI\output\benchmark_stage9\renders\S7_glass_rand_pos_1x_seed4242145_00001_.png,S7_glass_rand_pos_1x_seed4242145_00001_.png,0.1814910888671875,0.1111968994140625,S7_glass_rand_pos_1x_seed4242145_00001_.png,58.06945037841797
S7_glass,80cb4b3354,rand_pos_2x,42,C:\StabilityMatrix-win-x64\Data\Packages\ComfyUI\output\benchmark_stage9\renders\S7_glass_rand_pos_2x_seed42_00001_.png,S7_glass_rand_pos_2x_seed42_00001_.png,0.208856201171875,0.0419403076171875,S7_glass_rand_pos_2x_seed42_00001_.png,74.07686614990234
S7_glass,80cb4b3354,rand_pos_2x,777,C:\StabilityMatrix-win-x64\Data\Packages\ComfyUI\output\benchmark_stage9\renders\S7_glass_rand_pos_2x_seed777_00001_.png,S7_glass_rand_pos_2x_seed777_00001_.png,0.2132598876953125,0.02969970703125,S7_glass_rand_pos_2x_seed777_00001_.png,73.27312469482422
S7_glass,80cb4b3354,rand_pos_2x,1337,C:\StabilityMatrix-win-x64\Data\Packages\ComfyUI\output\benchmark_stage9\renders\S7_glass_rand_pos_2x_seed1337_00001_.png,S7_glass_rand_pos_2x_seed1337_00001_.png,0.203076171875,0.0644683837890625,S7_glass_rand_pos_2x_seed1337_00001_.png,64.93476867675781
S7_glass,80cb4b3354,rand_pos_2x,9999,C:\StabilityMatrix-win-x64\Data\Packages\ComfyUI\output\benchmark_stage9\renders\S7_glass_rand_pos_2x_seed9999_00001_.png,S7_glass_rand_pos_2x_seed9999_00001_.png,0.18387451171875,0.055670166015625,S7_glass_rand_pos_2x_seed9999_00001_.png,66.10356903076172
S7_glass,80cb4b3354,rand_pos_2x,4242145,C:\StabilityMatrix-win-x64\Data\Packages\ComfyUI\output\benchmark_stage9\renders\S7_glass_rand_pos_2x_seed4242145_00001_.png,S7_glass_rand_pos_2x_seed4242145_00001_.png,0.2112335205078125,0.0534088134765625,S7_glass_rand_pos_2x_seed4242145_00001_.png,72.69873046875
S8_charcoal,eda77bf9e8,baseline,42,C:\StabilityMatrix-win-x64\Data\Packages\ComfyUI\output\benchmark_stage9\renders\S8_charcoal_baseline_seed42_00001_.png,S8_charcoal_baseline_seed42_00001_.png,0.1542816162109375,0.1191162109375,S8_charcoal_baseline_seed42_00001_.png,25.27649688720703
S8_charcoal,eda77bf9e8,baseline,777,C:\StabilityMatrix-win-x64\Data\Packages\ComfyUI\output\benchmark_stage9\renders\S8_charcoal_baseline_seed777_00001_.png,S8_charcoal_baseline_seed777_00001_.png,0.0860565185546875,0.1323028564453125,S8_charcoal_baseline_seed777_00001_.png,24.37037467956543
S8_charcoal,eda77bf9e8,baseline,1337,C:\StabilityMatrix-win-x64\Data\Packages\ComfyUI\output\benchmark_stage9\renders\S8_charcoal_baseline_seed1337_00001_.png,S8_charcoal_baseline_seed1337_00001_.png,0.078369140625,0.0882049560546875,S8_charcoal_baseline_seed1337_00001_.png,25.039867401123047
S8_charcoal,eda77bf9e8,baseline,9999,C:\StabilityMatrix-win-x64\Data\Packages\ComfyUI\output\benchmark_stage9\renders\S8_charcoal_baseline_seed9999_00001_.png,S8_charcoal_baseline_seed9999_00001_.png,0.068475341796875,0.1088287353515625,S8_charcoal_baseline_seed9999_00001_.png,24.1854248046875
S8_charcoal,eda77bf9e8,baseline,4242145,C:\StabilityMatrix-win-x64\Data\Packages\ComfyUI\output\benchmark_stage9\renders\S8_charcoal_baseline_seed4242145_00001_.png,S8_charcoal_baseline_seed4242145_00001_.png,0.0282012939453125,0.1087371826171875,S8_charcoal_baseline_seed4242145_00001_.png,20.737703323364254
S8_charcoal,eda77bf9e8,preset_pos_1x,42,C:\StabilityMatrix-win-x64\Data\Packages\ComfyUI\output\benchmark_stage9\renders\S8_charcoal_preset_pos_1x_seed42_00001_.png,S8_charcoal_preset_pos_1x_seed42_00001_.png,0.271612548828125,0.065081787109375,S8_charcoal_preset_pos_1x_seed42_00001_.png,19.694032669067383
S8_charcoal,eda77bf9e8,preset_pos_1x,777,C:\StabilityMatrix-win-x64\Data\Packages\ComfyUI\output\benchmark_stage9\renders\S8_charcoal_preset_pos_1x_seed777_00001_.png,S8_charcoal_preset_pos_1x_seed777_00001_.png,0.1372283935546875,0.0917755126953125,S8_charcoal_preset_pos_1x_seed777_00001_.png,20.68874931335449
S8_charcoal,eda77bf9e8,preset_pos_1x,1337,C:\StabilityMatrix-win-x64\Data\Packages\ComfyUI\output\benchmark_stage9\renders\S8_charcoal_preset_pos_1x_seed1337_00001_.png,S8_charcoal_preset_pos_1x_seed1337_00001_.png,0.0717559814453125,0.0765228271484375,S8_charcoal_preset_pos_1x_seed1337_00001_.png,21.67038917541504
S8_charcoal,eda77bf9e8,preset_pos_1x,9999,C:\StabilityMatrix-win-x64\Data\Packages\ComfyUI\output\benchmark_stage9\renders\S8_charcoal_preset_pos_1x_seed9999_00001_.png,S8_charcoal_preset_pos_1x_seed9999_00001_.png,0.075958251953125,0.0840606689453125,S8_charcoal_preset_pos_1x_seed9999_00001_.png,21.438385009765625
S8_charcoal,eda77bf9e8,preset_pos_1x,4242145,C:\StabilityMatrix-win-x64\Data\Packages\ComfyUI\output\benchmark_stage9\renders\S8_charcoal_preset_pos_1x_seed4242145_00001_.png,S8_charcoal_preset_pos_1x_seed4242145_00001_.png,0.01781005859375,0.0846099853515625,S8_charcoal_preset_pos_1x_seed4242145_00001_.png,15.804887771606444
S8_charcoal,eda77bf9e8,preset_pos_2x,42,C:\StabilityMatrix-win-x64\Data\Packages\ComfyUI\output\benchmark_stage9\renders\S8_charcoal_preset_pos_2x_seed42_00001_.png,S8_charcoal_preset_pos_2x_seed42_00001_.png,0.1962982177734375,0.0716461181640625,S8_charcoal_preset_pos_2x_seed42_00001_.png,13.415799140930176
S8_charcoal,eda77bf9e8,preset_pos_2x,777,C:\StabilityMatrix-win-x64\Data\Packages\ComfyUI\output\benchmark_stage9\renders\S8_charcoal_preset_pos_2x_seed777_00001_.png,S8_charcoal_preset_pos_2x_seed777_00001_.png,0.0811492919921875,0.0675750732421875,S8_charcoal_preset_pos_2x_seed777_00001_.png,15.96827793121338
S8_charcoal,eda77bf9e8,preset_pos_2x,1337,C:\StabilityMatrix-win-x64\Data\Packages\ComfyUI\output\benchmark_stage9\renders\S8_charcoal_preset_pos_2x_seed1337_00001_.png,S8_charcoal_preset_pos_2x_seed1337_00001_.png,0.059796142578125,0.06466064453125,S8_charcoal_preset_pos_2x_seed1337_00001_.png,15.488478660583496
S8_charcoal,eda77bf9e8,preset_pos_2x,9999,C:\StabilityMatrix-win-x64\Data\Packages\ComfyUI\output\benchmark_stage9\renders\S8_charcoal_preset_pos_2x_seed9999_00001_.png,S8_charcoal_preset_pos_2x_seed9999_00001_.png,0.0568572998046875,0.0757598876953125,S8_charcoal_preset_pos_2x_seed9999_00001_.png,16.789485931396484
S8_charcoal,eda77bf9e8,preset_pos_2x,4242145,C:\StabilityMatrix-win-x64\Data\Packages\ComfyUI\output\benchmark_stage9\renders\S8_charcoal_preset_pos_2x_seed4242145_00001_.png,S8_charcoal_preset_pos_2x_seed4242145_00001_.png,0.0295013427734375,0.0590240478515625,S8_charcoal_preset_pos_2x_seed4242145_00001_.png,12.084152221679688
S8_charcoal,eda77bf9e8,blockshuf_neg_1x,42,C:\StabilityMatrix-win-x64\Data\Packages\ComfyUI\output\benchmark_stage9\renders\S8_charcoal_blockshuf_neg_1x_seed42_00001_.png,S8_charcoal_blockshuf_neg_1x_seed42_00001_.png,0.0649505615234375,0.069085693359375,S8_charcoal_blockshuf_neg_1x_seed42_00001_.png,26.678123474121094
S8_charcoal,eda77bf9e8,blockshuf_neg_1x,777,C:\StabilityMatrix-win-x64\Data\Packages\ComfyUI\output\benchmark_stage9\renders\S8_charcoal_blockshuf_neg_1x_seed777_00001_.png,S8_charcoal_blockshuf_neg_1x_seed777_00001_.png,0.033685302734375,0.12467041015625,S8_charcoal_blockshuf_neg_1x_seed777_00001_.png,26.46047782897949
S8_charcoal,eda77bf9e8,blockshuf_neg_1x,1337,C:\StabilityMatrix-win-x64\Data\Packages\ComfyUI\output\benchmark_stage9\renders\S8_charcoal_blockshuf_neg_1x_seed1337_00001_.png,S8_charcoal_blockshuf_neg_1x_seed1337_00001_.png,0.029351806640625,0.0537017822265625,S8_charcoal_blockshuf_neg_1x_seed1337_00001_.png,29.156627655029297
S8_charcoal,eda77bf9e8,blockshuf_neg_1x,9999,C:\StabilityMatrix-win-x64\Data\Packages\ComfyUI\output\benchmark_stage9\renders\S8_charcoal_blockshuf_neg_1x_seed9999_00001_.png,S8_charcoal_blockshuf_neg_1x_seed9999_00001_.png,0.0352874755859375,0.0466339111328125,S8_charcoal_blockshuf_neg_1x_seed9999_00001_.png,27.3963565826416
S8_charcoal,eda77bf9e8,blockshuf_neg_1x,4242145,C:\StabilityMatrix-win-x64\Data\Packages\ComfyUI\output\benchmark_stage9\renders\S8_charcoal_blockshuf_neg_1x_seed4242145_00001_.png,S8_charcoal_blockshuf_neg_1x_seed4242145_00001_.png,0.0250823974609375,0.0488616943359375,S8_charcoal_blockshuf_neg_1x_seed4242145_00001_.png,22.517284393310547
S8_charcoal,eda77bf9e8,blockshuf_neg_2x,42,C:\StabilityMatrix-win-x64\Data\Packages\ComfyUI\output\benchmark_stage9\renders\S8_charcoal_blockshuf_neg_2x_seed42_00001_.png,S8_charcoal_blockshuf_neg_2x_seed42_00001_.png,0.044049072265625,0.0358123779296875,S8_charcoal_blockshuf_neg_2x_seed42_00001_.png,39.42955017089844
S8_charcoal,eda77bf9e8,blockshuf_neg_2x,777,C:\StabilityMatrix-win-x64\Data\Packages\ComfyUI\output\benchmark_stage9\renders\S8_charcoal_blockshuf_neg_2x_seed777_00001_.png,S8_charcoal_blockshuf_neg_2x_seed777_00001_.png,0.0514801025390625,0.03193359375,S8_charcoal_blockshuf_neg_2x_seed777_00001_.png,44.33482360839844
S8_charcoal,eda77bf9e8,blockshuf_neg_2x,1337,C:\StabilityMatrix-win-x64\Data\Packages\ComfyUI\output\benchmark_stage9\renders\S8_charcoal_blockshuf_neg_2x_seed1337_00001_.png,S8_charcoal_blockshuf_neg_2x_seed1337_00001_.png,0.126507568359375,0.04532470703125,S8_charcoal_blockshuf_neg_2x_seed1337_00001_.png,58.967227935791016
S8_charcoal,eda77bf9e8,blockshuf_neg_2x,9999,C:\StabilityMatrix-win-x64\Data\Packages\ComfyUI\output\benchmark_stage9\renders\S8_charcoal_blockshuf_neg_2x_seed9999_00001_.png,S8_charcoal_blockshuf_neg_2x_seed9999_00001_.png,0.061004638671875,0.023638916015625,S8_charcoal_blockshuf_neg_2x_seed9999_00001_.png,45.19144821166992
S8_charcoal,eda77bf9e8,blockshuf_neg_2x,4242145,C:\StabilityMatrix-win-x64\Data\Packages\ComfyUI\output\benchmark_stage9\renders\S8_charcoal_blockshuf_neg_2x_seed4242145_00001_.png,S8_charcoal_blockshuf_neg_2x_seed4242145_00001_.png,0.047979736328125,0.0372528076171875,S8_charcoal_blockshuf_neg_2x_seed4242145_00001_.png,40.03483200073242
S8_charcoal,eda77bf9e8,rand_pos_1x,42,C:\StabilityMatrix-win-x64\Data\Packages\ComfyUI\output\benchmark_stage9\renders\S8_charcoal_rand_pos_1x_seed42_00001_.png,S8_charcoal_rand_pos_1x_seed42_00001_.png,0.03177490234375,0.05670166015625,S8_charcoal_rand_pos_1x_seed42_00001_.png,21.102758407592773
S8_charcoal,eda77bf9e8,rand_pos_1x,777,C:\StabilityMatrix-win-x64\Data\Packages\ComfyUI\output\benchmark_stage9\renders\S8_charcoal_rand_pos_1x_seed777_00001_.png,S8_charcoal_rand_pos_1x_seed777_00001_.png,0.02598876953125,0.0781829833984375,S8_charcoal_rand_pos_1x_seed777_00001_.png,21.325986862182617
S8_charcoal,eda77bf9e8,rand_pos_1x,1337,C:\StabilityMatrix-win-x64\Data\Packages\ComfyUI\output\benchmark_stage9\renders\S8_charcoal_rand_pos_1x_seed1337_00001_.png,S8_charcoal_rand_pos_1x_seed1337_00001_.png,0.0344573974609375,0.08353271484375,S8_charcoal_rand_pos_1x_seed1337_00001_.png,24.57549285888672
S8_charcoal,eda77bf9e8,rand_pos_1x,9999,C:\StabilityMatrix-win-x64\Data\Packages\ComfyUI\output\benchmark_stage9\renders\S8_charcoal_rand_pos_1x_seed9999_00001_.png,S8_charcoal_rand_pos_1x_seed9999_00001_.png,0.0546783447265625,0.03270263671875,S8_charcoal_rand_pos_1x_seed9999_00001_.png,29.325782775878903
S8_charcoal,eda77bf9e8,rand_pos_1x,4242145,C:\StabilityMatrix-win-x64\Data\Packages\ComfyUI\output\benchmark_stage9\renders\S8_charcoal_rand_pos_1x_seed4242145_00001_.png,S8_charcoal_rand_pos_1x_seed4242145_00001_.png,0.013873291015625,0.129345703125,S8_charcoal_rand_pos_1x_seed4242145_00001_.png,16.989164352416992
S8_charcoal,eda77bf9e8,rand_pos_2x,42,C:\StabilityMatrix-win-x64\Data\Packages\ComfyUI\output\benchmark_stage9\renders\S8_charcoal_rand_pos_2x_seed42_00001_.png,S8_charcoal_rand_pos_2x_seed42_00001_.png,0.055096435546875,0.03753662109375,S8_charcoal_rand_pos_2x_seed42_00001_.png,26.401798248291016
S8_charcoal,eda77bf9e8,rand_pos_2x,777,C:\StabilityMatrix-win-x64\Data\Packages\ComfyUI\output\benchmark_stage9\renders\S8_charcoal_rand_pos_2x_seed777_00001_.png,S8_charcoal_rand_pos_2x_seed777_00001_.png,0.084796142578125,0.02904052734375,S8_charcoal_rand_pos_2x_seed777_00001_.png,22.673974990844727
S8_charcoal,eda77bf9e8,rand_pos_2x,1337,C:\StabilityMatrix-win-x64\Data\Packages\ComfyUI\output\benchmark_stage9\renders\S8_charcoal_rand_pos_2x_seed1337_00001_.png,S8_charcoal_rand_pos_2x_seed1337_00001_.png,0.0801025390625,0.0496856689453125,S8_charcoal_rand_pos_2x_seed1337_00001_.png,35.1955680847168
S8_charcoal,eda77bf9e8,rand_pos_2x,9999,C:\StabilityMatrix-win-x64\Data\Packages\ComfyUI\output\benchmark_stage9\renders\S8_charcoal_rand_pos_2x_seed9999_00001_.png,S8_charcoal_rand_pos_2x_seed9999_00001_.png,0.0449371337890625,0.0379058837890625,S8_charcoal_rand_pos_2x_seed9999_00001_.png,34.67617416381836
S8_charcoal,eda77bf9e8,rand_pos_2x,4242145,C:\StabilityMatrix-win-x64\Data\Packages\ComfyUI\output\benchmark_stage9\renders\S8_charcoal_rand_pos_2x_seed4242145_00001_.png,S8_charcoal_rand_pos_2x_seed4242145_00001_.png,0.0681365966796875,0.027032470703125,S8_charcoal_rand_pos_2x_seed4242145_00001_.png,22.971790313720703
