hash_id,x_min,x_max,y_min,y_max,bbox_width,bbox_height,bbox_area_frac,timestamp_ms
396d6d3960e9,78,899,208,675,821,467,0.29251632690429685,1789751246180
9baacd4e8b36,42,944,486,996,902,510,0.3509674072265625,1789751274811
8018a80e7b21,92,917,597,1068,825,471,0.2964591979980469,1789751283947
410a9b2d5916,192,865,557,945,673,388,0.1992218017578125,1789751290691
65a6094367b7,191,880,286,674,689,388,0.2039581298828125,1789751303539
b6ca42067d86,121,900,296,742,779,446,0.26507110595703126,1789751313595
47a6381f0097,159,810,589,1005,651,416,0.2066162109375,1789751320883
83057136d13a,231,850,616,968,619,352,0.1662353515625,1789751330811
6147ea84f0db,182,858,291,656,676,365,0.1882476806640625,1789751338531
1a4f6db098c1,214,877,334,702,663,368,0.18614501953125,1789751348003
caa7e4241f69,125,877,487,906,752,419,0.24039306640625,1789751355843
e0022e85240f,136,901,653,1070,765,417,0.24338150024414062,1789751363235
e938d5402194,222,881,526,925,659,399,0.20060806274414061,1789751370795
cf70935e1537,164,876,213,589,712,376,0.204248046875,1789751377851
0ce3bdc49b6f,175,801,200,541,626,341,0.16286163330078124,1789751388155
9e10a5c345aa,198,901,221,600,703,379,0.20327529907226563,1789751397643
ed3460ac9b65,198,872,184,584,674,400,0.2056884765625,1789751407675
5522dcc6ea2a,61,952,235,636,891,401,0.27259140014648436,1789751418595
804f2cde64b4,292,923,326,675,631,349,0.16801376342773439,1789751437323
3fa0840c66c9,152,798,201,602,646,401,0.19763641357421874,1789751446963
bd2cfdec30b3,152,858,331,702,706,371,0.19983367919921874,1789751458683
e886e7eb23e3,147,803,589,953,656,364,0.182177734375,1789751467571
1c865f4b97c3,107,925,290,735,818,445,0.27771759033203125,1789751489547
18b17c08e673,211,841,648,1040,630,392,0.18841552734375,1789751501435
7d2948cac415,202,849,533,954,647,421,0.20781478881835938,1789751509756
ab91f103fb4e,54,927,554,1060,873,506,0.33701934814453127,1789751522883
4d8335e8e87e,179,920,205,572,741,367,0.20747909545898438,1789751530684
7ea86df04f74,131,869,539,998,738,459,0.25843963623046873,1789751537899
8c21d89409b9,201,885,253,614,684,361,0.1883880615234375,1789751546563
37b186843b00,182,833,306,694,651,388,0.1927093505859375,1789751555307
a9a02964dbd7,141,780,637,1015,639,378,0.18428192138671876,1789751564068
27e16e75f083,192,934,627,1056,742,429,0.24285736083984374,1789751572411
ffe310d79763,58,967,521,1060,909,539,0.37380294799804686,1789751580475
7af42ffa34be,201,901,307,664,700,357,0.1906585693359375,1789751589060
a8bf356f4c17,108,873,590,1024,765,434,0.25330352783203125,1789751597411
dd0a4ac5acaa,158,911,663,1099,753,436,0.2504791259765625,1789751607659
598135f7fa31,104,836,208,598,732,390,0.217803955078125,1789751615427
32d6c5781ca0,182,935,671,1088,753,417,0.23956375122070311,1789751622243
a235c141367d,246,880,268,640,634,372,0.179937744140625,1789751629500
e71d09056895,171,913,284,729,742,445,0.25191497802734375,1789751638819
6b8da525c779,162,849,294,663,687,369,0.19340744018554687,1789751651499
4df0dd1c570d,116,927,546,1072,811,526,0.32545928955078124,1789751662748
a91697b35056,111,912,492,988,801,496,0.30311279296875,1789751671715
1077f2ed30ff,146,909,232,648,763,416,0.2421630859375,1789751680467
0ee0196b08ab,85,697,204,541,612,337,0.1573516845703125,1789751690028
cd32132103a6,195,836,703,1063,641,360,0.176055908203125,1789751698332
6b5fd4c86175,172,845,624,1013,673,389,0.19973526000976563,1789751708068
13ce2e68ee85,191,872,542,938,681,396,0.2057464599609375,1789751715556
22bfe75ef216,136,858,366,790,722,424,0.23355712890625,1789751728811
2098f2031100,190,880,589,990,690,401,0.21109771728515625,1789751739932
2e75d0d05c6f,133,889,594,1021,756,427,0.2462860107421875,1789751749211
f7e7adc29fb7,187,786,608,1002,599,394,0.18005828857421874,1789751757203
67596b49cb72,184,897,655,1063,713,408,0.221942138671875,1789751764796
7971ee26a821,133,836,621,984,703,363,0.19469375610351564,1789751774163
3315a0f11058,113,899,514,978,786,464,0.2782470703125,1789751782396
62285a4b2b0a,174,790,311,664,616,353,0.165899658203125,1789751792044
8a0f95b600ec,215,841,284,683,626,399,0.19056243896484376,1789751801163
173235927424,154,891,306,751,737,445,0.2502174377441406,1789751812676
b4e4fdbb938c,155,759,362,707,604,345,0.1589813232421875,1789751821571
fb94da5e4069,184,885,205,581,701,376,0.201092529296875,1789751829956
0d485d19432f,127,848,283,690,721,407,0.22388229370117188,1789751840675
d9280efc561c,125,907,284,764,782,480,0.286376953125,1789751850187
27b32be5d267,93,874,263,688,781,425,0.2532386779785156,1789751861212
a4649a61d24a,131,891,543,973,760,430,0.24932861328125,1789751871819
5ad228d9ce12,237,850,350,715,613,365,0.17070388793945312,1789751880091
03ad5f009512,112,866,613,1027,754,414,0.2381561279296875,1789751888028
3c18825eb3ee,117,877,221,674,760,453,0.262664794921875,1789751896699
994d4ec7281d,58,951,581,1177,893,596,0.4060577392578125,1789751908444
c3a8959aa19b,170,817,594,955,647,361,0.17819747924804688,1789751928915
a318f3a4f19b,39,916,511,1024,877,513,0.3432472229003906,1789751938548
ee9f922fd97c,166,810,326,683,644,357,0.1754058837890625,1789751947011
266ba3996268,163,864,239,660,701,421,0.22515945434570311,1789751955627
289b4ae088eb,139,872,592,994,733,402,0.22481231689453124,1789751964948
9fa0735f0b43,78,986,503,1045,908,542,0.375469970703125,1789751975460
11205ed4192d,198,885,264,690,687,426,0.22328338623046876,1789751986675
fd6fff5af466,192,883,586,1005,691,419,0.22089309692382814,1789751995891
80608fce6453,155,837,589,1012,682,423,0.22009735107421874,1789752002892
17746b82b13a,207,821,209,570,614,361,0.16910858154296876,1789752011852
5bdd60627d55,268,845,637,1013,577,376,0.165521240234375,1789752019500
26e03ef9eb9b,166,880,521,978,714,457,0.24894561767578124,1789752029108
764e8c7b8b3c,184,767,670,1017,583,347,0.15434341430664061,1789752036132
cad7131afcc5,199,840,272,661,641,389,0.19023818969726564,1789752054547
1909f556192a,116,903,358,804,787,446,0.26779327392578123,1789752064771
e15477ec27a9,80,779,596,989,699,393,0.20958480834960938,1789752071773
db214b149b5f,88,783,594,1011,695,417,0.22111129760742188,1789752078380
7e703830a251,182,854,616,994,672,378,0.193798828125,1789752086084
d76c03763ab8,176,754,682,992,578,310,0.1367034912109375,1789752093747
76b44413a68f,109,860,535,976,751,441,0.25267868041992186,1789752102644
35e0d77fa503,238,836,608,1005,598,397,0.18112640380859374,1789752110101
5b396bb00a9e,201,889,651,1047,688,396,0.207861328125,1789752120124
fa42c37bad5b,215,891,664,1043,676,379,0.1954681396484375,1789752128204
6d4a6fefa546,99,931,165,632,832,467,0.296435546875,1789752137804
d2dfb7c4c888,89,928,204,660,839,456,0.291888427734375,1789752147228
37a919e3adf6,190,856,307,694,666,387,0.19664154052734376,1789752166947
ed7c12076ce5,163,850,612,1004,687,392,0.205462646484375,1789752174979
483bae71f3c4,115,896,335,770,781,435,0.2591972351074219,1789752186420
b189dc769638,124,876,241,683,752,442,0.2535888671875,1789752193236
817df174e6f2,120,950,549,1122,830,573,0.36284637451171875,1789752214476
d0b508024b5d,99,856,225,572,757,347,0.20040817260742189,1789752225821
22b836993141,182,869,589,1013,687,424,0.222235107421875,1789752233220
f5e3d602fc37,88,747,312,675,659,363,0.18250808715820313,1789752243822
55a872aa7299,80,844,208,628,764,420,0.24481201171875,1789752252917
35064c0188c3,164,876,516,986,712,470,0.25531005859375,1789752260037
c82e9da923e0,175,845,569,978,670,409,0.20906829833984375,1789752267725
9f3b2fb2c776,117,913,596,1068,796,472,0.2866455078125,1789752275838
2a48061cfd22,144,880,206,559,736,353,0.1982177734375,1789752284453
7f375ed4ce93,101,916,688,1126,815,438,0.27234649658203125,1789752294101
8112823804c5,225,944,674,1048,719,374,0.20515899658203124,1789752300742
9e7ecd127443,140,811,292,663,671,371,0.18992691040039061,1789752308565
d6e11fb14cfc,78,998,488,1036,920,548,0.3846435546875,1789752318845
c0663af56bab,132,955,209,613,823,404,0.2536712646484375,1789752326613
a5ab18f1e07d,127,900,251,691,773,440,0.259490966796875,1789752335982
2b25ae9761e2,97,893,256,684,796,428,0.25992431640625,1789752346446
29b78ab39f14,167,960,568,1032,793,464,0.28072509765625,1789752356055
fabc99507953,144,778,598,968,634,370,0.1789703369140625,1789752363325
5ddf8cbe2ba1,123,832,657,1051,709,394,0.21312408447265624,1789752370924
4e10c5695ca5,109,919,227,639,810,412,0.254608154296875,1789752379997
ba3f96ab2753,261,818,659,973,557,314,0.13343658447265624,1789752387957
4996f44d6860,124,852,508,946,728,438,0.24327392578125,1789752396364
74815f2c03a5,144,892,339,741,748,402,0.229412841796875,1789752410270
73752a090164,139,868,358,801,729,443,0.24638900756835938,1789752418165
6dc34c64cc89,45,915,127,621,870,494,0.3278961181640625,1789752427878
1e3cfcefcedf,123,909,278,718,786,440,0.26385498046875,1789752437974
549fd90b33f0,104,913,237,640,809,403,0.24873886108398438,1789752445461
ae4519e4a246,191,861,561,970,670,409,0.20906829833984375,1789752453437
8741ff11c898,158,888,167,627,730,460,0.256195068359375,1789752466982
2f7633bc2f9e,201,858,303,718,657,415,0.20801925659179688,1789752475749
ff0da955ae03,339,921,259,585,582,326,0.1447540283203125,1789752483286
ef711f402d81,188,939,284,731,751,447,0.2561164855957031,1789752489853
b995c9edfd74,147,873,184,547,726,363,0.20106353759765624,1789752497254
feaabc1fd8fd,66,963,616,1134,897,518,0.35449676513671874,1789752506486
fb441810d672,80,874,734,1146,794,412,0.249578857421875,1789752513062
14f81c363de9,265,938,590,982,673,392,0.201275634765625,1789752519916
3d7d6c72e361,202,900,343,731,698,388,0.206622314453125,1789752527853
3ea09121810f,107,927,586,1006,820,420,0.26275634765625,1789752535229
3e314ad5dc06,116,900,514,1011,784,497,0.29727783203125,1789752542573
12212d417911,187,917,205,600,730,395,0.21999359130859375,1789752550654
dd3d06ac4c1f,214,869,712,1094,655,382,0.19089508056640625,1789752558021
a03e4201ed2f,119,923,264,718,804,454,0.278485107421875,1789752563950
499d925a2ebf,187,905,229,559,718,330,0.1807708740234375,1789752570749
fed81ba6d52c,197,864,233,609,667,376,0.191339111328125,1789752576566
27bd3046758a,160,833,306,717,673,411,0.21103134155273437,1789752585359
6b6c555e5189,124,889,573,1048,765,475,0.2772331237792969,1789752598766
5d07ec9a1866,143,834,286,674,691,388,0.2045501708984375,1789752607070
6b65c1fbf6ab,209,864,592,1009,655,417,0.20838546752929688,1789752613149
b9e6bf79dce6,163,840,291,727,677,436,0.2251983642578125,1789752621053
5e605b1ae582,238,869,228,563,631,335,0.16127395629882812,1789752629030
1f0a88ed21bd,249,878,600,970,629,370,0.17755889892578125,1789752636605
a28115c37587,85,907,554,1043,822,489,0.30666961669921877,1789752643293
e9137242c507,99,844,668,1079,745,411,0.23360824584960938,1789752650045
bf4511689c47,233,885,227,573,652,346,0.172113037109375,1789752656597
f95730b9df37,187,856,761,1074,669,313,0.15975723266601563,1789752666462
7e0813835760,162,885,487,922,723,435,0.23994827270507812,1789752674334
a32eb71250d9,147,869,514,998,722,484,0.266607666015625,1789752680509
65633c1ba38d,93,888,180,683,795,503,0.3050880432128906,1789752688510
d10e4df04dd4,166,870,605,957,704,352,0.1890625,1789752697316
e56b7a0587ad,107,739,284,593,632,309,0.148992919921875,1789752705214
41b70a4545f2,109,874,594,1006,765,412,0.2404632568359375,1789752711885
f9e7b21e6b6e,112,861,227,718,749,491,0.2805778503417969,1789752719261
9bb0c0ec174d,192,888,310,675,696,365,0.193817138671875,1789752727038
4d020f77dd06,78,974,516,1039,896,523,0.35751953125,1789752736541
21af961584c9,141,892,282,722,751,440,0.252105712890625,1789752744310
5c264918b874,217,645,431,758,428,327,0.1067779541015625,1789752756662
f02ded303f4a,175,904,645,1013,729,368,0.20467529296875,1789752763325
adf791913d20,295,870,396,734,575,338,0.14827728271484375,1789752770918
8f62adbe3708,61,764,197,561,703,364,0.1952301025390625,1789752777631
1f2c79349598,221,844,735,1075,623,340,0.1616058349609375,1789752786254
ecc20d62336f,155,883,619,1002,728,383,0.212725830078125,1789752792821
26c5e8d21ea2,131,856,653,1063,725,410,0.22678375244140625,1789752801029
56ce19578c63,124,823,231,636,699,405,0.21598434448242188,1789752808686
002fb4e347ce,127,951,223,696,824,473,0.297357177734375,1789752816533
a46fb4dfa4b7,323,917,181,527,594,346,0.1568023681640625,1789752824631
65b13599caa4,136,845,224,613,709,389,0.21041946411132811,1789752833085
c72c0e709f96,86,942,545,1035,856,490,0.32000732421875,1789752840750
d053850b417b,163,827,562,989,664,427,0.216314697265625,1789752846926
fa988a6fbd19,131,743,283,661,612,378,0.176495361328125,1789752856173
307ff5b7e9a5,133,856,257,695,723,438,0.24160308837890626,1789752864774
e84573092097,160,834,483,884,674,401,0.20620269775390626,1789752872198
e687f90ed339,219,874,545,922,655,377,0.18839645385742188,1789752879933
b49e9d58b910,246,884,526,933,638,407,0.19810943603515624,1789752887781
d744f2f64c39,209,856,296,688,647,392,0.193499755859375,1789752895542
cb8c46bbc004,190,826,702,1063,636,361,0.1751678466796875,1789752902421
185b4400d07c,54,919,241,696,865,455,0.3002738952636719,1789752910342
f9c6709c826f,253,832,664,980,579,316,0.1395904541015625,1789752920077
2da040e126ab,119,853,631,1024,734,393,0.22007904052734376,1789752929205
7da1760a3163,123,942,605,1078,819,473,0.29555282592773435,1789752937270
31a2a390efff,115,924,592,1037,809,445,0.2746620178222656,1789752945030
c749e9dcbfcd,213,837,627,973,624,346,0.1647216796875,1789752961333
5c1c57c8c90a,164,858,284,686,694,402,0.2128509521484375,1789752968614
005bbe2c22c1,120,963,247,692,843,445,0.2862052917480469,1789752976606
1d8812eda379,278,832,274,602,554,328,0.13863525390625,1789752985390
6b5b8c5dc5d8,176,897,280,694,721,414,0.22773284912109376,1789752992934
40af44b7ef2d,146,786,248,627,640,379,0.18505859375,1789753002278
0359926b1871,85,939,582,1106,854,524,0.341412353515625,1789753011142
8ac5aa8df086,100,864,683,1155,764,472,0.2751220703125,1789753017606
44280e73fb2a,103,909,292,739,806,447,0.27487335205078123,1789753024750
e6f9a07de983,163,853,725,1096,690,371,0.19530487060546875,1789753031093
52b0675e212b,179,966,621,1072,787,451,0.2707954406738281,1789753038166
4bdbfd375e1a,265,885,704,1029,620,325,0.1537322998046875,1789753044502
209b2c5715f5,85,942,224,718,857,494,0.32299652099609377,1789753051478
c934608dce1a,43,971,534,1060,928,526,0.372412109375,1789753059174
f86705feff38,150,844,589,974,694,385,0.20384979248046875,1789753065502
922f25990138,159,912,629,1104,753,475,0.2728843688964844,1789753074054
e8359e9da943,140,826,275,692,686,417,0.21824798583984376,1789753082766
69bd7e51caf3,223,869,680,1076,646,396,0.195172119140625,1789753089678
90d655d2ed98,176,742,652,1002,566,350,0.1511383056640625,1789753096150
413a7ca48513,117,919,592,1045,802,453,0.27718048095703124,1789753103348
baa48baa8261,120,901,534,1004,781,470,0.28005218505859375,1789753111030
ac7726e4cc25,163,817,280,629,654,349,0.17413787841796874,1789753120287
cd9a7dae564b,123,899,296,743,776,447,0.264642333984375,1789753128078
c8538030eb57,159,897,275,659,738,384,0.2162109375,1789753137366
b758e9654faa,84,923,272,758,839,486,0.31109161376953126,1789753145549
8f1ef41cc450,210,872,660,1062,662,402,0.2030364990234375,1789753152198
2ec566e9d681,136,821,275,694,685,419,0.21897506713867188,1789753162134
cc6369924a7b,99,925,576,1059,826,483,0.30438079833984377,1789753170063
8c1c9ad3cab5,175,880,498,941,705,443,0.23827743530273438,1789753177638
1302c2c4e3ea,194,983,616,1041,789,425,0.2558326721191406,1789753185239
f1d2fa8480c4,80,803,298,678,723,380,0.2096099853515625,1789753193870
3d2388463d40,168,932,205,676,764,471,0.2745391845703125,1789753202566
9f1336d48011,136,823,664,1032,687,368,0.19288330078125,1789753209980
