order,hash_id,prompt_id,prompt_sha1,cond_name,seed,is_duplicate,orig_hash_id,mirror_h,flip_v,hue_shift_deg,sat_factor,lum_factor,noise_sigma,src_path
1,396d6d3960e9,S07_comic,69f4e68eba,baseline,9999,0,396d6d3960e9,1,1,-106.21,0.8932,1.0489,1.2,S07_comic_baseline_seed9999_00001_.png
2,9baacd4e8b36,S03_cyberpunk,6ab02b69aa,blockshuf_neg_2x,4242145,0,9baacd4e8b36,0,0,35.52,1.0988,0.9938,1.82,S03_cyberpunk_blockshuf_neg_2x_seed4242145_00001_.png
3,8018a80e7b21,S07_comic,69f4e68eba,baseline,4242145,0,8018a80e7b21,0,0,69.0,1.5603,1.0684,2.45,S07_comic_baseline_seed4242145_00001_.png
4,410a9b2d5916,S02_linocut,e20e86ac75,blockshuf_neg_1x,42,0,410a9b2d5916,1,0,-85.59,0.6231,1.1472,0.48,S02_linocut_blockshuf_neg_1x_seed42_00001_.png
5,65a6094367b7,S10_synthwave,25147e923b,baseline,777,1,5d07ec9a1866,0,1,-17.22,0.8154,0.9961,3.5,S10_synthwave_baseline_seed777_00001_.png
6,b6ca42067d86,S03_cyberpunk,6ab02b69aa,baseline,42,0,b6ca42067d86,0,1,54.67,1.2065,0.9241,2.71,S03_cyberpunk_baseline_seed42_00001_.png
7,47a6381f0097,S06_pastel,61861c7677,baseline,1337,0,47a6381f0097,1,0,-172.94,1.3863,0.8969,3.28,S06_pastel_baseline_seed1337_00001_.png
8,83057136d13a,S01_oil,6de4189f5e,baseline,42,0,83057136d13a,0,0,-129.81,1.2549,1.1466,3.07,S01_oil_baseline_seed42_00001_.png
9,6147ea84f0db,S02_linocut,e20e86ac75,preset_pos_2x,42,0,6147ea84f0db,0,1,-162.57,1.0423,0.8577,0.92,S02_linocut_preset_pos_2x_seed42_00001_.png
10,1a4f6db098c1,S06_pastel,61861c7677,blockshuf_neg_2x,42,0,1a4f6db098c1,0,1,-52.74,0.7074,1.005,2.31,S06_pastel_blockshuf_neg_2x_seed42_00001_.png
11,caa7e4241f69,S03_cyberpunk,6ab02b69aa,baseline,4242145,0,caa7e4241f69,1,0,20.22,0.7035,0.9517,0.41,S03_cyberpunk_baseline_seed4242145_00001_.png
12,e0022e85240f,S06_pastel,61861c7677,preset_pos_2x,1337,0,e0022e85240f,0,0,20.27,1.5078,1.0136,1.34,S06_pastel_preset_pos_2x_seed1337_00001_.png
13,e938d5402194,S06_pastel,61861c7677,blockshuf_neg_1x,777,0,e938d5402194,0,0,50.71,1.5704,0.8663,0.45,S06_pastel_blockshuf_neg_1x_seed777_00001_.png
14,cf70935e1537,S09_fresco,9e81add78f,baseline,1337,0,cf70935e1537,0,1,-89.31,1.1236,0.9328,0.17,S09_fresco_baseline_seed1337_00001_.png
15,0ce3bdc49b6f,S04_gouache,6335032007,baseline,4242145,0,0ce3bdc49b6f,1,1,-101.52,1.4277,1.0052,1.18,S04_gouache_baseline_seed4242145_00001_.png
16,9e10a5c345aa,S10_synthwave,25147e923b,preset_pos_2x,4242145,0,9e10a5c345aa,1,1,151.11,0.7833,1.1188,1.4,S10_synthwave_preset_pos_2x_seed4242145_00001_.png
17,ed3460ac9b65,S09_fresco,9e81add78f,blockshuf_neg_1x,42,0,ed3460ac9b65,1,1,-110.89,1.3119,1.0473,1.69,S09_fresco_blockshuf_neg_1x_seed42_00001_.png
18,5522dcc6ea2a,S10_synthwave,25147e923b,blockshuf_neg_2x,4242145,0,5522dcc6ea2a,0,1,50.84,0.8789,1.0746,1.59,S10_synthwave_blockshuf_neg_2x_seed4242145_00001_.png
19,804f2cde64b4,S06_pastel,61861c7677,blockshuf_neg_2x,9999,0,804f2cde64b4,0,1,53.95,1.228,1.0478,2.7,S06_pastel_blockshuf_neg_2x_seed9999_00001_.png
20,3fa0840c66c9,S09_fresco,9e81add78f,baseline,777,0,3fa0840c66c9,1,1,101.24,0.9709,1.1318,1.17,S09_fresco_baseline_seed777_00001_.png
21,bd2cfdec30b3,S08_papercraft,17e466c859,blockshuf_neg_1x,4242145,0,bd2cfdec30b3,1,1,-168.29,1.4239,0.9066,1.04,S08_papercraft_blockshuf_neg_1x_seed4242145_00001_.png
22,e886e7eb23e3,S02_linocut,e20e86ac75,blockshuf_neg_1x,9999,0,e886e7eb23e3,0,0,-50.67,1.2238,0.8765,2.43,S02_linocut_blockshuf_neg_1x_seed9999_00001_.png
23,1c865f4b97c3,S03_cyberpunk,6ab02b69aa,blockshuf_neg_2x,42,0,1c865f4b97c3,0,1,-62.32,1.2926,0.9422,1.21,S03_cyberpunk_blockshuf_neg_2x_seed42_00001_.png
24,18b17c08e673,S10_synthwave,25147e923b,blockshuf_neg_1x,4242145,0,18b17c08e673,1,0,109.62,0.864,0.9012,0.75,S10_synthwave_blockshuf_neg_1x_seed4242145_00001_.png
25,7d2948cac415,S05_pencil,9a68323a39,blockshuf_neg_1x,9999,0,7d2948cac415,0,0,-164.3,1.4311,0.942,0.49,S05_pencil_blockshuf_neg_1x_seed9999_00001_.png
26,ab91f103fb4e,S07_comic,69f4e68eba,blockshuf_neg_1x,1337,0,ab91f103fb4e,1,0,-43.74,1.1045,0.9225,1.74,S07_comic_blockshuf_neg_1x_seed1337_00001_.png
27,4d8335e8e87e,S04_gouache,6335032007,preset_pos_2x,9999,0,4d8335e8e87e,0,1,-163.28,1.4391,1.1327,1.75,S04_gouache_preset_pos_2x_seed9999_00001_.png
28,7ea86df04f74,S05_pencil,9a68323a39,blockshuf_neg_2x,42,0,7ea86df04f74,1,0,-175.22,1.0882,0.9024,1.58,S05_pencil_blockshuf_neg_2x_seed42_00001_.png
29,8c21d89409b9,S08_papercraft,17e466c859,baseline,9999,0,8c21d89409b9,0,1,-113.18,0.7697,0.9546,0.83,S08_papercraft_baseline_seed9999_00001_.png
30,37b186843b00,S02_linocut,e20e86ac75,baseline,42,0,37b186843b00,1,1,-1.96,0.8354,1.0222,3.63,S02_linocut_baseline_seed42_00001_.png
31,a9a02964dbd7,S04_gouache,6335032007,baseline,777,0,a9a02964dbd7,1,0,39.75,0.643,1.0986,3.21,S04_gouache_baseline_seed777_00001_.png
32,27e16e75f083,S02_linocut,e20e86ac75,preset_pos_2x,4242145,0,27e16e75f083,0,0,126.55,0.8057,1.0216,2.4,S02_linocut_preset_pos_2x_seed4242145_00001_.png
33,ffe310d79763,S04_gouache,6335032007,blockshuf_neg_2x,42,0,ffe310d79763,1,0,-132.72,0.6346,1.0529,1.65,S04_gouache_blockshuf_neg_2x_seed42_00001_.png
34,7af42ffa34be,S08_papercraft,17e466c859,preset_pos_2x,4242145,0,7af42ffa34be,0,1,-77.99,1.3045,0.8821,1.35,S08_papercraft_preset_pos_2x_seed4242145_00001_.png
35,a8bf356f4c17,S08_papercraft,17e466c859,blockshuf_neg_1x,777,0,a8bf356f4c17,1,0,36.33,0.7446,0.8615,2.97,S08_papercraft_blockshuf_neg_1x_seed777_00001_.png
36,dd0a4ac5acaa,S09_fresco,9e81add78f,blockshuf_neg_2x,42,0,dd0a4ac5acaa,1,0,-93.9,0.7882,1.0827,0.63,S09_fresco_blockshuf_neg_2x_seed42_00001_.png
37,598135f7fa31,S09_fresco,9e81add78f,baseline,9999,1,12212d417911,1,1,101.49,0.6239,0.869,3.22,S09_fresco_baseline_seed9999_00001_.png
38,32d6c5781ca0,S09_fresco,9e81add78f,blockshuf_neg_1x,9999,0,32d6c5781ca0,0,0,-80.69,0.662,1.0298,2.09,S09_fresco_blockshuf_neg_1x_seed9999_00001_.png
39,a235c141367d,S04_gouache,6335032007,baseline,777,1,a9a02964dbd7,0,1,-150.86,1.1474,1.0321,1.48,S04_gouache_baseline_seed777_00001_.png
40,e71d09056895,S05_pencil,9a68323a39,blockshuf_neg_2x,9999,0,e71d09056895,0,1,159.72,0.85,1.1366,3.63,S05_pencil_blockshuf_neg_2x_seed9999_00001_.png
41,6b8da525c779,S02_linocut,e20e86ac75,baseline,9999,0,6b8da525c779,0,1,-2.9,0.9952,0.8743,1.24,S02_linocut_baseline_seed9999_00001_.png
42,4df0dd1c570d,S03_cyberpunk,6ab02b69aa,blockshuf_neg_1x,777,0,4df0dd1c570d,1,0,79.28,1.2218,0.9259,0.04,S03_cyberpunk_blockshuf_neg_1x_seed777_00001_.png
43,a91697b35056,S03_cyberpunk,6ab02b69aa,baseline,777,0,a91697b35056,1,0,29.84,1.1257,1.0072,1.56,S03_cyberpunk_baseline_seed777_00001_.png
44,1077f2ed30ff,S02_linocut,e20e86ac75,preset_pos_2x,1337,0,1077f2ed30ff,0,1,-32.44,1.5838,1.0925,2.98,S02_linocut_preset_pos_2x_seed1337_00001_.png
45,0ee0196b08ab,S09_fresco,9e81add78f,preset_pos_2x,9999,0,0ee0196b08ab,0,1,172.93,1.0506,1.0668,0.56,S09_fresco_preset_pos_2x_seed9999_00001_.png
46,cd32132103a6,S10_synthwave,25147e923b,baseline,1337,1,cb8c46bbc004,0,0,-124.96,1.1628,1.0281,0.63,S10_synthwave_baseline_seed1337_00001_.png
47,6b5fd4c86175,S01_oil,6de4189f5e,baseline,1337,0,6b5fd4c86175,1,0,-171.55,0.6038,1.0522,2.0,S01_oil_baseline_seed1337_00001_.png
48,13ce2e68ee85,S05_pencil,9a68323a39,blockshuf_neg_1x,4242145,0,13ce2e68ee85,0,0,-138.97,1.3781,1.0623,2.45,S05_pencil_blockshuf_neg_1x_seed4242145_00001_.png
49,22bfe75ef216,S03_cyberpunk,6ab02b69aa,baseline,1337,0,22bfe75ef216,1,1,60.25,0.9385,0.9887,0.27,S03_cyberpunk_baseline_seed1337_00001_.png
50,2098f2031100,S10_synthwave,25147e923b,blockshuf_neg_1x,777,0,2098f2031100,0,0,-121.51,0.6262,1.0857,3.99,S10_synthwave_blockshuf_neg_1x_seed777_00001_.png
51,2e75d0d05c6f,S02_linocut,e20e86ac75,baseline,4242145,0,2e75d0d05c6f,0,0,-7.61,1.5042,0.9956,2.35,S02_linocut_baseline_seed4242145_00001_.png
52,f7e7adc29fb7,S05_pencil,9a68323a39,baseline,9999,0,f7e7adc29fb7,1,0,77.93,0.7425,1.1318,0.16,S05_pencil_baseline_seed9999_00001_.png
53,67596b49cb72,S09_fresco,9e81add78f,blockshuf_neg_1x,4242145,0,67596b49cb72,1,0,-120.9,1.1265,0.8665,1.9,S09_fresco_blockshuf_neg_1x_seed4242145_00001_.png
54,7971ee26a821,S10_synthwave,25147e923b,baseline,42,0,7971ee26a821,1,0,-7.49,1.0764,1.067,3.36,S10_synthwave_baseline_seed42_00001_.png
55,3315a0f11058,S03_cyberpunk,6ab02b69aa,preset_pos_2x,1337,0,3315a0f11058,1,0,149.33,1.4589,0.9361,1.57,S03_cyberpunk_preset_pos_2x_seed1337_00001_.png
56,62285a4b2b0a,S01_oil,6de4189f5e,baseline,42,1,83057136d13a,1,1,-151.54,0.7667,1.0584,2.16,S01_oil_baseline_seed42_00001_.png
57,8a0f95b600ec,S05_pencil,9a68323a39,baseline,42,0,8a0f95b600ec,0,1,-53.22,0.9287,0.9347,1.46,S05_pencil_baseline_seed42_00001_.png
58,173235927424,S02_linocut,e20e86ac75,blockshuf_neg_1x,1337,0,173235927424,0,1,3.29,1.2317,0.8775,2.97,S02_linocut_blockshuf_neg_1x_seed1337_00001_.png
59,b4e4fdbb938c,S01_oil,6de4189f5e,baseline,4242145,0,b4e4fdbb938c,1,1,-143.48,1.4637,0.8541,0.83,S01_oil_baseline_seed4242145_00001_.png
60,fb94da5e4069,S04_gouache,6335032007,preset_pos_2x,777,0,fb94da5e4069,0,1,15.98,1.0517,0.9352,3.76,S04_gouache_preset_pos_2x_seed777_00001_.png
61,0d485d19432f,S02_linocut,e20e86ac75,baseline,777,0,0d485d19432f,1,1,159.35,0.7007,0.9542,2.35,S02_linocut_baseline_seed777_00001_.png
62,d9280efc561c,S05_pencil,9a68323a39,blockshuf_neg_2x,1337,0,d9280efc561c,0,1,139.86,1.424,1.1012,0.9,S05_pencil_blockshuf_neg_2x_seed1337_00001_.png
63,27b32be5d267,S03_cyberpunk,6ab02b69aa,preset_pos_2x,42,0,27b32be5d267,1,1,172.17,1.2921,1.0986,1.21,S03_cyberpunk_preset_pos_2x_seed42_00001_.png
64,a4649a61d24a,S02_linocut,e20e86ac75,blockshuf_neg_2x,42,0,a4649a61d24a,1,0,83.36,1.2552,0.8874,2.14,S02_linocut_blockshuf_neg_2x_seed42_00001_.png
65,5ad228d9ce12,S01_oil,6de4189f5e,blockshuf_neg_1x,777,0,5ad228d9ce12,0,1,24.28,1.3629,0.9174,0.27,S01_oil_blockshuf_neg_1x_seed777_00001_.png
66,03ad5f009512,S06_pastel,61861c7677,preset_pos_2x,42,0,03ad5f009512,1,0,105.75,0.7253,1.0055,2.67,S06_pastel_preset_pos_2x_seed42_00001_.png
67,3c18825eb3ee,S07_comic,69f4e68eba,preset_pos_2x,42,0,3c18825eb3ee,1,1,-119.18,1.3387,1.0579,3.5,S07_comic_preset_pos_2x_seed42_00001_.png
68,994d4ec7281d,S07_comic,69f4e68eba,blockshuf_neg_2x,777,0,994d4ec7281d,1,0,-24.19,1.0937,0.9416,0.64,S07_comic_blockshuf_neg_2x_seed777_00001_.png
69,c3a8959aa19b,S01_oil,6de4189f5e,blockshuf_neg_1x,42,0,c3a8959aa19b,1,0,80.76,0.9655,0.9262,2.99,S01_oil_blockshuf_neg_1x_seed42_00001_.png
70,a318f3a4f19b,S02_linocut,e20e86ac75,blockshuf_neg_2x,4242145,0,a318f3a4f19b,0,0,90.6,1.1584,0.9106,3.04,S02_linocut_blockshuf_neg_2x_seed4242145_00001_.png
71,ee9f922fd97c,S10_synthwave,25147e923b,blockshuf_neg_1x,42,0,ee9f922fd97c,1,1,-116.34,0.845,1.1033,3.36,S10_synthwave_blockshuf_neg_1x_seed42_00001_.png
72,266ba3996268,S05_pencil,9a68323a39,preset_pos_2x,1337,0,266ba3996268,0,1,176.52,0.9019,0.9776,1.55,S05_pencil_preset_pos_2x_seed1337_00001_.png
73,289b4ae088eb,S08_papercraft,17e466c859,baseline,42,0,289b4ae088eb,1,0,-121.91,0.8715,1.0541,2.31,S08_papercraft_baseline_seed42_00001_.png
74,9fa0735f0b43,S07_comic,69f4e68eba,blockshuf_neg_2x,4242145,0,9fa0735f0b43,1,0,-132.42,1.164,0.8953,2.44,S07_comic_blockshuf_neg_2x_seed4242145_00001_.png
75,11205ed4192d,S05_pencil,9a68323a39,baseline,777,0,11205ed4192d,0,1,156.49,0.8511,1.0633,1.22,S05_pencil_baseline_seed777_00001_.png
76,fd6fff5af466,S10_synthwave,25147e923b,blockshuf_neg_1x,1337,0,fd6fff5af466,1,0,149.07,0.9203,0.9637,2.23,S10_synthwave_blockshuf_neg_1x_seed1337_00001_.png
77,80608fce6453,S06_pastel,61861c7677,baseline,42,1,22b836993141,1,0,82.35,0.9148,1.0115,3.03,S06_pastel_baseline_seed42_00001_.png
78,17746b82b13a,S04_gouache,6335032007,blockshuf_neg_1x,1337,0,17746b82b13a,1,1,70.46,0.9131,0.9163,1.44,S04_gouache_blockshuf_neg_1x_seed1337_00001_.png
79,5bdd60627d55,S05_pencil,9a68323a39,preset_pos_2x,777,0,5bdd60627d55,0,0,159.84,0.9376,1.004,2.45,S05_pencil_preset_pos_2x_seed777_00001_.png
80,26e03ef9eb9b,S06_pastel,61861c7677,blockshuf_neg_1x,1337,0,26e03ef9eb9b,0,0,-24.65,0.8303,1.1223,0.99,S06_pastel_blockshuf_neg_1x_seed1337_00001_.png
81,764e8c7b8b3c,S05_pencil,9a68323a39,preset_pos_2x,9999,0,764e8c7b8b3c,1,0,98.39,1.4663,1.1311,0.56,S05_pencil_preset_pos_2x_seed9999_00001_.png
82,cad7131afcc5,S05_pencil,9a68323a39,preset_pos_2x,42,0,cad7131afcc5,0,1,-135.96,1.2206,0.8797,3.24,S05_pencil_preset_pos_2x_seed42_00001_.png
83,1909f556192a,S03_cyberpunk,6ab02b69aa,blockshuf_neg_1x,4242145,0,1909f556192a,1,1,-132.66,1.506,0.9197,1.19,S03_cyberpunk_blockshuf_neg_1x_seed4242145_00001_.png
84,e15477ec27a9,S01_oil,6de4189f5e,blockshuf_neg_2x,9999,0,e15477ec27a9,1,0,-145.67,1.4336,0.9096,2.06,S01_oil_blockshuf_neg_2x_seed9999_00001_.png
85,db214b149b5f,S06_pastel,61861c7677,baseline,9999,0,db214b149b5f,1,0,-14.98,1.0353,0.894,3.53,S06_pastel_baseline_seed9999_00001_.png
86,7e703830a251,S02_linocut,e20e86ac75,baseline,9999,1,6b8da525c779,1,0,-166.58,1.396,0.8914,0.28,S02_linocut_baseline_seed9999_00001_.png
87,d76c03763ab8,S10_synthwave,25147e923b,preset_pos_2x,777,0,d76c03763ab8,1,0,-57.47,0.7464,1.0974,2.83,S10_synthwave_preset_pos_2x_seed777_00001_.png
88,76b44413a68f,S06_pastel,61861c7677,blockshuf_neg_2x,1337,0,76b44413a68f,1,0,-155.23,1.4385,0.9632,3.99,S06_pastel_blockshuf_neg_2x_seed1337_00001_.png
89,35e0d77fa503,S05_pencil,9a68323a39,baseline,9999,1,f7e7adc29fb7,0,0,-147.43,1.4203,1.0958,0.89,S05_pencil_baseline_seed9999_00001_.png
90,5b396bb00a9e,S02_linocut,e20e86ac75,blockshuf_neg_1x,4242145,0,5b396bb00a9e,1,0,-94.24,1.5062,0.9834,1.84,S02_linocut_blockshuf_neg_1x_seed4242145_00001_.png
91,fa42c37bad5b,S01_oil,6de4189f5e,preset_pos_2x,4242145,0,fa42c37bad5b,0,0,-135.28,0.759,1.0605,1.19,S01_oil_preset_pos_2x_seed4242145_00001_.png
92,6d4a6fefa546,S07_comic,69f4e68eba,preset_pos_2x,4242145,0,6d4a6fefa546,0,1,-115.39,0.7804,0.966,3.58,S07_comic_preset_pos_2x_seed4242145_00001_.png
93,d2dfb7c4c888,S08_papercraft,17e466c859,blockshuf_neg_1x,1337,0,d2dfb7c4c888,0,1,-165.11,1.5539,1.0536,3.97,S08_papercraft_blockshuf_neg_1x_seed1337_00001_.png
94,37a919e3adf6,S03_cyberpunk,6ab02b69aa,baseline,9999,0,37a919e3adf6,0,1,57.19,0.84,0.9313,1.39,S03_cyberpunk_baseline_seed9999_00001_.png
95,ed7c12076ce5,S04_gouache,6335032007,baseline,42,0,ed7c12076ce5,1,0,-70.43,0.9241,0.9911,0.06,S04_gouache_baseline_seed42_00001_.png
96,483bae71f3c4,S02_linocut,e20e86ac75,blockshuf_neg_2x,1337,0,483bae71f3c4,0,1,-166.59,1.4793,1.125,2.6,S02_linocut_blockshuf_neg_2x_seed1337_00001_.png
97,b189dc769638,S06_pastel,61861c7677,preset_pos_2x,777,0,b189dc769638,1,1,-177.9,1.292,1.143,1.36,S06_pastel_preset_pos_2x_seed777_00001_.png
98,817df174e6f2,S03_cyberpunk,6ab02b69aa,blockshuf_neg_2x,777,0,817df174e6f2,0,0,80.54,1.29,1.011,3.35,S03_cyberpunk_blockshuf_neg_2x_seed777_00001_.png
99,d0b508024b5d,S10_synthwave,25147e923b,blockshuf_neg_2x,9999,0,d0b508024b5d,1,1,86.08,1.2954,0.9136,1.62,S10_synthwave_blockshuf_neg_2x_seed9999_00001_.png
100,22b836993141,S06_pastel,61861c7677,baseline,42,0,22b836993141,0,0,-40.32,1.3181,1.1032,0.6,S06_pastel_baseline_seed42_00001_.png
101,f5e3d602fc37,S01_oil,6de4189f5e,blockshuf_neg_1x,9999,0,f5e3d602fc37,1,1,171.78,1.3293,0.9927,3.42,S01_oil_blockshuf_neg_1x_seed9999_00001_.png
102,55a872aa7299,S04_gouache,6335032007,blockshuf_neg_2x,9999,0,55a872aa7299,1,1,-109.17,1.389,0.955,3.73,S04_gouache_blockshuf_neg_2x_seed9999_00001_.png
103,35064c0188c3,S05_pencil,9a68323a39,blockshuf_neg_1x,1337,0,35064c0188c3,0,0,28.79,1.5723,1.0387,0.79,S05_pencil_blockshuf_neg_1x_seed1337_00001_.png
104,c82e9da923e0,S05_pencil,9a68323a39,blockshuf_neg_1x,42,0,c82e9da923e0,1,0,-176.93,1.2206,1.1444,0.68,S05_pencil_blockshuf_neg_1x_seed42_00001_.png
105,9f3b2fb2c776,S07_comic,69f4e68eba,baseline,4242145,1,8018a80e7b21,1,0,17.23,0.6991,1.1479,2.07,S07_comic_baseline_seed4242145_00001_.png
106,2a48061cfd22,S10_synthwave,25147e923b,preset_pos_2x,1337,0,2a48061cfd22,1,1,62.29,1.2437,0.9347,2.85,S10_synthwave_preset_pos_2x_seed1337_00001_.png
107,7f375ed4ce93,S09_fresco,9e81add78f,blockshuf_neg_1x,1337,0,7f375ed4ce93,1,0,9.26,0.9817,1.1414,0.5,S09_fresco_blockshuf_neg_1x_seed1337_00001_.png
108,8112823804c5,S08_papercraft,17e466c859,preset_pos_2x,9999,0,8112823804c5,0,0,115.31,1.06,0.9689,2.43,S08_papercraft_preset_pos_2x_seed9999_00001_.png
109,9e7ecd127443,S01_oil,6de4189f5e,preset_pos_2x,42,0,9e7ecd127443,1,1,72.54,0.6174,0.9835,3.15,S01_oil_preset_pos_2x_seed42_00001_.png
110,d6e11fb14cfc,S07_comic,69f4e68eba,blockshuf_neg_2x,1337,0,d6e11fb14cfc,0,0,-33.82,0.6235,1.041,0.63,S07_comic_blockshuf_neg_2x_seed1337_00001_.png
111,c0663af56bab,S08_papercraft,17e466c859,preset_pos_2x,1337,0,c0663af56bab,0,1,155.3,0.8615,0.9515,3.28,S08_papercraft_preset_pos_2x_seed1337_00001_.png
112,a5ab18f1e07d,S02_linocut,e20e86ac75,baseline,1337,0,a5ab18f1e07d,0,1,77.91,0.828,0.8828,0.31,S02_linocut_baseline_seed1337_00001_.png
113,2b25ae9761e2,S08_papercraft,17e466c859,blockshuf_neg_2x,777,0,2b25ae9761e2,1,1,49.85,0.794,1.0149,3.5,S08_papercraft_blockshuf_neg_2x_seed777_00001_.png
114,29b78ab39f14,S03_cyberpunk,6ab02b69aa,preset_pos_2x,777,0,29b78ab39f14,0,0,39.56,0.8299,0.889,1.39,S03_cyberpunk_preset_pos_2x_seed777_00001_.png
115,fabc99507953,S01_oil,6de4189f5e,baseline,777,0,fabc99507953,1,0,-160.04,0.6626,0.8779,0.09,S01_oil_baseline_seed777_00001_.png
116,5ddf8cbe2ba1,S02_linocut,e20e86ac75,preset_pos_2x,9999,0,5ddf8cbe2ba1,1,0,-96.96,0.6641,0.9303,3.37,S02_linocut_preset_pos_2x_seed9999_00001_.png
117,4e10c5695ca5,S08_papercraft,17e466c859,baseline,1337,1,549fd90b33f0,0,1,157.13,0.9428,0.9125,2.97,S08_papercraft_baseline_seed1337_00001_.png
118,ba3f96ab2753,S10_synthwave,25147e923b,blockshuf_neg_1x,9999,0,ba3f96ab2753,0,0,-176.64,1.1653,1.1008,1.2,S10_synthwave_blockshuf_neg_1x_seed9999_00001_.png
119,4996f44d6860,S01_oil,6de4189f5e,blockshuf_neg_2x,4242145,0,4996f44d6860,0,0,-76.66,1.265,1.1071,3.64,S01_oil_blockshuf_neg_2x_seed4242145_00001_.png
120,74815f2c03a5,S01_oil,6de4189f5e,blockshuf_neg_2x,42,0,74815f2c03a5,0,1,35.32,0.7972,0.8746,2.64,S01_oil_blockshuf_neg_2x_seed42_00001_.png
121,73752a090164,S03_cyberpunk,6ab02b69aa,blockshuf_neg_1x,1337,0,73752a090164,1,1,134.11,1.5001,0.9757,3.3,S03_cyberpunk_blockshuf_neg_1x_seed1337_00001_.png
122,6dc34c64cc89,S09_fresco,9e81add78f,blockshuf_neg_2x,777,0,6dc34c64cc89,1,1,-117.78,1.1374,0.9053,1.73,S09_fresco_blockshuf_neg_2x_seed777_00001_.png
123,1e3cfcefcedf,S08_papercraft,17e466c859,blockshuf_neg_2x,42,0,1e3cfcefcedf,0,1,-118.01,1.5199,1.0731,3.79,S08_papercraft_blockshuf_neg_2x_seed42_00001_.png
124,549fd90b33f0,S08_papercraft,17e466c859,baseline,1337,0,549fd90b33f0,1,1,19.12,0.9878,0.92,3.31,S08_papercraft_baseline_seed1337_00001_.png
125,ae4519e4a246,S05_pencil,9a68323a39,baseline,4242145,0,ae4519e4a246,0,0,37.67,1.0258,0.8659,0.44,S05_pencil_baseline_seed4242145_00001_.png
126,8741ff11c898,S04_gouache,6335032007,blockshuf_neg_2x,777,0,8741ff11c898,0,1,-21.82,0.7711,0.8962,0.39,S04_gouache_blockshuf_neg_2x_seed777_00001_.png
127,2f7633bc2f9e,S05_pencil,9a68323a39,blockshuf_neg_1x,777,0,2f7633bc2f9e,0,1,-164.52,1.0135,1.0203,1.43,S05_pencil_blockshuf_neg_1x_seed777_00001_.png
128,ff0da955ae03,S09_fresco,9e81add78f,preset_pos_2x,4242145,0,ff0da955ae03,1,1,-163.58,1.0601,0.887,1.96,S09_fresco_preset_pos_2x_seed4242145_00001_.png
129,ef711f402d81,S03_cyberpunk,6ab02b69aa,preset_pos_2x,4242145,0,ef711f402d81,0,1,-13.69,1.478,1.0717,0.35,S03_cyberpunk_preset_pos_2x_seed4242145_00001_.png
130,b995c9edfd74,S04_gouache,6335032007,preset_pos_2x,1337,0,b995c9edfd74,1,1,-52.91,0.8846,0.9516,1.5,S04_gouache_preset_pos_2x_seed1337_00001_.png
131,feaabc1fd8fd,S07_comic,69f4e68eba,blockshuf_neg_1x,4242145,0,feaabc1fd8fd,0,0,16.05,1.3191,0.8891,2.12,S07_comic_blockshuf_neg_1x_seed4242145_00001_.png
132,fb441810d672,S09_fresco,9e81add78f,preset_pos_2x,777,0,fb441810d672,1,0,139.74,1.498,0.9017,0.11,S09_fresco_preset_pos_2x_seed777_00001_.png
133,14f81c363de9,S06_pastel,61861c7677,blockshuf_neg_1x,9999,0,14f81c363de9,0,0,-36.5,0.9637,0.9923,0.22,S06_pastel_blockshuf_neg_1x_seed9999_00001_.png
134,3d7d6c72e361,S06_pastel,61861c7677,baseline,4242145,0,3d7d6c72e361,0,1,125.87,0.8534,0.9982,3.08,S06_pastel_baseline_seed4242145_00001_.png
135,3ea09121810f,S03_cyberpunk,6ab02b69aa,blockshuf_neg_2x,9999,0,3ea09121810f,0,0,-22.99,1.4677,1.0811,3.6,S03_cyberpunk_blockshuf_neg_2x_seed9999_00001_.png
136,3e314ad5dc06,S05_pencil,9a68323a39,blockshuf_neg_2x,4242145,0,3e314ad5dc06,0,0,135.57,0.6268,0.9036,0.2,S05_pencil_blockshuf_neg_2x_seed4242145_00001_.png
137,12212d417911,S09_fresco,9e81add78f,baseline,9999,0,12212d417911,0,1,-177.93,0.7084,1.0539,3.02,S09_fresco_baseline_seed9999_00001_.png
138,dd3d06ac4c1f,S09_fresco,9e81add78f,baseline,42,0,dd3d06ac4c1f,1,0,-1.22,1.0189,1.1447,1.44,S09_fresco_baseline_seed42_00001_.png
139,a03e4201ed2f,S08_papercraft,17e466c859,blockshuf_neg_2x,1337,0,a03e4201ed2f,0,1,-76.87,0.8612,0.8792,3.68,S08_papercraft_blockshuf_neg_2x_seed1337_00001_.png
140,499d925a2ebf,S10_synthwave,25147e923b,preset_pos_2x,9999,0,499d925a2ebf,0,1,-122.94,1.1973,0.9065,3.03,S10_synthwave_preset_pos_2x_seed9999_00001_.png
141,fed81ba6d52c,S09_fresco,9e81add78f,baseline,4242145,0,fed81ba6d52c,1,1,-141.0,1.5769,0.8744,1.15,S09_fresco_baseline_seed4242145_00001_.png
142,27bd3046758a,S05_pencil,9a68323a39,baseline,4242145,1,ae4519e4a246,1,1,136.85,0.6365,1.0639,3.63,S05_pencil_baseline_seed4242145_00001_.png
143,6b6c555e5189,S10_synthwave,25147e923b,blockshuf_neg_2x,1337,0,6b6c555e5189,1,0,1.58,0.6694,0.9625,1.29,S10_synthwave_blockshuf_neg_2x_seed1337_00001_.png
144,5d07ec9a1866,S10_synthwave,25147e923b,baseline,777,0,5d07ec9a1866,1,1,-80.96,1.4893,1.1087,3.72,S10_synthwave_baseline_seed777_00001_.png
145,6b65c1fbf6ab,S06_pastel,61861c7677,baseline,1337,1,47a6381f0097,0,0,-6.01,0.9029,0.926,1.39,S06_pastel_baseline_seed1337_00001_.png
146,b9e6bf79dce6,S03_cyberpunk,6ab02b69aa,blockshuf_neg_1x,9999,0,b9e6bf79dce6,1,1,89.73,0.9512,1.1462,2.27,S03_cyberpunk_blockshuf_neg_1x_seed9999_00001_.png
147,5e605b1ae582,S04_gouache,6335032007,baseline,9999,0,5e605b1ae582,0,1,163.42,1.0676,0.8898,2.71,S04_gouache_baseline_seed9999_00001_.png
148,1f0a88ed21bd,S01_oil,6de4189f5e,baseline,777,1,fabc99507953,0,0,-76.58,1.2854,1.0859,2.73,S01_oil_baseline_seed777_00001_.png
149,a28115c37587,S07_comic,69f4e68eba,baseline,777,0,a28115c37587,1,0,39.65,1.0906,1.1199,0.74,S07_comic_baseline_seed777_00001_.png
150,e9137242c507,S06_pastel,61861c7677,preset_pos_2x,9999,0,e9137242c507,1,0,3.27,1.5177,1.0113,1.4,S06_pastel_preset_pos_2x_seed9999_00001_.png
151,bf4511689c47,S01_oil,6de4189f5e,preset_pos_2x,1337,0,bf4511689c47,0,1,-94.55,1.5585,0.865,0.73,S01_oil_preset_pos_2x_seed1337_00001_.png
152,f95730b9df37,S04_gouache,6335032007,preset_pos_2x,4242145,0,f95730b9df37,0,0,-136.5,1.4128,1.0181,1.57,S04_gouache_preset_pos_2x_seed4242145_00001_.png
153,7e0813835760,S03_cyberpunk,6ab02b69aa,baseline,1337,1,22bfe75ef216,0,0,-17.68,1.4931,1.0987,3.96,S03_cyberpunk_baseline_seed1337_00001_.png
154,a32eb71250d9,S05_pencil,9a68323a39,baseline,1337,0,a32eb71250d9,1,0,110.25,1.3789,0.9361,3.31,S05_pencil_baseline_seed1337_00001_.png
155,65633c1ba38d,S07_comic,69f4e68eba,preset_pos_2x,777,0,65633c1ba38d,1,1,63.26,1.1314,1.0101,3.23,S07_comic_preset_pos_2x_seed777_00001_.png
156,d10e4df04dd4,S10_synthwave,25147e923b,blockshuf_neg_2x,42,0,d10e4df04dd4,0,0,-100.23,1.0122,1.1065,2.81,S10_synthwave_blockshuf_neg_2x_seed42_00001_.png
157,e56b7a0587ad,S01_oil,6de4189f5e,preset_pos_2x,9999,0,e56b7a0587ad,1,1,14.82,1.546,1.0429,2.87,S01_oil_preset_pos_2x_seed9999_00001_.png
158,41b70a4545f2,S08_papercraft,17e466c859,baseline,777,0,41b70a4545f2,1,0,-65.24,1.4298,1.0952,2.38,S08_papercraft_baseline_seed777_00001_.png
159,f9e7b21e6b6e,S05_pencil,9a68323a39,blockshuf_neg_2x,777,0,f9e7b21e6b6e,1,1,-51.58,1.2503,1.0093,1.4,S05_pencil_blockshuf_neg_2x_seed777_00001_.png
160,9bb0c0ec174d,S08_papercraft,17e466c859,baseline,4242145,0,9bb0c0ec174d,0,1,146.86,0.6764,0.9049,0.95,S08_papercraft_baseline_seed4242145_00001_.png
161,4d020f77dd06,S08_papercraft,17e466c859,blockshuf_neg_2x,4242145,0,4d020f77dd06,1,0,-37.48,1.1498,0.9915,2.83,S08_papercraft_blockshuf_neg_2x_seed4242145_00001_.png
162,21af961584c9,S08_papercraft,17e466c859,blockshuf_neg_1x,42,0,21af961584c9,1,1,7.4,0.8417,0.9827,3.15,S08_papercraft_blockshuf_neg_1x_seed42_00001_.png
163,5c264918b874,S06_pastel,61861c7677,blockshuf_neg_2x,4242145,0,5c264918b874,1,1,38.75,1.376,0.9789,1.92,S06_pastel_blockshuf_neg_2x_seed4242145_00001_.png
164,f02ded303f4a,S04_gouache,6335032007,preset_pos_2x,42,0,f02ded303f4a,0,0,-73.78,0.8114,1.1434,1.88,S04_gouache_preset_pos_2x_seed42_00001_.png
165,adf791913d20,S06_pastel,61861c7677,blockshuf_neg_2x,777,0,adf791913d20,0,1,115.64,0.6681,1.0127,3.6,S06_pastel_blockshuf_neg_2x_seed777_00001_.png
166,8f62adbe3708,S09_fresco,9e81add78f,preset_pos_2x,1337,0,8f62adbe3708,1,1,6.29,1.0297,0.9711,0.78,S09_fresco_preset_pos_2x_seed1337_00001_.png
167,1f2c79349598,S04_gouache,6335032007,baseline,4242145,1,0ce3bdc49b6f,0,0,-72.09,1.3299,1.0757,2.05,S04_gouache_baseline_seed4242145_00001_.png
168,ecc20d62336f,S08_papercraft,17e466c859,preset_pos_2x,42,0,ecc20d62336f,0,0,57.83,1.2876,1.1198,3.78,S08_papercraft_preset_pos_2x_seed42_00001_.png
169,26c5e8d21ea2,S09_fresco,9e81add78f,blockshuf_neg_2x,4242145,0,26c5e8d21ea2,0,0,-170.91,0.9394,0.9396,3.75,S09_fresco_blockshuf_neg_2x_seed4242145_00001_.png
170,56ce19578c63,S06_pastel,61861c7677,preset_pos_2x,4242145,0,56ce19578c63,1,1,-150.62,0.8097,0.909,2.78,S06_pastel_preset_pos_2x_seed4242145_00001_.png
171,002fb4e347ce,S07_comic,69f4e68eba,blockshuf_neg_1x,9999,0,002fb4e347ce,0,1,-142.35,0.6925,1.0901,2.85,S07_comic_blockshuf_neg_1x_seed9999_00001_.png
172,a46fb4dfa4b7,S09_fresco,9e81add78f,preset_pos_2x,42,0,a46fb4dfa4b7,1,1,157.38,0.6785,1.0163,2.39,S09_fresco_preset_pos_2x_seed42_00001_.png
173,65b13599caa4,S04_gouache,6335032007,blockshuf_neg_1x,9999,0,65b13599caa4,1,1,84.71,0.7896,1.1113,2.19,S04_gouache_blockshuf_neg_1x_seed9999_00001_.png
174,c72c0e709f96,S07_comic,69f4e68eba,baseline,42,0,c72c0e709f96,0,0,18.54,0.7341,1.0571,2.29,S07_comic_baseline_seed42_00001_.png
175,d053850b417b,S02_linocut,e20e86ac75,blockshuf_neg_1x,777,0,d053850b417b,1,0,-74.02,1.3887,1.0572,1.0,S02_linocut_blockshuf_neg_1x_seed777_00001_.png
176,fa988a6fbd19,S02_linocut,e20e86ac75,blockshuf_neg_2x,777,0,fa988a6fbd19,1,1,-51.92,0.9424,0.9819,1.88,S02_linocut_blockshuf_neg_2x_seed777_00001_.png
177,307ff5b7e9a5,S06_pastel,61861c7677,baseline,777,0,307ff5b7e9a5,1,1,133.17,1.2783,1.0131,1.85,S06_pastel_baseline_seed777_00001_.png
178,e84573092097,S06_pastel,61861c7677,blockshuf_neg_1x,4242145,0,e84573092097,1,0,165.86,0.9368,1.0128,2.41,S06_pastel_blockshuf_neg_1x_seed4242145_00001_.png
179,e687f90ed339,S01_oil,6de4189f5e,blockshuf_neg_1x,4242145,0,e687f90ed339,0,0,-162.22,1.5577,1.0228,1.25,S01_oil_blockshuf_neg_1x_seed4242145_00001_.png
180,b49e9d58b910,S01_oil,6de4189f5e,blockshuf_neg_2x,777,0,b49e9d58b910,0,0,11.48,1.1367,0.9607,0.25,S01_oil_blockshuf_neg_2x_seed777_00001_.png
181,d744f2f64c39,S06_pastel,61861c7677,blockshuf_neg_1x,42,0,d744f2f64c39,0,1,115.67,1.1925,1.1482,0.2,S06_pastel_blockshuf_neg_1x_seed42_00001_.png
182,cb8c46bbc004,S10_synthwave,25147e923b,baseline,1337,0,cb8c46bbc004,1,0,67.25,1.3441,0.8833,0.69,S10_synthwave_baseline_seed1337_00001_.png
183,185b4400d07c,S01_oil,6de4189f5e,blockshuf_neg_2x,1337,0,185b4400d07c,1,1,21.35,0.9993,1.1325,0.8,S01_oil_blockshuf_neg_2x_seed1337_00001_.png
184,f9c6709c826f,S10_synthwave,25147e923b,baseline,9999,0,f9c6709c826f,0,0,59.88,0.9774,0.9184,1.58,S10_synthwave_baseline_seed9999_00001_.png
185,2da040e126ab,S08_papercraft,17e466c859,preset_pos_2x,777,0,2da040e126ab,1,0,130.15,1.5991,0.861,1.27,S08_papercraft_preset_pos_2x_seed777_00001_.png
186,7da1760a3163,S07_comic,69f4e68eba,baseline,9999,1,396d6d3960e9,0,0,-106.68,1.5526,0.8982,3.37,S07_comic_baseline_seed9999_00001_.png
187,31a2a390efff,S01_oil,6de4189f5e,blockshuf_neg_1x,1337,0,31a2a390efff,1,0,-113.6,1.0419,1.1118,3.07,S01_oil_blockshuf_neg_1x_seed1337_00001_.png
188,c749e9dcbfcd,S10_synthwave,25147e923b,baseline,4242145,0,c749e9dcbfcd,0,0,-41.94,1.2749,0.8818,3.54,S10_synthwave_baseline_seed4242145_00001_.png
189,5c1c57c8c90a,S04_gouache,6335032007,blockshuf_neg_1x,42,0,5c1c57c8c90a,0,1,55.8,1.364,1.1193,2.97,S04_gouache_blockshuf_neg_1x_seed42_00001_.png
190,005bbe2c22c1,S07_comic,69f4e68eba,blockshuf_neg_2x,9999,0,005bbe2c22c1,0,1,44.36,1.139,1.1162,2.76,S07_comic_blockshuf_neg_2x_seed9999_00001_.png
191,1d8812eda379,S01_oil,6de4189f5e,baseline,9999,0,1d8812eda379,0,1,-171.52,1.4251,1.0111,2.81,S01_oil_baseline_seed9999_00001_.png
192,6b5b8c5dc5d8,S02_linocut,e20e86ac75,baseline,777,1,0d485d19432f,0,1,-54.6,1.4922,1.0832,0.93,S02_linocut_baseline_seed777_00001_.png
193,40af44b7ef2d,S04_gouache,6335032007,blockshuf_neg_1x,4242145,0,40af44b7ef2d,1,1,-44.82,1.4533,1.0877,2.84,S04_gouache_blockshuf_neg_1x_seed4242145_00001_.png
194,0359926b1871,S09_fresco,9e81add78f,blockshuf_neg_2x,1337,0,0359926b1871,0,0,115.11,1.3219,0.9729,0.32,S09_fresco_blockshuf_neg_2x_seed1337_00001_.png
195,8ac5aa8df086,S09_fresco,9e81add78f,blockshuf_neg_1x,777,0,8ac5aa8df086,1,0,163.84,1.233,0.9751,1.34,S09_fresco_blockshuf_neg_1x_seed777_00001_.png
196,44280e73fb2a,S07_comic,69f4e68eba,blockshuf_neg_1x,42,0,44280e73fb2a,1,1,165.57,1.06,1.1281,1.32,S07_comic_blockshuf_neg_1x_seed42_00001_.png
197,e6f9a07de983,S04_gouache,6335032007,baseline,1337,0,e6f9a07de983,1,0,-95.73,1.0648,1.0741,0.91,S04_gouache_baseline_seed1337_00001_.png
198,52b0675e212b,S07_comic,69f4e68eba,preset_pos_2x,9999,0,52b0675e212b,0,0,9.23,1.2901,0.9353,1.9,S07_comic_preset_pos_2x_seed9999_00001_.png
199,4bdbfd375e1a,S10_synthwave,25147e923b,preset_pos_2x,42,0,4bdbfd375e1a,0,0,-139.3,1.5662,1.0727,3.33,S10_synthwave_preset_pos_2x_seed42_00001_.png
200,209b2c5715f5,S07_comic,69f4e68eba,baseline,1337,0,209b2c5715f5,0,1,7.76,0.602,1.0714,3.37,S07_comic_baseline_seed1337_00001_.png
201,c934608dce1a,S07_comic,69f4e68eba,blockshuf_neg_2x,42,0,c934608dce1a,1,0,155.1,0.6882,1.0023,0.97,S07_comic_blockshuf_neg_2x_seed42_00001_.png
202,f86705feff38,S02_linocut,e20e86ac75,blockshuf_neg_2x,9999,0,f86705feff38,0,0,62.79,1.5076,1.1056,2.61,S02_linocut_blockshuf_neg_2x_seed9999_00001_.png
203,922f25990138,S10_synthwave,25147e923b,blockshuf_neg_2x,777,0,922f25990138,0,0,63.3,1.2199,1.1435,1.83,S10_synthwave_blockshuf_neg_2x_seed777_00001_.png
204,e8359e9da943,S04_gouache,6335032007,blockshuf_neg_1x,777,0,e8359e9da943,1,1,-125.57,0.8923,1.1208,1.87,S04_gouache_blockshuf_neg_1x_seed777_00001_.png
205,69bd7e51caf3,S09_fresco,9e81add78f,baseline,777,1,3fa0840c66c9,0,0,133.99,0.9591,1.0099,3.97,S09_fresco_baseline_seed777_00001_.png
206,90d655d2ed98,S01_oil,6de4189f5e,preset_pos_2x,777,0,90d655d2ed98,1,0,-31.05,1.5799,0.9439,2.88,S01_oil_preset_pos_2x_seed777_00001_.png
207,413a7ca48513,S04_gouache,6335032007,blockshuf_neg_2x,1337,0,413a7ca48513,1,0,-173.86,0.7611,0.914,2.12,S04_gouache_blockshuf_neg_2x_seed1337_00001_.png
208,baa48baa8261,S03_cyberpunk,6ab02b69aa,blockshuf_neg_1x,42,0,baa48baa8261,0,0,22.48,0.8619,1.1071,1.64,S03_cyberpunk_blockshuf_neg_1x_seed42_00001_.png
209,ac7726e4cc25,S08_papercraft,17e466c859,blockshuf_neg_1x,9999,0,ac7726e4cc25,1,1,174.63,1.5319,0.9006,3.46,S08_papercraft_blockshuf_neg_1x_seed9999_00001_.png
210,cd9a7dae564b,S03_cyberpunk,6ab02b69aa,baseline,42,1,b6ca42067d86,1,1,54.9,1.3084,1.1041,3.03,S03_cyberpunk_baseline_seed42_00001_.png
211,c8538030eb57,S02_linocut,e20e86ac75,preset_pos_2x,777,0,c8538030eb57,0,1,80.12,1.1899,0.9035,0.3,S02_linocut_preset_pos_2x_seed777_00001_.png
212,b758e9654faa,S07_comic,69f4e68eba,blockshuf_neg_1x,777,0,b758e9654faa,1,1,-166.04,1.1404,1.1365,1.65,S07_comic_blockshuf_neg_1x_seed777_00001_.png
213,8f1ef41cc450,S05_pencil,9a68323a39,preset_pos_2x,4242145,0,8f1ef41cc450,1,0,-132.96,0.6669,0.8541,3.2,S05_pencil_preset_pos_2x_seed4242145_00001_.png
214,2ec566e9d681,S04_gouache,6335032007,blockshuf_neg_2x,4242145,0,2ec566e9d681,1,1,105.5,0.69,1.03,3.49,S04_gouache_blockshuf_neg_2x_seed4242145_00001_.png
215,cc6369924a7b,S07_comic,69f4e68eba,preset_pos_2x,1337,0,cc6369924a7b,1,0,-124.99,0.6144,1.106,2.6,S07_comic_preset_pos_2x_seed1337_00001_.png
216,8c1c9ad3cab5,S03_cyberpunk,6ab02b69aa,blockshuf_neg_2x,1337,0,8c1c9ad3cab5,1,0,151.99,1.121,1.1007,2.7,S03_cyberpunk_blockshuf_neg_2x_seed1337_00001_.png
217,1302c2c4e3ea,S03_cyberpunk,6ab02b69aa,preset_pos_2x,9999,0,1302c2c4e3ea,0,0,-2.99,0.9682,1.1315,3.41,S03_cyberpunk_preset_pos_2x_seed9999_00001_.png
218,f1d2fa8480c4,S08_papercraft,17e466c859,blockshuf_neg_2x,9999,0,f1d2fa8480c4,1,1,-119.9,1.1951,1.0194,2.59,S08_papercraft_blockshuf_neg_2x_seed9999_00001_.png
219,3d2388463d40,S09_fresco,9e81add78f,blockshuf_neg_2x,9999,0,3d2388463d40,0,1,52.06,1.4685,0.976,0.89,S09_fresco_blockshuf_neg_2x_seed9999_00001_.png
220,9f1336d48011,S08_papercraft,17e466c859,baseline,9999,1,8c21d89409b9,1,0,167.73,1.3789,1.0287,0.25,S08_papercraft_baseline_seed9999_00001_.png
